{
  "BLEU": 0.021343611174602845,
  "F1": 0.12622432329036598,
  "ROUGE-1": 0.0,
  "ROUGE-2": 0.0,
  "ROUGE-L": 0.0,
  "ACC": 0.28104575163398693,
  "length": 153
}