{
  "BLEU": 0.016528396815795654,
  "F1": 0.09626169206658959,
  "ROUGE-1": 0.0,
  "ROUGE-2": 0.0,
  "ROUGE-L": 0.0,
  "ACC": 0.20775193798449612,
  "length": 645
}