{
  "BLEU": 0.007101952009062304,
  "F1": 0.057118796142937585,
  "ROUGE-1": 0.05752220120241082,
  "ROUGE-2": 0.010839756870218395,
  "ROUGE-L": 0.041694658486267286,
  "ACC-prefix": 0.010810810810810811,
  "ACC-in": 0.02702702702702703,
  "length": 185
}