{
  "calculate": {
    "groups": {
      "K12_QA": {
        "BLEU": {
          "max": 0.039843305535162674,
          "median": 0.039843305535162674,
          "fine_grained_average": 0.039843305535162674,
          "coarse_grained_average": 0.039843305535162674
        },
        "F1": {
          "max": 0.18842232298486375,
          "median": 0.18842232298486375,
          "fine_grained_average": 0.18842232298486375,
          "coarse_grained_average": 0.18842232298486375
        },
        "ROUGE-1": {
          "max": 0.19176614062877148,
          "median": 0.19176614062877148,
          "fine_grained_average": 0.19176614062877148,
          "coarse_grained_average": 0.19176614062877148
        },
        "ROUGE-2": {
          "max": 0.054178666178611376,
          "median": 0.054178666178611376,
          "fine_grained_average": 0.054178666178611376,
          "coarse_grained_average": 0.054178666178611376
        },
        "ROUGE-L": {
          "max": 0.17604257194859957,
          "median": 0.17604257194859957,
          "fine_grained_average": 0.17604257194859957,
          "coarse_grained_average": 0.17604257194859957
        },
        "ACC-prefix": {
          "max": 0.005405405405405406,
          "median": 0.005405405405405406,
          "fine_grained_average": 0.005405405405405406,
          "coarse_grained_average": 0.005405405405405406
        },
        "ACC-in": {
          "max": 0.016216216216216217,
          "median": 0.016216216216216217,
          "fine_grained_average": 0.016216216216216217,
          "coarse_grained_average": 0.016216216216216217
        },
        "length": {
          "max": 185,
          "median": 185.0,
          "fine_grained_average": 185.0,
          "coarse_grained_average": 185.0
        }
      }
    },
    "overall": {
      "BLEU": {
        "max": 0.039843305535162674,
        "median": 0.039843305535162674,
        "fine_grained_average": 0.039843305535162674,
        "coarse_grained_average": 0.039843305535162674
      },
      "F1": {
        "max": 0.18842232298486375,
        "median": 0.18842232298486375,
        "fine_grained_average": 0.18842232298486375,
        "coarse_grained_average": 0.18842232298486375
      },
      "ROUGE-1": {
        "max": 0.19176614062877148,
        "median": 0.19176614062877148,
        "fine_grained_average": 0.19176614062877148,
        "coarse_grained_average": 0.19176614062877148
      },
      "ROUGE-2": {
        "max": 0.054178666178611376,
        "median": 0.054178666178611376,
        "fine_grained_average": 0.054178666178611376,
        "coarse_grained_average": 0.054178666178611376
      },
      "ROUGE-L": {
        "max": 0.17604257194859957,
        "median": 0.17604257194859957,
        "fine_grained_average": 0.17604257194859957,
        "coarse_grained_average": 0.17604257194859957
      },
      "ACC-prefix": {
        "max": 0.005405405405405406,
        "median": 0.005405405405405406,
        "fine_grained_average": 0.005405405405405406,
        "coarse_grained_average": 0.005405405405405406
      },
      "ACC-in": {
        "max": 0.016216216216216217,
        "median": 0.016216216216216217,
        "fine_grained_average": 0.016216216216216217,
        "coarse_grained_average": 0.016216216216216217
      },
      "length": {
        "max": 185,
        "median": 185.0,
        "fine_grained_average": 185.0,
        "coarse_grained_average": 185.0
      }
    }
  },
  "results": {
    "K12_QA": {
      "K12_QA.jsonl": {
        "BLEU": 0.039843305535162674,
        "F1": 0.18842232298486375,
        "ROUGE-1": 0.19176614062877148,
        "ROUGE-2": 0.054178666178611376,
        "ROUGE-L": 0.17604257194859957,
        "ACC-prefix": 0.005405405405405406,
        "ACC-in": 0.016216216216216217,
        "length": 185
      }
    }
  }
}