{
  "BLEU": 0.030342150150415456,
  "F1": 0.17372408293460925,
  "ROUGE-1": 0.17372408157789548,
  "ROUGE-2": 0.0,
  "ROUGE-L": 0.17372408157789548,
  "ACC-prefix": 0.04736842105263158,
  "ACC-in": 0.08421052631578947,
  "length": 190
}