{
  "BLEU": 0.01672512360761016,
  "F1": 0.11233211233211232,
  "ROUGE-1": 0.11233211139341735,
  "ROUGE-2": 0.05847953162203755,
  "ROUGE-L": 0.07000406906537501,
  "ACC-prefix": 0.0,
  "ACC-in": 0.0,
  "length": 9
}