{
  "BLEU": 0.07881406142482288,
  "F1": 0.23050797820657037,
  "ROUGE-1": 0.23050797688671001,
  "ROUGE-2": 0.09581039890169021,
  "ROUGE-L": 0.19259516779703967,
  "ACC-prefix": 0.03614457831325301,
  "ACC-in": 0.03614457831325301,
  "length": 83
}