{
  "BLEU": 0.002667241045767328,
  "F1": 0.014408793820558527,
  "ROUGE-1": 0.014520201903540617,
  "ROUGE-2": 0.0,
  "ROUGE-L": 0.014141414028114483,
  "ACC": 0.07575757575757576,
  "length": 66
}