{
  "BLEU": 0.001964068973271867,
  "F1": 0.02119186856028961,
  "ROUGE-1": 0.021191867444693986,
  "ROUGE-2": 0.0,
  "ROUGE-L": 0.021191867444693986,
  "ACC-prefix": 0.0,
  "ACC-in": 0.0,
  "length": 9
}