{
  "BLEU": 2.0101220881971015e-05,
  "F1": 0.0012076271186440676,
  "ROUGE-1": 0.0,
  "ROUGE-2": 0.0,
  "ROUGE-L": 0.0,
  "ACC-prefix": 0.0,
  "ACC-in": 0.0,
  "length": 59
}