{
  "calculate": {
    "groups": {
      "commonsense-qa_MUL": {
        "BLEU": {
          "max": 2.3656670858984656e-06,
          "median": 2.3656670858984656e-06,
          "fine_grained_average": 2.3656670858984656e-06,
          "coarse_grained_average": 2.3656670858984656e-06
        },
        "F1": {
          "max": 0.00016990909863223177,
          "median": 0.00016990909863223177,
          "fine_grained_average": 0.00016990909863223177,
          "coarse_grained_average": 0.00016990909863223177
        },
        "ROUGE-1": {
          "max": 0.0,
          "median": 0.0,
          "fine_grained_average": 0.0,
          "coarse_grained_average": 0.0
        },
        "ROUGE-2": {
          "max": 0.0,
          "median": 0.0,
          "fine_grained_average": 0.0,
          "coarse_grained_average": 0.0
        },
        "ROUGE-L": {
          "max": 0.0,
          "median": 0.0,
          "fine_grained_average": 0.0,
          "coarse_grained_average": 0.0
        },
        "ACC": {
          "max": 0.053691275167785234,
          "median": 0.053691275167785234,
          "fine_grained_average": 0.053691275167785234,
          "coarse_grained_average": 0.053691275167785234
        },
        "length": {
          "max": 149,
          "median": 149.0,
          "fine_grained_average": 149.0,
          "coarse_grained_average": 149.0
        }
      },
      "inference_MUL": {
        "BLEU": {
          "max": 3.467229289052555e-06,
          "median": 3.467229289052555e-06,
          "fine_grained_average": 3.467229289052555e-06,
          "coarse_grained_average": 3.467229289052555e-06
        },
        "F1": {
          "max": 0.0003077675240184733,
          "median": 0.0003077675240184733,
          "fine_grained_average": 0.0003077675240184733,
          "coarse_grained_average": 0.0003077675240184733
        },
        "ROUGE-1": {
          "max": 0.0,
          "median": 0.0,
          "fine_grained_average": 0.0,
          "coarse_grained_average": 0.0
        },
        "ROUGE-2": {
          "max": 0.0,
          "median": 0.0,
          "fine_grained_average": 0.0,
          "coarse_grained_average": 0.0
        },
        "ROUGE-L": {
          "max": 0.0,
          "median": 0.0,
          "fine_grained_average": 0.0,
          "coarse_grained_average": 0.0
        },
        "ACC": {
          "max": 0.09523809523809523,
          "median": 0.09523809523809523,
          "fine_grained_average": 0.09523809523809523,
          "coarse_grained_average": 0.09523809523809523
        },
        "length": {
          "max": 420,
          "median": 420.0,
          "fine_grained_average": 420.0,
          "coarse_grained_average": 420.0
        }
      },
      "math_MUL": {
        "BLEU": {
          "max": 4.085433732890933e-06,
          "median": 4.085433732890933e-06,
          "fine_grained_average": 4.085433732890933e-06,
          "coarse_grained_average": 4.085433732890933e-06
        },
        "F1": {
          "max": 0.00015255530129672004,
          "median": 0.00015255530129672004,
          "fine_grained_average": 0.00015255530129672004,
          "coarse_grained_average": 0.00015255530129672004
        },
        "ROUGE-1": {
          "max": 0.0,
          "median": 0.0,
          "fine_grained_average": 0.0,
          "coarse_grained_average": 0.0
        },
        "ROUGE-2": {
          "max": 0.0,
          "median": 0.0,
          "fine_grained_average": 0.0,
          "coarse_grained_average": 0.0
        },
        "ROUGE-L": {
          "max": 0.0,
          "median": 0.0,
          "fine_grained_average": 0.0,
          "coarse_grained_average": 0.0
        },
        "ACC": {
          "max": 0.06086956521739131,
          "median": 0.06086956521739131,
          "fine_grained_average": 0.06086956521739131,
          "coarse_grained_average": 0.06086956521739131
        },
        "length": {
          "max": 115,
          "median": 115.0,
          "fine_grained_average": 115.0,
          "coarse_grained_average": 115.0
        }
      },
      "real-world_MUL": {
        "BLEU": {
          "max": 0.0,
          "median": 0.0,
          "fine_grained_average": 0.0,
          "coarse_grained_average": 0.0
        },
        "F1": {
          "max": 0.0,
          "median": 0.0,
          "fine_grained_average": 0.0,
          "coarse_grained_average": 0.0
        },
        "ROUGE-1": {
          "max": 0.0,
          "median": 0.0,
          "fine_grained_average": 0.0,
          "coarse_grained_average": 0.0
        },
        "ROUGE-2": {
          "max": 0.0,
          "median": 0.0,
          "fine_grained_average": 0.0,
          "coarse_grained_average": 0.0
        },
        "ROUGE-L": {
          "max": 0.0,
          "median": 0.0,
          "fine_grained_average": 0.0,
          "coarse_grained_average": 0.0
        },
        "ACC": {
          "max": 0.17777777777777778,
          "median": 0.17777777777777778,
          "fine_grained_average": 0.17777777777777778,
          "coarse_grained_average": 0.17777777777777778
        },
        "length": {
          "max": 135,
          "median": 135.0,
          "fine_grained_average": 135.0,
          "coarse_grained_average": 135.0
        }
      },
      "science-qa_MUL": {
        "BLEU": {
          "max": 0.0,
          "median": 0.0,
          "fine_grained_average": 0.0,
          "coarse_grained_average": 0.0
        },
        "F1": {
          "max": 0.0,
          "median": 0.0,
          "fine_grained_average": 0.0,
          "coarse_grained_average": 0.0
        },
        "ROUGE-1": {
          "max": 0.0,
          "median": 0.0,
          "fine_grained_average": 0.0,
          "coarse_grained_average": 0.0
        },
        "ROUGE-2": {
          "max": 0.0,
          "median": 0.0,
          "fine_grained_average": 0.0,
          "coarse_grained_average": 0.0
        },
        "ROUGE-L": {
          "max": 0.0,
          "median": 0.0,
          "fine_grained_average": 0.0,
          "coarse_grained_average": 0.0
        },
        "ACC": {
          "max": 0.15702479338842976,
          "median": 0.15702479338842976,
          "fine_grained_average": 0.15702479338842976,
          "coarse_grained_average": 0.15702479338842976
        },
        "length": {
          "max": 121,
          "median": 121.0,
          "fine_grained_average": 121.0,
          "coarse_grained_average": 121.0
        }
      },
      "sentimental-analysis_MUL": {
        "BLEU": {
          "max": 0.0,
          "median": 0.0,
          "fine_grained_average": 0.0,
          "coarse_grained_average": 0.0
        },
        "F1": {
          "max": 0.0,
          "median": 0.0,
          "fine_grained_average": 0.0,
          "coarse_grained_average": 0.0
        },
        "ROUGE-1": {
          "max": 0.0,
          "median": 0.0,
          "fine_grained_average": 0.0,
          "coarse_grained_average": 0.0
        },
        "ROUGE-2": {
          "max": 0.0,
          "median": 0.0,
          "fine_grained_average": 0.0,
          "coarse_grained_average": 0.0
        },
        "ROUGE-L": {
          "max": 0.0,
          "median": 0.0,
          "fine_grained_average": 0.0,
          "coarse_grained_average": 0.0
        },
        "ACC": {
          "max": 0.017391304347826087,
          "median": 0.017391304347826087,
          "fine_grained_average": 0.017391304347826087,
          "coarse_grained_average": 0.017391304347826087
        },
        "length": {
          "max": 115,
          "median": 115.0,
          "fine_grained_average": 115.0,
          "coarse_grained_average": 115.0
        }
      }
    },
    "overall": {
      "BLEU": {
        "max": 4.085433732890933e-06,
        "median": 1.1828335429492328e-06,
        "fine_grained_average": 2.159758840268627e-06,
        "coarse_grained_average": 1.6530550179736587e-06
      },
      "F1": {
        "max": 0.0003077675240184733,