{
  "calculate": {
    "groups": {
      "factual-qa_QA": {
        "BLEU": {
          "max": 0.021823036161139613,
          "median": 0.021823036161139613,
          "fine_grained_average": 0.021823036161139613,
          "coarse_grained_average": 0.021823036161139613
        },
        "F1": {
          "max": 0.1111111111111111,
          "median": 0.1111111111111111,
          "fine_grained_average": 0.1111111111111111,
          "coarse_grained_average": 0.1111111111111111
        },
        "ROUGE-1": {
          "max": 0.11111111055555556,
          "median": 0.11111111055555556,
          "fine_grained_average": 0.11111111055555556,
          "coarse_grained_average": 0.11111111055555556
        },
        "ROUGE-2": {
          "max": 0.06944444388888889,
          "median": 0.06944444388888889,
          "fine_grained_average": 0.06944444388888889,
          "coarse_grained_average": 0.06944444388888889
        },
        "ROUGE-L": {
          "max": 0.06172839450617286,
          "median": 0.06172839450617286,
          "fine_grained_average": 0.06172839450617286,
          "coarse_grained_average": 0.06172839450617286
        },
        "ACC-prefix": {
          "max": 0.0,
          "median": 0.0,
          "fine_grained_average": 0.0,
          "coarse_grained_average": 0.0
        },
        "ACC-in": {
          "max": 0.0,
          "median": 0.0,
          "fine_grained_average": 0.0,
          "coarse_grained_average": 0.0
        },
        "length": {
          "max": 9,
          "median": 9.0,
          "fine_grained_average": 9.0,
          "coarse_grained_average": 9.0
        }
      },
      "logic_QA": {
        "BLEU": {
          "max": 0.1044134244407757,
          "median": 0.1044134244407757,
          "fine_grained_average": 0.1044134244407757,
          "coarse_grained_average": 0.1044134244407757
        },
        "F1": {
          "max": 0.20278986335179103,
          "median": 0.20278986335179103,
          "fine_grained_average": 0.20278986335179103,
          "coarse_grained_average": 0.20278986335179103
        },
        "ROUGE-1": {
          "max": 0.20278986215319053,
          "median": 0.20278986215319053,
          "fine_grained_average": 0.20278986215319053,
          "coarse_grained_average": 0.20278986215319053
        },
        "ROUGE-2": {
          "max": 0.13015249382580832,
          "median": 0.13015249382580832,
          "fine_grained_average": 0.13015249382580832,
          "coarse_grained_average": 0.13015249382580832
        },
        "ROUGE-L": {
          "max": 0.18786547600064732,
          "median": 0.18786547600064732,
          "fine_grained_average": 0.18786547600064732,
          "coarse_grained_average": 0.18786547600064732
        },
        "ACC-prefix": {
          "max": 0.0,
          "median": 0.0,
          "fine_grained_average": 0.0,
          "coarse_grained_average": 0.0
        },
        "ACC-in": {
          "max": 0.0,
          "median": 0.0,
          "fine_grained_average": 0.0,
          "coarse_grained_average": 0.0
        },
        "length": {
          "max": 83,
          "median": 83.0,
          "fine_grained_average": 83.0,
          "coarse_grained_average": 83.0
        }
      },
      "real-world_QA": {
        "BLEU": {
          "max": 0.010611667693695086,
          "median": 0.010611667693695086,
          "fine_grained_average": 0.010611667693695086,
          "coarse_grained_average": 0.010611667693695086
        },
        "F1": {
          "max": 0.06925267714741398,
          "median": 0.06925267714741398,
          "fine_grained_average": 0.06925267714741398,
          "coarse_grained_average": 0.06925267714741398
        },
        "ROUGE-1": {
          "max": 0.06925267670331056,
          "median": 0.06925267670331056,
          "fine_grained_average": 0.06925267670331056,
          "coarse_grained_average": 0.06925267670331056
        },
        "ROUGE-2": {
          "max": 0.0,
          "median": 0.0,
          "fine_grained_average": 0.0,
          "coarse_grained_average": 0.0
        },
        "ROUGE-L": {
          "max": 0.06925267670331056,
          "median": 0.06925267670331056,
          "fine_grained_average": 0.06925267670331056,
          "coarse_grained_average": 0.06925267670331056
        },
        "ACC-prefix": {
          "max": 0.042105263157894736,
          "median": 0.042105263157894736,
          "fine_grained_average": 0.042105263157894736,
          "coarse_grained_average": 0.042105263157894736
        },
        "ACC-in": {
          "max": 0.06842105263157895,
          "median": 0.06842105263157895,
          "fine_grained_average": 0.06842105263157895,
          "coarse_grained_average": 0.06842105263157895
        },
        "length": {
          "max": 190,
          "median": 190.0,
          "fine_grained_average": 190.0,
          "coarse_grained_average": 190.0
        }
      }
    },
    "overall": {
      "BLEU": {
        "max": 0.1044134244407757,
        "median": 0.021823036161139613,
        "fine_grained_average": 0.03857779580083938,
        "coarse_grained_average": 0.04561604276520347
      },
      "F1": {
        "max": 0.20278986335179103,
        "median": 0.1111111111111111,
        "fine_grained_average": 0.10989208268158622,
        "coarse_grained_average": 0.12771788387010538
      },
      "ROUGE-1": {
        "max": 0.20278986215319053,
        "median": 0.11111111055555556,
        "fine_grained_average": 0.10989208201185752,
        "coarse_grained_average": 0.12771788313735222
      },
      "ROUGE-2": {
        "max": 0.13015249382580832,
        "median": 0.06944444388888889,
        "fine_grained_average": 0.040523606321071236,
        "coarse_grained_average": 0.06653231257156574
      },
      "ROUGE-L": {
        "max": 0.18786547600064732,
        "median": 0.06925267670331056,
        "fine_grained_average": 0.10392339940510033,
        "coarse_grained_average": 0.1062821824033769
      },
      "ACC-prefix": {
        "max": 0.042105263157894736,
        "median": 0.0,
        "fine_grained_average": 0.028368794326241134,
        "coarse_grained_average": 0.014035087719298246
      },
      "ACC-in": {
        "max": 0.06842105263157895,
        "median": 0.0,
        "fine_grained_average": 0.04609929078014184,
        "coarse_grained_average": 0.02280701754385965
      },
      "length": {
        "max": 190,
        "median": 83.0,
        "fine_grained_average": 152.7304964539007,
        "coarse_grained_average": 94.0
      }
    }
  },
  "results": {
    "factual-qa_QA": {
      "factual-qa_QA.jsonl": {
        "BLEU": 0.021823036161139613,
        "F1": 0.1111111111111111,
        "ROUGE-1": 0.11111111055555556,
        "ROUGE-2": 0.06944444388888889,
        "ROUGE-L": 0.06172839450617286,
        "ACC-prefix": 0.0,
        "ACC-in": 0.0,
        "length": 9
      }
    },
    "logic_QA": {
      "logic_QA.jsonl": {
        "BLEU": 0.1044134244407757,
        "F1": 0.20278986335179103,
        "ROUGE-1": 0.20278986215319053,
        "ROUGE-2": 0.13015249382580832,
        "ROUGE-L": 0.18786547600064732,
        "ACC-prefix": 0.0,
        "ACC-in": 0.0,
        "length": 83
      }
    },
    "real-world_QA": {
      "real-world_QA.jsonl": {
        "BLEU": 0.010611667693695086,
        "F1": 0.06925267714741398,
        "ROUGE-1": 0.06925267670331056,
        "ROUGE-2": 0.0,
        "ROUGE-L": 0.06925267670331056,
        "ACC-prefix": 0.042105263157894736,
        "ACC-in": 0.06842105263157895,
        "length": 190
      }
    }
  }
}