{
  "calculate": {
    "groups": {
      "K12_MUL": {
        "BLEU": {
          "max": 0.006158139011645283,
          "median": 0.006158139011645283,
          "fine_grained_average": 0.006158139011645283,
          "coarse_grained_average": 0.006158139011645283
        },
        "F1": {
          "max": 0.03237163255356029,
          "median": 0.03237163255356029,
          "fine_grained_average": 0.03237163255356029,
          "coarse_grained_average": 0.03237163255356029
        },
        "ROUGE-1": {
          "max": 0.0,
          "median": 0.0,
          "fine_grained_average": 0.0,
          "coarse_grained_average": 0.0
        },
        "ROUGE-2": {
          "max": 0.0,
          "median": 0.0,
          "fine_grained_average": 0.0,
          "coarse_grained_average": 0.0
        },
        "ROUGE-L": {
          "max": 0.0,
          "median": 0.0,
          "fine_grained_average": 0.0,
          "coarse_grained_average": 0.0
        },
        "ACC": {
          "max": 0.05581395348837209,
          "median": 0.05581395348837209,
          "fine_grained_average": 0.05581395348837209,
          "coarse_grained_average": 0.05581395348837209
        },
        "length": {
          "max": 645,
          "median": 645.0,
          "fine_grained_average": 645.0,
          "coarse_grained_average": 645.0
        }
      },
      "chinese-gov-test_MUL": {
        "BLEU": {
          "max": 0.006763926822704185,
          "median": 0.006763926822704185,
          "fine_grained_average": 0.006763926822704185,
          "coarse_grained_average": 0.006763926822704185
        },
        "F1": {
          "max": 0.03604172910412826,
          "median": 0.03604172910412826,
          "fine_grained_average": 0.03604172910412826,
          "coarse_grained_average": 0.03604172910412826
        },
        "ROUGE-1": {
          "max": 0.0,
          "median": 0.0,
          "fine_grained_average": 0.0,
          "coarse_grained_average": 0.0
        },
        "ROUGE-2": {
          "max": 0.0,
          "median": 0.0,
          "fine_grained_average": 0.0,
          "coarse_grained_average": 0.0
        },
        "ROUGE-L": {
          "max": 0.0,
          "median": 0.0,
          "fine_grained_average": 0.0,
          "coarse_grained_average": 0.0
        },
        "ACC": {
          "max": 0.0784313725490196,
          "median": 0.0784313725490196,
          "fine_grained_average": 0.0784313725490196,
          "coarse_grained_average": 0.0784313725490196
        },
        "length": {
          "max": 153,
          "median": 153.0,
          "fine_grained_average": 153.0,
          "coarse_grained_average": 153.0
        }
      }
    },
    "overall": {
      "BLEU": {
        "max": 0.006763926822704185,
        "median": 0.006461032917174734,
        "fine_grained_average": 0.006274286298728005,
        "coarse_grained_average": 0.006461032917174734
      },
      "F1": {
        "max": 0.03604172910412826,
        "median": 0.034206680828844274,
        "fine_grained_average": 0.033075297681676705,
        "coarse_grained_average": 0.034206680828844274
      },
      "ROUGE-1": {
        "max": 0.0,
        "median": 0.0,
        "fine_grained_average": 0.0,
        "coarse_grained_average": 0.0
      },
      "ROUGE-2": {
        "max": 0.0,
        "median": 0.0,
        "fine_grained_average": 0.0,
        "coarse_grained_average": 0.0
      },
      "ROUGE-L": {
        "max": 0.0,
        "median": 0.0,
        "fine_grained_average": 0.0,
        "coarse_grained_average": 0.0
      },
      "ACC": {
        "max": 0.0784313725490196,
        "median": 0.06712266301869585,
        "fine_grained_average": 0.06015037593984962,
        "coarse_grained_average": 0.06712266301869585
      },
      "length": {
        "max": 645,
        "median": 399.0,
        "fine_grained_average": 550.6691729323309,
        "coarse_grained_average": 399.0
      }
    }
  },
  "results": {
    "K12_MUL": {
      "K12_MUL.jsonl": {
        "BLEU": 0.006158139011645283,
        "F1": 0.03237163255356029,
        "ROUGE-1": 0.0,
        "ROUGE-2": 0.0,
        "ROUGE-L": 0.0,
        "ACC": 0.05581395348837209,
        "length": 645
      }
    },
    "chinese-gov-test_MUL": {
      "chinese-gov-test_MUL.jsonl": {
        "BLEU": 0.006763926822704185,
        "F1": 0.03604172910412826,
        "ROUGE-1": 0.0,
        "ROUGE-2": 0.0,
        "ROUGE-L": 0.0,
        "ACC": 0.0784313725490196,
        "length": 153
      }
    }
  }
}