{
  "calculate": {
    "groups": {
      "K12_MUL": {
        "BLEU": {
          "max": 0.07430912046961412,
          "median": 0.07430912046961412,
          "fine_grained_average": 0.07430912046961412,
          "coarse_grained_average": 0.07430912046961412
        },
        "F1": {
          "max": 0.4182379721914605,
          "median": 0.4182379721914605,
          "fine_grained_average": 0.4182379721914605,
          "coarse_grained_average": 0.4182379721914605
        },
        "ROUGE-1": {
          "max": 0.0,
          "median": 0.0,
          "fine_grained_average": 0.0,
          "coarse_grained_average": 0.0
        },
        "ROUGE-2": {
          "max": 0.0,
          "median": 0.0,
          "fine_grained_average": 0.0,
          "coarse_grained_average": 0.0
        },
        "ROUGE-L": {
          "max": 0.0,
          "median": 0.0,
          "fine_grained_average": 0.0,
          "coarse_grained_average": 0.0
        },
        "ACC": {
          "max": 0.42170542635658914,
          "median": 0.42170542635658914,
          "fine_grained_average": 0.42170542635658914,
          "coarse_grained_average": 0.42170542635658914
        },
        "length": {
          "max": 645,
          "median": 645.0,
          "fine_grained_average": 645.0,
          "coarse_grained_average": 645.0
        }
      },
      "chinese-gov-test_MUL": {
        "BLEU": {
          "max": 0.051986624196552825,
          "median": 0.051986624196552825,
          "fine_grained_average": 0.051986624196552825,
          "coarse_grained_average": 0.051986624196552825
        },
        "F1": {
          "max": 0.2903545256486433,
          "median": 0.2903545256486433,
          "fine_grained_average": 0.2903545256486433,
          "coarse_grained_average": 0.2903545256486433
        },
        "ROUGE-1": {
          "max": 0.0,
          "median": 0.0,
          "fine_grained_average": 0.0,
          "coarse_grained_average": 0.0
        },
        "ROUGE-2": {
          "max": 0.0,
          "median": 0.0,
          "fine_grained_average": 0.0,
          "coarse_grained_average": 0.0
        },
        "ROUGE-L": {
          "max": 0.0,
          "median": 0.0,
          "fine_grained_average": 0.0,
          "coarse_grained_average": 0.0
        },
        "ACC": {
          "max": 0.3006535947712418,
          "median": 0.3006535947712418,
          "fine_grained_average": 0.3006535947712418,
          "coarse_grained_average": 0.3006535947712418
        },
        "length": {
          "max": 153,
          "median": 153.0,
          "fine_grained_average": 153.0,
          "coarse_grained_average": 153.0
        }
      }
    },
    "overall": {
      "BLEU": {
        "max": 0.07430912046961412,
        "median": 0.06314787233308347,
        "fine_grained_average": 0.07002924336462868,
        "coarse_grained_average": 0.06314787233308347
      },
      "F1": {
        "max": 0.4182379721914605,
        "median": 0.3542962489200519,
        "fine_grained_average": 0.3937189655234768,
        "coarse_grained_average": 0.3542962489200519
      },
      "ROUGE-1": {
        "max": 0.0,
        "median": 0.0,
        "fine_grained_average": 0.0,
        "coarse_grained_average": 0.0
      },
      "ROUGE-2": {
        "max": 0.0,
        "median": 0.0,
        "fine_grained_average": 0.0,
        "coarse_grained_average": 0.0
      },
      "ROUGE-L": {
        "max": 0.0,
        "median": 0.0,
        "fine_grained_average": 0.0,
        "coarse_grained_average": 0.0
      },
      "ACC": {
        "max": 0.42170542635658914,
        "median": 0.3611795105639155,
        "fine_grained_average": 0.39849624060150374,
        "coarse_grained_average": 0.3611795105639155
      },
      "length": {
        "max": 645,
        "median": 399.0,
        "fine_grained_average": 550.6691729323309,
        "coarse_grained_average": 399.0
      }
    }
  },
  "results": {
    "K12_MUL": {
      "K12_MUL.jsonl": {
        "BLEU": 0.07430912046961412,
        "F1": 0.4182379721914605,
        "ROUGE-1": 0.0,
        "ROUGE-2": 0.0,
        "ROUGE-L": 0.0,
        "ACC": 0.42170542635658914,
        "length": 645
      }
    },
    "chinese-gov-test_MUL": {
      "chinese-gov-test_MUL.jsonl": {
        "BLEU": 0.051986624196552825,
        "F1": 0.2903545256486433,
        "ROUGE-1": 0.0,
        "ROUGE-2": 0.0,
        "ROUGE-L": 0.0,
        "ACC": 0.3006535947712418,
        "length": 153
      }
    }
  }
}