{
  "BLEU": 0.03840541592385353,
  "F1": 0.2118067865274395,
  "ROUGE-1": 0.0,
  "ROUGE-2": 0.0,
  "ROUGE-L": 0.0,
  "ACC": 0.4263565891472868,
  "length": 645
}