{
  "BLEU": 0.02157995948808476,
  "F1": 0.11450604907040829,
  "ROUGE-1": 0.0,
  "ROUGE-2": 0.0,
  "ROUGE-L": 0.0,
  "ACC": 0.28104575163398693,
  "length": 153
}