{
  "calculate": {
    "groups": {
      "K12_MUL": {
        "BLEU": {
          "max": 0.0,
          "median": 0.0,
          "fine_grained_average": 0.0,
          "coarse_grained_average": 0.0
        },
        "F1": {
          "max": 0.0,
          "median": 0.0,
          "fine_grained_average": 0.0,
          "coarse_grained_average": 0.0
        },
        "ROUGE-1": {
          "max": 0.0,
          "median": 0.0,
          "fine_grained_average": 0.0,
          "coarse_grained_average": 0.0
        },
        "ROUGE-2": {
          "max": 0.0,
          "median": 0.0,
          "fine_grained_average": 0.0,
          "coarse_grained_average": 0.0
        },
        "ROUGE-L": {
          "max": 0.0,
          "median": 0.0,
          "fine_grained_average": 0.0,
          "coarse_grained_average": 0.0
        },
        "ACC": {
          "max": 0.19534883720930232,
          "median": 0.19534883720930232,
          "fine_grained_average": 0.19534883720930232,
          "coarse_grained_average": 0.19534883720930232
        },
        "length": {
          "max": 645,
          "median": 645.0,
          "fine_grained_average": 645.0,
          "coarse_grained_average": 645.0
        }
      },
      "chinese-gov-test_MUL": {
        "BLEU": {
          "max": 0.0011622741242084463,
          "median": 0.0011622741242084463,
          "fine_grained_average": 0.0011622741242084463,
          "coarse_grained_average": 0.0011622741242084463
        },
        "F1": {
          "max": 0.006535947712418301,
          "median": 0.006535947712418301,
          "fine_grained_average": 0.006535947712418301,
          "coarse_grained_average": 0.006535947712418301
        },
        "ROUGE-1": {
          "max": 0.0,
          "median": 0.0,
          "fine_grained_average": 0.0,
          "coarse_grained_average": 0.0
        },
        "ROUGE-2": {
          "max": 0.0,
          "median": 0.0,
          "fine_grained_average": 0.0,
          "coarse_grained_average": 0.0
        },
        "ROUGE-L": {
          "max": 0.0,
          "median": 0.0,
          "fine_grained_average": 0.0,
          "coarse_grained_average": 0.0
        },
        "ACC": {
          "max": 0.1568627450980392,
          "median": 0.1568627450980392,
          "fine_grained_average": 0.1568627450980392,
          "coarse_grained_average": 0.1568627450980392
        },
        "length": {
          "max": 153,
          "median": 153.0,
          "fine_grained_average": 153.0,
          "coarse_grained_average": 153.0
        }
      }
    },
    "overall": {
      "BLEU": {
        "max": 0.0011622741242084463,
        "median": 0.0005811370621042231,
        "fine_grained_average": 0.00022284203133319836,
        "coarse_grained_average": 0.0005811370621042231
      },
      "F1": {
        "max": 0.006535947712418301,
        "median": 0.0032679738562091504,
        "fine_grained_average": 0.0012531328320802004,
        "coarse_grained_average": 0.0032679738562091504
      },
      "ROUGE-1": {
        "max": 0.0,
        "median": 0.0,
        "fine_grained_average": 0.0,
        "coarse_grained_average": 0.0
      },
      "ROUGE-2": {
        "max": 0.0,
        "median": 0.0,
        "fine_grained_average": 0.0,
        "coarse_grained_average": 0.0
      },
      "ROUGE-L": {
        "max": 0.0,
        "median": 0.0,
        "fine_grained_average": 0.0,
        "coarse_grained_average": 0.0
      },
      "ACC": {
        "max": 0.19534883720930232,
        "median": 0.17610579115367075,
        "fine_grained_average": 0.18796992481203006,
        "coarse_grained_average": 0.17610579115367075
      },
      "length": {
        "max": 645,
        "median": 399.0,
        "fine_grained_average": 550.6691729323309,
        "coarse_grained_average": 399.0
      }
    }
  },
  "results": {
    "K12_MUL": {
      "K12_MUL.jsonl": {
        "BLEU": 0.0,
        "F1": 0.0,
        "ROUGE-1": 0.0,
        "ROUGE-2": 0.0,
        "ROUGE-L": 0.0,
        "ACC": 0.19534883720930232,
        "length": 645
      }
    },
    "chinese-gov-test_MUL": {
      "chinese-gov-test_MUL.jsonl": {
        "BLEU": 0.0011622741242084463,
        "F1": 0.006535947712418301,
        "ROUGE-1": 0.0,
        "ROUGE-2": 0.0,
        "ROUGE-L": 0.0,
        "ACC": 0.1568627450980392,
        "length": 153
      }
    }
  }
}