{
  "calculate": {
    "groups": {
      "commonsense-qa_MUL": {
        "BLEU": {
          "max": 0.022679576934815343,
          "median": 0.022679576934815343,
          "fine_grained_average": 0.022679576934815343,
          "coarse_grained_average": 0.022679576934815343
        },
        "F1": {
          "max": 0.12177871148459384,
          "median": 0.12177871148459384,
          "fine_grained_average": 0.12177871148459384,
          "coarse_grained_average": 0.12177871148459384
        },
        "ROUGE-1": {
          "max": 0.0,
          "median": 0.0,
          "fine_grained_average": 0.0,
          "coarse_grained_average": 0.0
        },
        "ROUGE-2": {
          "max": 0.0,
          "median": 0.0,
          "fine_grained_average": 0.0,
          "coarse_grained_average": 0.0
        },
        "ROUGE-L": {
          "max": 0.0,
          "median": 0.0,
          "fine_grained_average": 0.0,
          "coarse_grained_average": 0.0
        },
        "ACC": {
          "max": 0.2348993288590604,
          "median": 0.2348993288590604,
          "fine_grained_average": 0.2348993288590604,
          "coarse_grained_average": 0.2348993288590604
        },
        "length": {
          "max": 149,
          "median": 149.0,
          "fine_grained_average": 149.0,
          "coarse_grained_average": 149.0
        }
      },
      "inference_MUL": {
        "BLEU": {
          "max": 0.013359537798371776,
          "median": 0.013359537798371776,
          "fine_grained_average": 0.013359537798371776,
          "coarse_grained_average": 0.013359537798371776
        },
        "F1": {
          "max": 0.07397959183673469,
          "median": 0.07397959183673469,
          "fine_grained_average": 0.07397959183673469,
          "coarse_grained_average": 0.07397959183673469
        },
        "ROUGE-1": {
          "max": 0.0,
          "median": 0.0,
          "fine_grained_average": 0.0,
          "coarse_grained_average": 0.0
        },
        "ROUGE-2": {
          "max": 0.0,
          "median": 0.0,
          "fine_grained_average": 0.0,
          "coarse_grained_average": 0.0
        },
        "ROUGE-L": {
          "max": 0.0,
          "median": 0.0,
          "fine_grained_average": 0.0,
          "coarse_grained_average": 0.0
        },
        "ACC": {
          "max": 0.1,
          "median": 0.1,
          "fine_grained_average": 0.1,
          "coarse_grained_average": 0.1
        },
        "length": {
          "max": 420,
          "median": 420.0,
          "fine_grained_average": 420.0,
          "coarse_grained_average": 420.0
        }
      },
      "math_MUL": {
        "BLEU": {
          "max": 0.008640918541212224,
          "median": 0.008640918541212224,
          "fine_grained_average": 0.008640918541212224,
          "coarse_grained_average": 0.008640918541212224
        },
        "F1": {
          "max": 0.045693290422056075,
          "median": 0.045693290422056075,
          "fine_grained_average": 0.045693290422056075,
          "coarse_grained_average": 0.045693290422056075
        },
        "ROUGE-1": {
          "max": 0.0,
          "median": 0.0,
          "fine_grained_average": 0.0,
          "coarse_grained_average": 0.0
        },
        "ROUGE-2": {
          "max": 0.0,
          "median": 0.0,
          "fine_grained_average": 0.0,
          "coarse_grained_average": 0.0
        },
        "ROUGE-L": {
          "max": 0.0,
          "median": 0.0,
          "fine_grained_average": 0.0,
          "coarse_grained_average": 0.0
        },
        "ACC": {
          "max": 0.16521739130434782,
          "median": 0.16521739130434782,
          "fine_grained_average": 0.16521739130434782,
          "coarse_grained_average": 0.16521739130434782
        },
        "length": {
          "max": 115,
          "median": 115.0,
          "fine_grained_average": 115.0,
          "coarse_grained_average": 115.0
        }
      },
      "real-world_MUL": {
        "BLEU": {
          "max": 0.08470393334016199,
          "median": 0.08470393334016199,
          "fine_grained_average": 0.08470393334016199,
          "coarse_grained_average": 0.08470393334016199
        },
        "F1": {
          "max": 0.4776014109347443,
          "median": 0.4776014109347443,
          "fine_grained_average": 0.4776014109347443,
          "coarse_grained_average": 0.4776014109347443
        },
        "ROUGE-1": {
          "max": 0.0,
          "median": 0.0,
          "fine_grained_average": 0.0,
          "coarse_grained_average": 0.0
        },
        "ROUGE-2": {
          "max": 0.0,
          "median": 0.0,
          "fine_grained_average": 0.0,
          "coarse_grained_average": 0.0
        },
        "ROUGE-L": {
          "max": 0.0,
          "median": 0.0,
          "fine_grained_average": 0.0,
          "coarse_grained_average": 0.0
        },
        "ACC": {
          "max": 0.5037037037037037,
          "median": 0.5037037037037037,
          "fine_grained_average": 0.5037037037037037,
          "coarse_grained_average": 0.5037037037037037
        },
        "length": {
          "max": 135,
          "median": 135.0,
          "fine_grained_average": 135.0,
          "coarse_grained_average": 135.0
        }
      },
      "science-qa_MUL": {
        "BLEU": {
          "max": 0.07094672659009701,
          "median": 0.07094672659009701,
          "fine_grained_average": 0.07094672659009701,
          "coarse_grained_average": 0.07094672659009701
        },
        "F1": {
          "max": 0.39979338842975204,
          "median": 0.39979338842975204,
          "fine_grained_average": 0.39979338842975204,
          "coarse_grained_average": 0.39979338842975204
        },
        "ROUGE-1": {
          "max": 0.0,
          "median": 0.0,
          "fine_grained_average": 0.0,
          "coarse_grained_average": 0.0
        },
        "ROUGE-2": {
          "max": 0.0,
          "median": 0.0,
          "fine_grained_average": 0.0,
          "coarse_grained_average": 0.0
        },
        "ROUGE-L": {
          "max": 0.0,
          "median": 0.0,
          "fine_grained_average": 0.0,
          "coarse_grained_average": 0.0
        },
        "ACC": {
          "max": 0.4132231404958678,
          "median": 0.4132231404958678,
          "fine_grained_average": 0.4132231404958678,
          "coarse_grained_average": 0.4132231404958678
        },
        "length": {
          "max": 121,
          "median": 121.0,
          "fine_grained_average": 121.0,
          "coarse_grained_average": 121.0
        }
      },
      "sentimental-analysis_MUL": {
        "BLEU": {
          "max": 0.027172556277769596,
          "median": 0.027172556277769596,
          "fine_grained_average": 0.027172556277769596,
          "coarse_grained_average": 0.027172556277769596
        },
        "F1": {
          "max": 0.15516563146997933,
          "median": 0.15516563146997933,
          "fine_grained_average": 0.15516563146997933,
          "coarse_grained_average": 0.15516563146997933
        },
        "ROUGE-1": {
          "max": 0.0,
          "median": 0.0,
          "fine_grained_average": 0.0,
          "coarse_grained_average": 0.0
        },
        "ROUGE-2": {
          "max": 0.0,
          "median": 0.0,
          "fine_grained_average": 0.0,
          "coarse_grained_average": 0.0
        },
        "ROUGE-L": {
          "max": 0.0,
          "median": 0.0,
          "fine_grained_average": 0.0,
          "coarse_grained_average": 0.0
        },
        "ACC": {
          "max": 0.26956521739130435,
          "median": 0.26956521739130435,
          "fine_grained_average": 0.26956521739130435,
          "coarse_grained_average": 0.26956521739130435
        },
        "length": {
          "max": 115,
          "median": 115.0,
          "fine_grained_average": 115.0,
          "coarse_grained_average": 115.0
        }
      }
    },