{
  "BLEU": 0.017515641088951327,
  "F1": 0.12000153592144548,
  "ROUGE-1": 0.12466456032437295,
  "ROUGE-2": 0.01590290408727569,
  "ROUGE-L": 0.10772134646482127,
  "ACC-prefix": 0.0,
  "ACC-in": 0.005405405405405406,
  "length": 185
}