{
  "BLEU": 0.018723199452909907,
  "F1": 0.08426666666666666,
  "ROUGE-1": 0.0,
  "ROUGE-2": 0.0,
  "ROUGE-L": 0.0,
  "ACC": 0.208,
  "length": 125
}