{
  "BLEU": 0.01948516491705319,
  "F1": 0.09982320141438868,
  "ROUGE-1": 0.0,
  "ROUGE-2": 0.0,
  "ROUGE-L": 0.0,
  "ACC": 0.14035087719298245,
  "length": 114
}