{
  "BLEU": 0.048439825943570866,
  "F1": 0.2440940513270725,
  "ROUGE-1": 0.0,
  "ROUGE-2": 0.0,
  "ROUGE-L": 0.0,
  "ACC": 0.86,
  "length": 100
}