{
  "BLEU": 0.022717848574185164,
  "F1": 0.10816803022685376,
  "ROUGE-1": 0.0,
  "ROUGE-2": 0.0,
  "ROUGE-L": 0.0,
  "ACC": 0.2549019607843137,
  "length": 153
}