{
  "BLEU": 0.034759971094260586,
  "F1": 0.16148020941409372,
  "ROUGE-1": 0.0,
  "ROUGE-2": 0.0,
  "ROUGE-L": 0.0,
  "ACC": 0.371900826446281,
  "length": 121
}