{
  "BLEU": 0.003580234189377633,
  "F1": 0.024710565236629668,
  "ROUGE-1": 0.0,
  "ROUGE-2": 0.0,
  "ROUGE-L": 0.0,
  "ACC": 0.1179245283018868,
  "length": 424
}