{
  "BLEU": 0.022849634974650125,
  "F1": 0.12639227212644366,
  "ROUGE-1": 0.0,
  "ROUGE-2": 0.0,
  "ROUGE-L": 0.0,
  "ACC": 0.4351145038167939,
  "length": 131
}