{
  "BLEU": 4.085433732890933e-06,
  "F1": 0.00015255530129672004,
  "ROUGE-1": 0.0,
  "ROUGE-2": 0.0,
  "ROUGE-L": 0.0,
  "ACC": 0.06086956521739131,
  "length": 115
}