{
  "BLEU": 2.3656670858984656e-06,
  "F1": 0.00016990909863223177,
  "ROUGE-1": 0.0,
  "ROUGE-2": 0.0,
  "ROUGE-L": 0.0,
  "ACC": 0.053691275167785234,
  "length": 149
}