{
  "BLEU": 3.467229289052555e-06,
  "F1": 0.0003077675240184733,
  "ROUGE-1": 0.0,
  "ROUGE-2": 0.0,
  "ROUGE-L": 0.0,
  "ACC": 0.09523809523809523,
  "length": 420
}