{
  "BLEU": 0.01899812303870475,
  "F1": 0.10152505446623092,
  "ROUGE-1": 0.0,
  "ROUGE-2": 0.0,
  "ROUGE-L": 0.0,
  "ACC": 0.1895424836601307,
  "length": 153
}