{
  "BLEU": 0.008910887964615519,
  "F1": 0.04856330776142097,
  "ROUGE-1": 0.0,
  "ROUGE-2": 0.0,
  "ROUGE-L": 0.0,
  "ACC": 0.1179245283018868,
  "length": 424
}