{
  "BLEU": 0.014002316315368094,
  "F1": 0.0774022340916676,
  "ROUGE-1": 0.0,
  "ROUGE-2": 0.0,
  "ROUGE-L": 0.0,
  "ACC": 0.21374045801526717,
  "length": 131
}