{
  "BLEU": 0.01647369089080033,
  "F1": 0.08760330578512396,
  "ROUGE-1": 0.0,
  "ROUGE-2": 0.0,
  "ROUGE-L": 0.0,
  "ACC": 0.2727272727272727,
  "length": 121
}