{
  "BLEU": 0.08932969321441345,
  "F1": 0.49900000000000005,
  "ROUGE-1": 0.0,
  "ROUGE-2": 0.0,
  "ROUGE-L": 0.0,
  "ACC": 0.57,
  "length": 100
}