{
  "BLEU": 0.010535429688675406,
  "F1": 0.05906432748538012,
  "ROUGE-1": 0.0,
  "ROUGE-2": 0.0,
  "ROUGE-L": 0.0,
  "ACC": 0.07894736842105263,
  "length": 114
}