{
  "BLEU": 0.020239392950623308,
  "F1": 0.11030110049717892,
  "ROUGE-1": 0.0,
  "ROUGE-2": 0.0,
  "ROUGE-L": 0.0,
  "ACC": 0.13725490196078433,
  "length": 153
}