{
  "BLEU": 0.014778769049212536,
  "F1": 0.08144253984829261,
  "ROUGE-1": 0.0,
  "ROUGE-2": 0.0,
  "ROUGE-L": 0.0,
  "ACC": 0.10697674418604651,
  "length": 645
}