{
  "BLEU": 0.017883085652835844,
  "F1": 0.08870567094762431,
  "ROUGE-1": 0.0,
  "ROUGE-2": 0.0,
  "ROUGE-L": 0.0,
  "ACC": 0.16981132075471697,
  "length": 424
}