{
  "BLEU": 0.024901216317519608,
  "F1": 0.13278236914600547,
  "ROUGE-1": 0.0,
  "ROUGE-2": 0.0,
  "ROUGE-L": 0.0,
  "ACC": 0.2644628099173554,
  "length": 121
}