{
  "BLEU": 0.041447422554019876,
  "F1": 0.21826674262723395,
  "ROUGE-1": 0.0,
  "ROUGE-2": 0.0,
  "ROUGE-L": 0.0,
  "ACC": 0.3006535947712418,
  "length": 153
}