{
  "BLEU": 0.015729926459669766,
  "F1": 0.08420356446672235,
  "ROUGE-1": 0.0,
  "ROUGE-2": 0.0,
  "ROUGE-L": 0.0,
  "ACC": 0.21052631578947367,
  "length": 114
}