{
  "BLEU": 0.012515744838112356,
  "F1": 0.06940693094262919,
  "ROUGE-1": 0.0,
  "ROUGE-2": 0.0,
  "ROUGE-L": 0.0,
  "ACC": 0.3282442748091603,
  "length": 131
}