{
  "BLEU": 0.00683018701133799,
  "F1": 0.03666666666666667,
  "ROUGE-1": 0.0,
  "ROUGE-2": 0.0,
  "ROUGE-L": 0.0,
  "ACC": 0.14,
  "length": 100
}