{
  "calculate": {
    "groups": {
      "factual-qa_QA": {
        "BLEU": {
          "max": 0.023047274248828513,
          "median": 0.023047274248828513,
          "fine_grained_average": 0.023047274248828513,
          "coarse_grained_average": 0.023047274248828513
        },
        "F1": {
          "max": 0.1282051282051282,
          "median": 0.1282051282051282,
          "fine_grained_average": 0.1282051282051282,
          "coarse_grained_average": 0.1282051282051282
        },
        "ROUGE-1": {
          "max": 0.12820512725509536,
          "median": 0.12820512725509536,
          "fine_grained_average": 0.12820512725509536,
          "coarse_grained_average": 0.12820512725509536
        },
        "ROUGE-2": {
          "max": 0.06944444388888889,
          "median": 0.06944444388888889,
          "fine_grained_average": 0.06944444388888889,
          "coarse_grained_average": 0.06944444388888889
        },
        "ROUGE-L": {
          "max": 0.07882241120571264,
          "median": 0.07882241120571264,
          "fine_grained_average": 0.07882241120571264,
          "coarse_grained_average": 0.07882241120571264
        },
        "ACC-prefix": {
          "max": 0.0,
          "median": 0.0,
          "fine_grained_average": 0.0,
          "coarse_grained_average": 0.0
        },
        "ACC-in": {
          "max": 0.0,
          "median": 0.0,
          "fine_grained_average": 0.0,
          "coarse_grained_average": 0.0
        },
        "length": {
          "max": 9,
          "median": 9.0,
          "fine_grained_average": 9.0,
          "coarse_grained_average": 9.0
        }
      },
      "logic_QA": {
        "BLEU": {
          "max": 0.08448105412025131,
          "median": 0.08448105412025131,
          "fine_grained_average": 0.08448105412025131,
          "coarse_grained_average": 0.08448105412025131
        },
        "F1": {
          "max": 0.2661648169352006,
          "median": 0.2661648169352006,
          "fine_grained_average": 0.2661648169352006,
          "coarse_grained_average": 0.2661648169352006
        },
        "ROUGE-1": {
          "max": 0.26616481543931775,
          "median": 0.26616481543931775,
          "fine_grained_average": 0.26616481543931775,
          "coarse_grained_average": 0.26616481543931775
        },
        "ROUGE-2": {
          "max": 0.10532352230451268,
          "median": 0.10532352230451268,
          "fine_grained_average": 0.10532352230451268,
          "coarse_grained_average": 0.10532352230451268
        },
        "ROUGE-L": {
          "max": 0.23061461234233685,
          "median": 0.23061461234233685,
          "fine_grained_average": 0.23061461234233685,
          "coarse_grained_average": 0.23061461234233685
        },
        "ACC-prefix": {
          "max": 0.060240963855421686,
          "median": 0.060240963855421686,
          "fine_grained_average": 0.060240963855421686,
          "coarse_grained_average": 0.060240963855421686
        },
        "ACC-in": {
          "max": 0.060240963855421686,
          "median": 0.060240963855421686,
          "fine_grained_average": 0.060240963855421686,
          "coarse_grained_average": 0.060240963855421686
        },
        "length": {
          "max": 83,
          "median": 83.0,
          "fine_grained_average": 83.0,
          "coarse_grained_average": 83.0
        }
      },
      "real-world_QA": {
        "BLEU": {
          "max": 0.02821122835372569,
          "median": 0.02821122835372569,
          "fine_grained_average": 0.02821122835372569,
          "coarse_grained_average": 0.02821122835372569
        },
        "F1": {
          "max": 0.16743750401645138,
          "median": 0.16743750401645138,
          "fine_grained_average": 0.16743750401645138,
          "coarse_grained_average": 0.16743750401645138
        },
        "ROUGE-1": {
          "max": 0.16743750275641672,
          "median": 0.16743750275641672,
          "fine_grained_average": 0.16743750275641672,
          "coarse_grained_average": 0.16743750275641672
        },
        "ROUGE-2": {
          "max": 0.010526315719298247,
          "median": 0.010526315719298247,
          "fine_grained_average": 0.010526315719298247,
          "coarse_grained_average": 0.010526315719298247
        },
        "ROUGE-L": {
          "max": 0.16743750275641672,
          "median": 0.16743750275641672,
          "fine_grained_average": 0.16743750275641672,
          "coarse_grained_average": 0.16743750275641672
        },
        "ACC-prefix": {
          "max": 0.06842105263157895,
          "median": 0.06842105263157895,
          "fine_grained_average": 0.06842105263157895,
          "coarse_grained_average": 0.06842105263157895
        },
        "ACC-in": {
          "max": 0.07368421052631578,
          "median": 0.07368421052631578,
          "fine_grained_average": 0.07368421052631578,
          "coarse_grained_average": 0.07368421052631578
        },
        "length": {
          "max": 190,
          "median": 190.0,
          "fine_grained_average": 190.0,
          "coarse_grained_average": 190.0
        }
      }
    },
    "overall": {
      "BLEU": {
        "max": 0.08448105412025131,
        "median": 0.02821122835372569,
        "fine_grained_average": 0.044608107614993606,
        "coarse_grained_average": 0.04524651890760184
      },
      "F1": {
        "max": 0.2661648169352006,
        "median": 0.16743750401645138,
        "fine_grained_average": 0.19524344582479988,
        "coarse_grained_average": 0.18726914971892672
      },
      "ROUGE-1": {
        "max": 0.26616481543931775,
        "median": 0.16743750275641672,
        "fine_grained_average": 0.19524344450524259,
        "coarse_grained_average": 0.18726914848360995
      },
      "ROUGE-2": {
        "max": 0.10532352230451268,
        "median": 0.06944444388888889,
        "fine_grained_average": 0.04030798699624546,
        "coarse_grained_average": 0.061764760637566606
      },
      "ROUGE-L": {
        "max": 0.23061461234233685,
        "median": 0.16743750275641672,
        "fine_grained_average": 0.18320404272689556,
        "coarse_grained_average": 0.15895817543482207
      },
      "ACC-prefix": {
        "max": 0.06842105263157895,
        "median": 0.060240963855421686,
        "fine_grained_average": 0.06382978723404255,
        "coarse_grained_average": 0.04288733882900022
      },
      "ACC-in": {
        "max": 0.07368421052631578,
        "median": 0.060240963855421686,
        "fine_grained_average": 0.0673758865248227,
        "coarse_grained_average": 0.044641724793912485
      },
      "length": {
        "max": 190,
        "median": 83.0,
        "fine_grained_average": 152.7304964539007,
        "coarse_grained_average": 94.0
      }
    }
  },
  "results": {
    "factual-qa_QA": {
      "factual-qa_QA.jsonl": {
        "BLEU": 0.023047274248828513,
        "F1": 0.1282051282051282,
        "ROUGE-1": 0.12820512725509536,
        "ROUGE-2": 0.06944444388888889,
        "ROUGE-L": 0.07882241120571264,
        "ACC-prefix": 0.0,
        "ACC-in": 0.0,
        "length": 9
      }
    },
    "logic_QA": {
      "logic_QA.jsonl": {
        "BLEU": 0.08448105412025131,
        "F1": 0.2661648169352006,
        "ROUGE-1": 0.26616481543931775,
        "ROUGE-2": 0.10532352230451268,
        "ROUGE-L": 0.23061461234233685,
        "ACC-prefix": 0.060240963855421686,
        "ACC-in": 0.060240963855421686,
        "length": 83
      }
    },
    "real-world_QA": {
      "real-world_QA.jsonl": {
        "BLEU": 0.02821122835372569,
        "F1": 0.16743750401645138,
        "ROUGE-1": 0.16743750275641672,
        "ROUGE-2": 0.010526315719298247,
        "ROUGE-L": 0.16743750275641672,
        "ACC-prefix": 0.06842105263157895,
        "ACC-in": 0.07368421052631578,
        "length": 190
      }
    }
  }
}