{
  "BLEU": 0.03294241064858314,
  "F1": 0.14772727272727273,
  "ROUGE-1": 0.14772727169034092,
  "ROUGE-2": 0.0,
  "ROUGE-L": 0.14772727169034092,
  "ACC": 0.21212121212121213,
  "length": 66
}