{
  "calculate": {
    "groups": {
      "K12_MUL": {
        "BLEU": {
          "max": 0.03840541592385353,
          "median": 0.03840541592385353,
          "fine_grained_average": 0.03840541592385353,
          "coarse_grained_average": 0.03840541592385353
        },
        "F1": {
          "max": 0.2118067865274395,
          "median": 0.2118067865274395,
          "fine_grained_average": 0.2118067865274395,
          "coarse_grained_average": 0.2118067865274395
        },
        "ROUGE-1": {
          "max": 0.0,
          "median": 0.0,
          "fine_grained_average": 0.0,
          "coarse_grained_average": 0.0
        },
        "ROUGE-2": {
          "max": 0.0,
          "median": 0.0,
          "fine_grained_average": 0.0,
          "coarse_grained_average": 0.0
        },
        "ROUGE-L": {
          "max": 0.0,
          "median": 0.0,
          "fine_grained_average": 0.0,
          "coarse_grained_average": 0.0
        },
        "ACC": {
          "max": 0.4263565891472868,
          "median": 0.4263565891472868,
          "fine_grained_average": 0.4263565891472868,
          "coarse_grained_average": 0.4263565891472868
        },
        "length": {
          "max": 645,
          "median": 645.0,
          "fine_grained_average": 645.0,
          "coarse_grained_average": 645.0
        }
      },
      "chinese-gov-test_MUL": {
        "BLEU": {
          "max": 0.02157995948808476,
          "median": 0.02157995948808476,
          "fine_grained_average": 0.02157995948808476,
          "coarse_grained_average": 0.02157995948808476
        },
        "F1": {
          "max": 0.11450604907040829,
          "median": 0.11450604907040829,
          "fine_grained_average": 0.11450604907040829,
          "coarse_grained_average": 0.11450604907040829
        },
        "ROUGE-1": {
          "max": 0.0,
          "median": 0.0,
          "fine_grained_average": 0.0,
          "coarse_grained_average": 0.0
        },
        "ROUGE-2": {
          "max": 0.0,
          "median": 0.0,
          "fine_grained_average": 0.0,
          "coarse_grained_average": 0.0
        },
        "ROUGE-L": {
          "max": 0.0,
          "median": 0.0,
          "fine_grained_average": 0.0,
          "coarse_grained_average": 0.0
        },
        "ACC": {
          "max": 0.28104575163398693,
          "median": 0.28104575163398693,
          "fine_grained_average": 0.28104575163398693,
          "coarse_grained_average": 0.28104575163398693
        },
        "length": {
          "max": 153,
          "median": 153.0,
          "fine_grained_average": 153.0,
          "coarse_grained_average": 153.0
        }
      }
    },
    "overall": {
      "BLEU": {
        "max": 0.03840541592385353,
        "median": 0.02999268770596914,
        "fine_grained_average": 0.03517948254707079,
        "coarse_grained_average": 0.02999268770596914
      },
      "F1": {
        "max": 0.2118067865274395,
        "median": 0.1631564177989239,
        "fine_grained_average": 0.1931513819774072,
        "coarse_grained_average": 0.1631564177989239
      },
      "ROUGE-1": {
        "max": 0.0,
        "median": 0.0,
        "fine_grained_average": 0.0,
        "coarse_grained_average": 0.0
      },
      "ROUGE-2": {
        "max": 0.0,
        "median": 0.0,
        "fine_grained_average": 0.0,
        "coarse_grained_average": 0.0
      },
      "ROUGE-L": {
        "max": 0.0,
        "median": 0.0,
        "fine_grained_average": 0.0,
        "coarse_grained_average": 0.0
      },
      "ACC": {
        "max": 0.4263565891472868,
        "median": 0.35370117039063687,
        "fine_grained_average": 0.39849624060150374,
        "coarse_grained_average": 0.35370117039063687
      },
      "length": {
        "max": 645,
        "median": 399.0,
        "fine_grained_average": 550.6691729323309,
        "coarse_grained_average": 399.0
      }
    }
  },
  "results": {
    "K12_MUL": {
      "K12_MUL.jsonl": {
        "BLEU": 0.03840541592385353,
        "F1": 0.2118067865274395,
        "ROUGE-1": 0.0,
        "ROUGE-2": 0.0,
        "ROUGE-L": 0.0,
        "ACC": 0.4263565891472868,
        "length": 645
      }
    },
    "chinese-gov-test_MUL": {
      "chinese-gov-test_MUL.jsonl": {
        "BLEU": 0.02157995948808476,
        "F1": 0.11450604907040829,
        "ROUGE-1": 0.0,
        "ROUGE-2": 0.0,
        "ROUGE-L": 0.0,
        "ACC": 0.28104575163398693,
        "length": 153
      }
    }
  }
}