{
  "BLEU": 0.014692264926372068,
  "F1": 0.07359185653187049,
  "ROUGE-1": 0.0,
  "ROUGE-2": 0.0,
  "ROUGE-L": 0.0,
  "ACC": 0.1652892561983471,
  "length": 121
}