{
  "BLEU": 0.03479332320808697,
  "F1": 0.16812234292389575,
  "ROUGE-1": 0.0,
  "ROUGE-2": 0.0,
  "ROUGE-L": 0.0,
  "ACC": 0.348993288590604,
  "length": 149
}