{
  "BLEU": 0.0065791101931875345,
  "F1": 0.03383099217685684,
  "ROUGE-1": 0.0,
  "ROUGE-2": 0.0,
  "ROUGE-L": 0.0,
  "ACC": 0.05714285714285714,
  "length": 420
}