{
  "BLEU": 0.0034705377593718567,
  "F1": 0.052225455703716575,
  "ROUGE-1": 0.0,
  "ROUGE-2": 0.0,
  "ROUGE-L": 0.0,
  "ACC": 0.0,
  "length": 115
}