{
  "BLEU": 0.020866784942860855,
  "F1": 0.09259259259259259,
  "ROUGE-1": 0.0,
  "ROUGE-2": 0.0,
  "ROUGE-L": 0.0,
  "ACC": 0.21481481481481482,
  "length": 135
}