{
  "BLEU": 0.01877691532718019,
  "F1": 0.08357487922705313,
  "ROUGE-1": 0.0,
  "ROUGE-2": 0.0,
  "ROUGE-L": 0.0,
  "ACC": 0.17391304347826086,
  "length": 115
}