{
  "BLEU": 0.0033129207583375547,
  "F1": 0.01948051948051948,
  "ROUGE-1": 0.019480519367656154,
  "ROUGE-2": 0.0,
  "ROUGE-L": 0.019480519367656154,
  "ACC": 0.030303030303030304,
  "length": 66
}