{
  "BLEU": 0.019029568818684606,
  "F1": 0.10443125104390345,
  "ROUGE-1": 0.10465109068406338,
  "ROUGE-2": 0.029666555719970074,
  "ROUGE-L": 0.0865706623667067,
  "ACC-prefix": 0.016216216216216217,
  "ACC-in": 0.02702702702702703,
  "length": 185
}