{
  "BLEU": 0.030926598435459526,
  "F1": 0.17391304347826086,
  "ROUGE-1": 0.0,
  "ROUGE-2": 0.0,
  "ROUGE-L": 0.0,
  "ACC": 0.17391304347826086,
  "length": 115
}