{
  "BLEU": 0.04244954129564832,
  "F1": 0.2391304347826087,
  "ROUGE-1": 0.0,
  "ROUGE-2": 0.0,
  "ROUGE-L": 0.0,
  "ACC": 0.25217391304347825,
  "length": 115
}