{
  "BLEU": 0.03588838923678782,
  "F1": 0.20102269095557687,
  "ROUGE-1": 0.0,
  "ROUGE-2": 0.0,
  "ROUGE-L": 0.0,
  "ACC": 0.2214765100671141,
  "length": 149
}