{
  "BLEU": 0.10140601594436834,
  "F1": 0.5702479338842975,
  "ROUGE-1": 0.0,
  "ROUGE-2": 0.0,
  "ROUGE-L": 0.0,
  "ACC": 0.5702479338842975,
  "length": 121
}