{
  "BLEU": 0.05927598033463076,
  "F1": 0.3333333333333333,
  "ROUGE-1": 0.0,
  "ROUGE-2": 0.0,
  "ROUGE-L": 0.0,
  "ACC": 0.3333333333333333,
  "length": 135
}