{
  "BLEU": 0.02412570111044041,
  "F1": 0.13579931972789117,
  "ROUGE-1": 0.0,
  "ROUGE-2": 0.0,
  "ROUGE-L": 0.0,
  "ACC": 0.14047619047619048,
  "length": 420
}