{
  "calculate": {
    "groups": {
      "factual-qa_QA": {
        "BLEU": {
          "max": 0.00999657374427813,
          "median": 0.00999657374427813,
          "fine_grained_average": 0.00999657374427813,
          "coarse_grained_average": 0.00999657374427813
        },
        "F1": {
          "max": 0.08434036294476369,
          "median": 0.08434036294476369,
          "fine_grained_average": 0.08434036294476369,
          "coarse_grained_average": 0.08434036294476369
        },
        "ROUGE-1": {
          "max": 0.0833795308504997,
          "median": 0.0833795308504997,
          "fine_grained_average": 0.0833795308504997,
          "coarse_grained_average": 0.0833795308504997
        },
        "ROUGE-2": {
          "max": 0.0118846256499624,
          "median": 0.0118846256499624,
          "fine_grained_average": 0.0118846256499624,
          "coarse_grained_average": 0.0118846256499624
        },
        "ROUGE-L": {
          "max": 0.06749334405097082,
          "median": 0.06749334405097082,
          "fine_grained_average": 0.06749334405097082,
          "coarse_grained_average": 0.06749334405097082
        },
        "ACC-prefix": {
          "max": 0.0,
          "median": 0.0,
          "fine_grained_average": 0.0,
          "coarse_grained_average": 0.0
        },
        "ACC-in": {
          "max": 0.0064516129032258064,
          "median": 0.0064516129032258064,
          "fine_grained_average": 0.0064516129032258064,
          "coarse_grained_average": 0.0064516129032258064
        },
        "length": {
          "max": 155,
          "median": 155.0,
          "fine_grained_average": 155.0,
          "coarse_grained_average": 155.0
        }
      },
      "inference_QA": {
        "BLEU": {
          "max": 0.024492610376295045,
          "median": 0.024492610376295045,
          "fine_grained_average": 0.024492610376295045,
          "coarse_grained_average": 0.024492610376295045
        },
        "F1": {
          "max": 0.12444926935913149,
          "median": 0.12444926935913149,
          "fine_grained_average": 0.12444926935913149,
          "coarse_grained_average": 0.12444926935913149
        },
        "ROUGE-1": {
          "max": 0.14047812220232472,
          "median": 0.14047812220232472,
          "fine_grained_average": 0.14047812220232472,
          "coarse_grained_average": 0.14047812220232472
        },
        "ROUGE-2": {
          "max": 0.0,
          "median": 0.0,
          "fine_grained_average": 0.0,
          "coarse_grained_average": 0.0
        },
        "ROUGE-L": {
          "max": 0.13154395874766348,
          "median": 0.13154395874766348,
          "fine_grained_average": 0.13154395874766348,
          "coarse_grained_average": 0.13154395874766348
        },
        "ACC-prefix": {
          "max": 0.16964285714285715,
          "median": 0.16964285714285715,
          "fine_grained_average": 0.16964285714285715,
          "coarse_grained_average": 0.16964285714285715
        },
        "ACC-in": {
          "max": 0.2857142857142857,
          "median": 0.2857142857142857,
          "fine_grained_average": 0.2857142857142857,
          "coarse_grained_average": 0.2857142857142857
        },
        "length": {
          "max": 112,
          "median": 112.0,
          "fine_grained_average": 112.0,
          "coarse_grained_average": 112.0
        }
      },
      "math_QA": {
        "BLEU": {
          "max": 0.004260748422546449,
          "median": 0.004260748422546449,
          "fine_grained_average": 0.004260748422546449,
          "coarse_grained_average": 0.004260748422546449
        },
        "F1": {
          "max": 0.03702277007361753,
          "median": 0.03702277007361753,
          "fine_grained_average": 0.03702277007361753,
          "coarse_grained_average": 0.03702277007361753
        },
        "ROUGE-1": {
          "max": 0.02024482084438429,
          "median": 0.02024482084438429,
          "fine_grained_average": 0.02024482084438429,
          "coarse_grained_average": 0.02024482084438429
        },
        "ROUGE-2": {
          "max": 0.0,
          "median": 0.0,
          "fine_grained_average": 0.0,
          "coarse_grained_average": 0.0
        },
        "ROUGE-L": {
          "max": 0.018832391481743045,
          "median": 0.018832391481743045,
          "fine_grained_average": 0.018832391481743045,
          "coarse_grained_average": 0.018832391481743045
        },
        "ACC-prefix": {
          "max": 0.0,
          "median": 0.0,
          "fine_grained_average": 0.0,
          "coarse_grained_average": 0.0
        },
        "ACC-in": {
          "max": 0.01694915254237288,
          "median": 0.01694915254237288,
          "fine_grained_average": 0.01694915254237288,
          "coarse_grained_average": 0.01694915254237288
        },
        "length": {
          "max": 59,
          "median": 59.0,
          "fine_grained_average": 59.0,
          "coarse_grained_average": 59.0
        }
      },
      "reading-comprehension_QA": {
        "BLEU": {
          "max": 0.07978846454794146,
          "median": 0.07978846454794146,
          "fine_grained_average": 0.07978846454794146,
          "coarse_grained_average": 0.07978846454794146
        },
        "F1": {
          "max": 0.2964389220015686,
          "median": 0.2964389220015686,
          "fine_grained_average": 0.2964389220015686,
          "coarse_grained_average": 0.2964389220015686
        },
        "ROUGE-1": {
          "max": 0.2971439405764993,
          "median": 0.2971439405764993,
          "fine_grained_average": 0.2971439405764993,
          "coarse_grained_average": 0.2971439405764993
        },
        "ROUGE-2": {
          "max": 0.12874103300332718,
          "median": 0.12874103300332718,
          "fine_grained_average": 0.12874103300332718,
          "coarse_grained_average": 0.12874103300332718
        },
        "ROUGE-L": {
          "max": 0.27867228816906103,
          "median": 0.27867228816906103,
          "fine_grained_average": 0.27867228816906103,
          "coarse_grained_average": 0.27867228816906103
        },
        "ACC-prefix": {
          "max": 0.32,
          "median": 0.32,
          "fine_grained_average": 0.32,
          "coarse_grained_average": 0.32
        },
        "ACC-in": {
          "max": 0.58,
          "median": 0.58,
          "fine_grained_average": 0.58,
          "coarse_grained_average": 0.58
        },
        "length": {
          "max": 150,
          "median": 150.0,
          "fine_grained_average": 150.0,
          "coarse_grained_average": 150.0
        }
      },
      "real-world_QA": {
        "BLEU": {
          "max": 0.0,
          "median": 0.0,
          "fine_grained_average": 0.0,
          "coarse_grained_average": 0.0
        },
        "F1": {
          "max": 0.0,
          "median": 0.0,
          "fine_grained_average": 0.0,
          "coarse_grained_average": 0.0
        },
        "ROUGE-1": {
          "max": 0.0,
          "median": 0.0,
          "fine_grained_average": 0.0,
          "coarse_grained_average": 0.0
        },
        "ROUGE-2": {
          "max": 0.0,
          "median": 0.0,
          "fine_grained_average": 0.0,
          "coarse_grained_average": 0.0
        },
        "ROUGE-L": {
          "max": 0.0,
          "median": 0.0,
          "fine_grained_average": 0.0,
          "coarse_grained_average": 0.0
        },
        "ACC-prefix": {
          "max": 0.0,
          "median": 0.0,
          "fine_grained_average": 0.0,
          "coarse_grained_average": 0.0
        },
        "ACC-in": {
          "max": 0.0,
          "median": 0.0,
          "fine_grained_average": 0.0,
          "coarse_grained_average": 0.0
        },
        "length": {
          "max": 137,
          "median": 137.0,
          "fine_grained_average": 137.0,
          "coarse_grained_average": 137.0
        }
      }
    },