{
  "BLEU": 0.00726559883441336,
  "F1": 0.0897428732654343,
  "ROUGE-1": 0.08974287258351624,
  "ROUGE-2": 0.02603451487997011,
  "ROUGE-L": 0.06978679501029246,
  "ACC-prefix": 0.0,
  "ACC-in": 0.012048192771084338,
  "length": 83
}