{
  "BLEU": 5.486413127507208e-05,
  "F1": 0.0011273618955450228,
  "ROUGE-1": 0.0011273618778595061,
  "ROUGE-2": 0.0,
  "ROUGE-L": 0.0011273618778595061,
  "ACC-prefix": 0.0,
  "ACC-in": 0.03684210526315789,
  "length": 190
}