{
  "BLEU": 0.00012310990358093462,
  "F1": 0.013071895424836602,
  "ROUGE-1": 0.013071894886582107,
  "ROUGE-2": 0.0,
  "ROUGE-L": 0.013071894886582107,
  "ACC-prefix": 0.0,
  "ACC-in": 0.0,
  "length": 9
}