{
  "BLEU": 0.11007258684742623,
  "F1": 0.53171768707483,
  "ROUGE-1": 0.5495748264406625,
  "ROUGE-2": 0.0,
  "ROUGE-L": 0.5495748264406625,
  "ACC-prefix": 0.7589285714285714,
  "ACC-in": 0.8392857142857143,
  "length": 112
}