{
  "BLEU": 0.21736068237242562,
  "F1": 0.5768224027993989,
  "ROUGE-1": 0.578889795761093,
  "ROUGE-2": 0.31113337487364173,
  "ROUGE-L": 0.5744873125679456,
  "ACC-prefix": 0.41333333333333333,
  "ACC-in": 0.7666666666666667,
  "length": 150
}