{
  "BLEU": 0.01700472334124719,
  "F1": 0.10076268014224218,
  "ROUGE-1": 0.1045490527356968,
  "ROUGE-2": 0.0,
  "ROUGE-L": 0.10351509354197742,
  "ACC-prefix": 0.072992700729927,
  "ACC-in": 0.10948905109489052,
  "length": 137
}