{
  "BLEU": 0.02112707198639732,
  "F1": 0.09726074302345487,
  "ROUGE-1": 0.07276151287637601,
  "ROUGE-2": 0.002824858672316387,
  "ROUGE-L": 0.0728984757328173,
  "ACC-prefix": 0.05084745762711865,
  "ACC-in": 0.11864406779661017,
  "length": 59
}