{
  "BLEU": 0.02513309641134665,
  "F1": 0.14372506162423762,
  "ROUGE-1": 0.14496059563623814,
  "ROUGE-2": 0.026928088812478015,
  "ROUGE-L": 0.13347461045636827,
  "ACC-prefix": 0.012903225806451613,
  "ACC-in": 0.01935483870967742,
  "length": 155
}