{
  "calculate": {
    "groups": {
      "factual-qa_QA": {
        "BLEU": {
          "max": 0.030778232844577088,
          "median": 0.030778232844577088,
          "fine_grained_average": 0.030778232844577088,
          "coarse_grained_average": 0.030778232844577088
        },
        "F1": {
          "max": 0.17624823523627794,
          "median": 0.17624823523627794,
          "fine_grained_average": 0.17624823523627794,
          "coarse_grained_average": 0.17624823523627794
        },
        "ROUGE-1": {
          "max": 0.17931401351896523,
          "median": 0.17931401351896523,
          "fine_grained_average": 0.17931401351896523,
          "coarse_grained_average": 0.17931401351896523
        },
        "ROUGE-2": {
          "max": 0.046400205186647926,
          "median": 0.046400205186647926,
          "fine_grained_average": 0.046400205186647926,
          "coarse_grained_average": 0.046400205186647926
        },
        "ROUGE-L": {
          "max": 0.16672596124605654,
          "median": 0.16672596124605654,
          "fine_grained_average": 0.16672596124605654,
          "coarse_grained_average": 0.16672596124605654
        },
        "ACC-prefix": {
          "max": 0.01935483870967742,
          "median": 0.01935483870967742,
          "fine_grained_average": 0.01935483870967742,
          "coarse_grained_average": 0.01935483870967742
        },
        "ACC-in": {
          "max": 0.03225806451612903,
          "median": 0.03225806451612903,
          "fine_grained_average": 0.03225806451612903,
          "coarse_grained_average": 0.03225806451612903
        },
        "length": {
          "max": 155,
          "median": 155.0,
          "fine_grained_average": 155.0,
          "coarse_grained_average": 155.0
        }
      },
      "inference_QA": {
        "BLEU": {
          "max": 0.04130190230188748,
          "median": 0.04130190230188748,
          "fine_grained_average": 0.04130190230188748,
          "coarse_grained_average": 0.04130190230188748
        },
        "F1": {
          "max": 0.21547619047619046,
          "median": 0.21547619047619046,
          "fine_grained_average": 0.21547619047619046,
          "coarse_grained_average": 0.21547619047619046
        },
        "ROUGE-1": {
          "max": 0.23154761752509923,
          "median": 0.23154761752509923,
          "fine_grained_average": 0.23154761752509923,
          "coarse_grained_average": 0.23154761752509923
        },
        "ROUGE-2": {
          "max": 0.0,
          "median": 0.0,
          "fine_grained_average": 0.0,
          "coarse_grained_average": 0.0
        },
        "ROUGE-L": {
          "max": 0.23154761752509923,
          "median": 0.23154761752509923,
          "fine_grained_average": 0.23154761752509923,
          "coarse_grained_average": 0.23154761752509923
        },
        "ACC-prefix": {
          "max": 0.38392857142857145,
          "median": 0.38392857142857145,
          "fine_grained_average": 0.38392857142857145,
          "coarse_grained_average": 0.38392857142857145
        },
        "ACC-in": {
          "max": 0.38392857142857145,
          "median": 0.38392857142857145,
          "fine_grained_average": 0.38392857142857145,
          "coarse_grained_average": 0.38392857142857145
        },
        "length": {
          "max": 112,
          "median": 112.0,
          "fine_grained_average": 112.0,
          "coarse_grained_average": 112.0
        }
      },
      "math_QA": {
        "BLEU": {
          "max": 0.01876668382399294,
          "median": 0.01876668382399294,
          "fine_grained_average": 0.01876668382399294,
          "coarse_grained_average": 0.01876668382399294
        },
        "F1": {
          "max": 0.0630713918849512,
          "median": 0.0630713918849512,
          "fine_grained_average": 0.0630713918849512,
          "coarse_grained_average": 0.0630713918849512
        },
        "ROUGE-1": {
          "max": 0.04721549595754812,
          "median": 0.04721549595754812,
          "fine_grained_average": 0.04721549595754812,
          "coarse_grained_average": 0.04721549595754812
        },
        "ROUGE-2": {
          "max": 0.011299434943502827,
          "median": 0.011299434943502827,
          "fine_grained_average": 0.011299434943502827,
          "coarse_grained_average": 0.011299434943502827
        },
        "ROUGE-L": {
          "max": 0.0429986778131083,
          "median": 0.0429986778131083,
          "fine_grained_average": 0.0429986778131083,
          "coarse_grained_average": 0.0429986778131083
        },
        "ACC-prefix": {
          "max": 0.01694915254237288,
          "median": 0.01694915254237288,
          "fine_grained_average": 0.01694915254237288,
          "coarse_grained_average": 0.01694915254237288
        },
        "ACC-in": {
          "max": 0.01694915254237288,
          "median": 0.01694915254237288,
          "fine_grained_average": 0.01694915254237288,
          "coarse_grained_average": 0.01694915254237288
        },
        "length": {
          "max": 59,
          "median": 59.0,
          "fine_grained_average": 59.0,
          "coarse_grained_average": 59.0
        }
      },
      "reading-comprehension_QA": {
        "BLEU": {
          "max": 0.20700521685279033,
          "median": 0.20700521685279033,
          "fine_grained_average": 0.20700521685279033,
          "coarse_grained_average": 0.20700521685279033
        },
        "F1": {
          "max": 0.6505002568492347,
          "median": 0.6505002568492347,
          "fine_grained_average": 0.6505002568492347,
          "coarse_grained_average": 0.6505002568492347
        },
        "ROUGE-1": {
          "max": 0.6691727954616984,
          "median": 0.6691727954616984,
          "fine_grained_average": 0.6691727954616984,
          "coarse_grained_average": 0.6691727954616984
        },
        "ROUGE-2": {
          "max": 0.35574525190516815,
          "median": 0.35574525190516815,
          "fine_grained_average": 0.35574525190516815,
          "coarse_grained_average": 0.35574525190516815
        },
        "ROUGE-L": {
          "max": 0.6649412663084794,
          "median": 0.6649412663084794,
          "fine_grained_average": 0.6649412663084794,
          "coarse_grained_average": 0.6649412663084794
        },
        "ACC-prefix": {
          "max": 0.5533333333333333,
          "median": 0.5533333333333333,
          "fine_grained_average": 0.5533333333333333,
          "coarse_grained_average": 0.5533333333333333
        },
        "ACC-in": {
          "max": 0.6666666666666666,
          "median": 0.6666666666666666,
          "fine_grained_average": 0.6666666666666666,
          "coarse_grained_average": 0.6666666666666666
        },
        "length": {
          "max": 150,
          "median": 150.0,
          "fine_grained_average": 150.0,
          "coarse_grained_average": 150.0
        }
      },
      "real-world_QA": {
        "BLEU": {
          "max": 0.016676521236298304,
          "median": 0.016676521236298304,
          "fine_grained_average": 0.016676521236298304,
          "coarse_grained_average": 0.016676521236298304
        },
        "F1": {
          "max": 0.09172749391727494,
          "median": 0.09172749391727494,
          "fine_grained_average": 0.09172749391727494,
          "coarse_grained_average": 0.09172749391727494
        },
        "ROUGE-1": {
          "max": 0.09172749341184104,
          "median": 0.09172749341184104,
          "fine_grained_average": 0.09172749341184104,
          "coarse_grained_average": 0.09172749341184104
        },
        "ROUGE-2": {
          "max": 0.0,
          "median": 0.0,
          "fine_grained_average": 0.0,
          "coarse_grained_average": 0.0
        },
        "ROUGE-L": {
          "max": 0.09172749341184104,
          "median": 0.09172749341184104,
          "fine_grained_average": 0.09172749341184104,
          "coarse_grained_average": 0.09172749341184104
        },