{
  "BLEU": 0.03902955668352185,
  "F1": 0.21605402394876078,
  "ROUGE-1": 0.0,
  "ROUGE-2": 0.0,
  "ROUGE-L": 0.0,
  "ACC": 0.3684210526315789,
  "length": 114
}