{
  "BLEU": 0.04895623624177567,
  "F1": 0.28039444838950905,
  "ROUGE-1": 0.0,
  "ROUGE-2": 0.0,
  "ROUGE-L": 0.0,
  "ACC": 0.48091603053435117,
  "length": 131
}