{
  "BLEU": 0.021999556991888176,
  "F1": 0.11625401118301727,
  "ROUGE-1": 0.0,
  "ROUGE-2": 0.0,
  "ROUGE-L": 0.0,
  "ACC": 0.22875816993464052,
  "length": 153
}