{
  "BLEU": 0.013676037819592465,
  "F1": 0.08148275335775336,
  "ROUGE-1": 0.0,
  "ROUGE-2": 0.0,
  "ROUGE-L": 0.0,
  "ACC": 0.18396226415094338,
  "length": 424
}