{
  "BLEU": 0.02745699513553288,
  "F1": 0.15573939479648108,
  "ROUGE-1": 0.0,
  "ROUGE-2": 0.0,
  "ROUGE-L": 0.0,
  "ACC": 0.3140495867768595,
  "length": 121
}