{
  "BLEU": 0.0035084308726525664,
  "F1": 0.020202020202020204,
  "ROUGE-1": 0.021212121087878788,
  "ROUGE-2": 0.0,
  "ROUGE-L": 0.021212121087878788,
  "ACC": 0.045454545454545456,
  "length": 66
}