{
  "calculate": {
    "groups": {
      "commonsense-qa_MUL": {
        "BLEU": {
          "max": 0.02198422425891557,
          "median": 0.02198422425891557,
          "fine_grained_average": 0.02198422425891557,
          "coarse_grained_average": 0.02198422425891557
        },
        "F1": {
          "max": 0.11866138433106625,
          "median": 0.11866138433106625,
          "fine_grained_average": 0.11866138433106625,
          "coarse_grained_average": 0.11866138433106625
        },
        "ROUGE-1": {
          "max": 0.0,
          "median": 0.0,
          "fine_grained_average": 0.0,
          "coarse_grained_average": 0.0
        },
        "ROUGE-2": {
          "max": 0.0,
          "median": 0.0,
          "fine_grained_average": 0.0,
          "coarse_grained_average": 0.0
        },
        "ROUGE-L": {
          "max": 0.0,
          "median": 0.0,
          "fine_grained_average": 0.0,
          "coarse_grained_average": 0.0
        },
        "ACC": {
          "max": 0.16778523489932887,
          "median": 0.16778523489932887,
          "fine_grained_average": 0.16778523489932887,
          "coarse_grained_average": 0.16778523489932887
        },
        "length": {
          "max": 149,
          "median": 149.0,
          "fine_grained_average": 149.0,
          "coarse_grained_average": 149.0
        }
      },
      "inference_MUL": {
        "BLEU": {
          "max": 0.00829698072300201,
          "median": 0.00829698072300201,
          "fine_grained_average": 0.00829698072300201,
          "coarse_grained_average": 0.00829698072300201
        },
        "F1": {
          "max": 0.04859441352298495,
          "median": 0.04859441352298495,
          "fine_grained_average": 0.04859441352298495,
          "coarse_grained_average": 0.04859441352298495
        },
        "ROUGE-1": {
          "max": 0.0,
          "median": 0.0,
          "fine_grained_average": 0.0,
          "coarse_grained_average": 0.0
        },
        "ROUGE-2": {
          "max": 0.0,
          "median": 0.0,
          "fine_grained_average": 0.0,
          "coarse_grained_average": 0.0
        },
        "ROUGE-L": {
          "max": 0.0,
          "median": 0.0,
          "fine_grained_average": 0.0,
          "coarse_grained_average": 0.0
        },
        "ACC": {
          "max": 0.0880952380952381,
          "median": 0.0880952380952381,
          "fine_grained_average": 0.0880952380952381,
          "coarse_grained_average": 0.0880952380952381
        },
        "length": {
          "max": 420,
          "median": 420.0,
          "fine_grained_average": 420.0,
          "coarse_grained_average": 420.0
        }
      },
      "math_MUL": {
        "BLEU": {
          "max": 0.023279267956283527,
          "median": 0.023279267956283527,
          "fine_grained_average": 0.023279267956283527,
          "coarse_grained_average": 0.023279267956283527
        },
        "F1": {
          "max": 0.1233013363448146,
          "median": 0.1233013363448146,
          "fine_grained_average": 0.1233013363448146,
          "coarse_grained_average": 0.1233013363448146
        },
        "ROUGE-1": {
          "max": 0.0,
          "median": 0.0,
          "fine_grained_average": 0.0,
          "coarse_grained_average": 0.0
        },
        "ROUGE-2": {
          "max": 0.0,
          "median": 0.0,
          "fine_grained_average": 0.0,
          "coarse_grained_average": 0.0
        },
        "ROUGE-L": {
          "max": 0.0,
          "median": 0.0,
          "fine_grained_average": 0.0,
          "coarse_grained_average": 0.0
        },
        "ACC": {
          "max": 0.2,
          "median": 0.2,
          "fine_grained_average": 0.2,
          "coarse_grained_average": 0.2
        },
        "length": {
          "max": 115,
          "median": 115.0,
          "fine_grained_average": 115.0,
          "coarse_grained_average": 115.0
        }
      },
      "real-world_MUL": {
        "BLEU": {
          "max": 0.03505682228417623,
          "median": 0.03505682228417623,
          "fine_grained_average": 0.03505682228417623,
          "coarse_grained_average": 0.03505682228417623
        },
        "F1": {
          "max": 0.18282828282828284,
          "median": 0.18282828282828284,
          "fine_grained_average": 0.18282828282828284,
          "coarse_grained_average": 0.18282828282828284
        },
        "ROUGE-1": {
          "max": 0.0,
          "median": 0.0,
          "fine_grained_average": 0.0,
          "coarse_grained_average": 0.0
        },
        "ROUGE-2": {
          "max": 0.0,
          "median": 0.0,
          "fine_grained_average": 0.0,
          "coarse_grained_average": 0.0
        },
        "ROUGE-L": {
          "max": 0.0,
          "median": 0.0,
          "fine_grained_average": 0.0,
          "coarse_grained_average": 0.0
        },
        "ACC": {
          "max": 0.23703703703703705,
          "median": 0.23703703703703705,
          "fine_grained_average": 0.23703703703703705,
          "coarse_grained_average": 0.23703703703703705
        },
        "length": {
          "max": 135,
          "median": 135.0,
          "fine_grained_average": 135.0,
          "coarse_grained_average": 135.0
        }
      },
      "science-qa_MUL": {
        "BLEU": {
          "max": 0.03368168820763529,
          "median": 0.03368168820763529,
          "fine_grained_average": 0.03368168820763529,
          "coarse_grained_average": 0.03368168820763529
        },
        "F1": {
          "max": 0.1778539642176006,
          "median": 0.1778539642176006,
          "fine_grained_average": 0.1778539642176006,
          "coarse_grained_average": 0.1778539642176006
        },
        "ROUGE-1": {
          "max": 0.0,
          "median": 0.0,
          "fine_grained_average": 0.0,
          "coarse_grained_average": 0.0
        },
        "ROUGE-2": {
          "max": 0.0,
          "median": 0.0,
          "fine_grained_average": 0.0,
          "coarse_grained_average": 0.0
        },
        "ROUGE-L": {
          "max": 0.0,
          "median": 0.0,
          "fine_grained_average": 0.0,
          "coarse_grained_average": 0.0
        },
        "ACC": {
          "max": 0.256198347107438,
          "median": 0.256198347107438,
          "fine_grained_average": 0.256198347107438,
          "coarse_grained_average": 0.256198347107438
        },
        "length": {
          "max": 121,
          "median": 121.0,
          "fine_grained_average": 121.0,
          "coarse_grained_average": 121.0
        }
      },
      "sentimental-analysis_MUL": {
        "BLEU": {
          "max": 0.016384202194005878,
          "median": 0.016384202194005878,
          "fine_grained_average": 0.016384202194005878,
          "coarse_grained_average": 0.016384202194005878
        },
        "F1": {
          "max": 0.09184265010351968,
          "median": 0.09184265010351968,
          "fine_grained_average": 0.09184265010351968,
          "coarse_grained_average": 0.09184265010351968
        },
        "ROUGE-1": {
          "max": 0.0,
          "median": 0.0,
          "fine_grained_average": 0.0,
          "coarse_grained_average": 0.0
        },
        "ROUGE-2": {
          "max": 0.0,
          "median": 0.0,
          "fine_grained_average": 0.0,
          "coarse_grained_average": 0.0
        },
        "ROUGE-L": {
          "max": 0.0,
          "median": 0.0,
          "fine_grained_average": 0.0,
          "coarse_grained_average": 0.0
        },
        "ACC": {
          "max": 0.21739130434782608,
          "median": 0.21739130434782608,
          "fine_grained_average": 0.21739130434782608,
          "coarse_grained_average": 0.21739130434782608
        },
        "length": {
          "max": 115,
          "median": 115.0,
          "fine_grained_average": 115.0,
          "coarse_grained_average": 115.0
        }
      }
    },
    "overall": {
      "BLEU": {
        "max": 0.03505682228417623,