{
  "calculate": {
    "groups": {
      "factual-qa_QA": {
        "BLEU": {
          "max": 0.012428826954797526,
          "median": 0.012428826954797526,
          "fine_grained_average": 0.012428826954797526,
          "coarse_grained_average": 0.012428826954797526
        },
        "F1": {
          "max": 0.09489144316730523,
          "median": 0.09489144316730523,
          "fine_grained_average": 0.09489144316730523,
          "coarse_grained_average": 0.09489144316730523
        },
        "ROUGE-1": {
          "max": 0.09489144164229832,
          "median": 0.09489144164229832,
          "fine_grained_average": 0.09489144164229832,
          "coarse_grained_average": 0.09489144164229832
        },
        "ROUGE-2": {
          "max": 0.03968253922902495,
          "median": 0.03968253922902495,
          "fine_grained_average": 0.03968253922902495,
          "coarse_grained_average": 0.03968253922902495
        },
        "ROUGE-L": {
          "max": 0.06424010064612973,
          "median": 0.06424010064612973,
          "fine_grained_average": 0.06424010064612973,
          "coarse_grained_average": 0.06424010064612973
        },
        "ACC-prefix": {
          "max": 0.0,
          "median": 0.0,
          "fine_grained_average": 0.0,
          "coarse_grained_average": 0.0
        },
        "ACC-in": {
          "max": 0.0,
          "median": 0.0,
          "fine_grained_average": 0.0,
          "coarse_grained_average": 0.0
        },
        "length": {
          "max": 9,
          "median": 9.0,
          "fine_grained_average": 9.0,
          "coarse_grained_average": 9.0
        }
      },
      "logic_QA": {
        "BLEU": {
          "max": 0.07065522212445048,
          "median": 0.07065522212445048,
          "fine_grained_average": 0.07065522212445048,
          "coarse_grained_average": 0.07065522212445048
        },
        "F1": {
          "max": 0.369831707783515,
          "median": 0.369831707783515,
          "fine_grained_average": 0.369831707783515,
          "coarse_grained_average": 0.369831707783515
        },
        "ROUGE-1": {
          "max": 0.36983170556764644,
          "median": 0.36983170556764644,
          "fine_grained_average": 0.36983170556764644,
          "coarse_grained_average": 0.36983170556764644
        },
        "ROUGE-2": {
          "max": 0.010125569976478985,
          "median": 0.010125569976478985,
          "fine_grained_average": 0.010125569976478985,
          "coarse_grained_average": 0.010125569976478985
        },
        "ROUGE-L": {
          "max": 0.3631191410237566,
          "median": 0.3631191410237566,
          "fine_grained_average": 0.3631191410237566,
          "coarse_grained_average": 0.3631191410237566
        },
        "ACC-prefix": {
          "max": 0.20481927710843373,
          "median": 0.20481927710843373,
          "fine_grained_average": 0.20481927710843373,
          "coarse_grained_average": 0.20481927710843373
        },
        "ACC-in": {
          "max": 0.5301204819277109,
          "median": 0.5301204819277109,
          "fine_grained_average": 0.5301204819277109,
          "coarse_grained_average": 0.5301204819277109
        },
        "length": {
          "max": 83,
          "median": 83.0,
          "fine_grained_average": 83.0,
          "coarse_grained_average": 83.0
        }
      },
      "real-world_QA": {
        "BLEU": {
          "max": 0.0048315526729510085,
          "median": 0.0048315526729510085,
          "fine_grained_average": 0.0048315526729510085,
          "coarse_grained_average": 0.0048315526729510085
        },
        "F1": {
          "max": 0.03861001571527887,
          "median": 0.03861001571527887,
          "fine_grained_average": 0.03861001571527887,
          "coarse_grained_average": 0.03861001571527887
        },
        "ROUGE-1": {
          "max": 0.03861001520384841,
          "median": 0.03861001520384841,
          "fine_grained_average": 0.03861001520384841,
          "coarse_grained_average": 0.03861001520384841
        },
        "ROUGE-2": {
          "max": 0.00315789468631579,
          "median": 0.00315789468631579,
          "fine_grained_average": 0.00315789468631579,
          "coarse_grained_average": 0.00315789468631579
        },
        "ROUGE-L": {
          "max": 0.03861001520384841,
          "median": 0.03861001520384841,
          "fine_grained_average": 0.03861001520384841,
          "coarse_grained_average": 0.03861001520384841
        },
        "ACC-prefix": {
          "max": 0.0,
          "median": 0.0,
          "fine_grained_average": 0.0,
          "coarse_grained_average": 0.0
        },
        "ACC-in": {
          "max": 0.06315789473684211,
          "median": 0.06315789473684211,
          "fine_grained_average": 0.06315789473684211,
          "coarse_grained_average": 0.06315789473684211
        },
        "length": {
          "max": 190,
          "median": 190.0,
          "fine_grained_average": 190.0,
          "coarse_grained_average": 190.0
        }
      }
    },
    "overall": {
      "BLEU": {
        "max": 0.07065522212445048,
        "median": 0.012428826954797526,
        "fine_grained_average": 0.0244476520807917,
        "coarse_grained_average": 0.029305200584066337
      },
      "F1": {
        "max": 0.369831707783515,
        "median": 0.09489144316730523,
        "fine_grained_average": 0.13789346709376055,
        "coarse_grained_average": 0.16777772222203302
      },
      "ROUGE-1": {
        "max": 0.36983170556764644,
        "median": 0.09489144164229832,
        "fine_grained_average": 0.13789346604832106,
        "coarse_grained_average": 0.16777772080459774
      },
      "ROUGE-2": {
        "max": 0.03968253922902495,
        "median": 0.010125569976478985,
        "fine_grained_average": 0.006374344508897094,
        "coarse_grained_average": 0.017655334630606576
      },
      "ROUGE-L": {
        "max": 0.3631191410237566,
        "median": 0.06424010064612973,
        "fine_grained_average": 0.13493954787063178,
        "coarse_grained_average": 0.15532308562457822
      },
      "ACC-prefix": {
        "max": 0.20481927710843373,
        "median": 0.0,
        "fine_grained_average": 0.06028368794326241,
        "coarse_grained_average": 0.06827309236947791
      },
      "ACC-in": {
        "max": 0.5301204819277109,
        "median": 0.06315789473684211,
        "fine_grained_average": 0.19858156028368795,
        "coarse_grained_average": 0.19775945888818433
      },
      "length": {
        "max": 190,
        "median": 83.0,
        "fine_grained_average": 152.7304964539007,
        "coarse_grained_average": 94.0
      }
    }
  },
  "results": {
    "factual-qa_QA": {
      "factual-qa_QA.jsonl": {
        "BLEU": 0.012428826954797526,
        "F1": 0.09489144316730523,
        "ROUGE-1": 0.09489144164229832,
        "ROUGE-2": 0.03968253922902495,
        "ROUGE-L": 0.06424010064612973,
        "ACC-prefix": 0.0,
        "ACC-in": 0.0,
        "length": 9
      }
    },
    "logic_QA": {
      "logic_QA.jsonl": {
        "BLEU": 0.07065522212445048,
        "F1": 0.369831707783515,
        "ROUGE-1": 0.36983170556764644,
        "ROUGE-2": 0.010125569976478985,
        "ROUGE-L": 0.3631191410237566,
        "ACC-prefix": 0.20481927710843373,
        "ACC-in": 0.5301204819277109,
        "length": 83
      }
    },
    "real-world_QA": {
      "real-world_QA.jsonl": {
        "BLEU": 0.0048315526729510085,
        "F1": 0.03861001571527887,
        "ROUGE-1": 0.03861001520384841,
        "ROUGE-2": 0.00315789468631579,
        "ROUGE-L": 0.03861001520384841,
        "ACC-prefix": 0.0,
        "ACC-in": 0.06315789473684211,
        "length": 190
      }
    }
  }
}