{
  "BLEU": 0.01749087004509476,
  "F1": 0.11665109903007774,
  "ROUGE-1": 0.11884430628075579,
  "ROUGE-2": 0.022284607673845522,
  "ROUGE-L": 0.09876726784825235,
  "ACC-prefix": 0.0,
  "ACC-in": 0.0,
  "length": 185
}