{
  "BLEU": 0.17156003723575128,
  "F1": 0.656842105263158,
  "ROUGE-1": 0.6568421018912279,
  "ROUGE-2": 0.2807017529707603,
  "ROUGE-L": 0.6568421018912279,
  "ACC-prefix": 0.6263157894736842,
  "ACC-in": 0.6473684210526316,
  "length": 190
}