{
  "BLEU": 0.12073265505358151,
  "F1": 0.21362949172312612,
  "ROUGE-1": 0.21362949042420984,
  "ROUGE-2": 0.157816428907746,
  "ROUGE-L": 0.20627617439619506,
  "ACC-prefix": 0.03614457831325301,
  "ACC-in": 0.03614457831325301,
  "length": 83
}