{
  "BLEU": 0.14717505183035784,
  "F1": 0.5465337132003799,
  "ROUGE-1": 0.546533709479428,
  "ROUGE-2": 0.40277777555555555,
  "ROUGE-L": 0.4971509934300453,
  "ACC-prefix": 0.3333333333333333,
  "ACC-in": 0.3333333333333333,
  "length": 9
}