{
  "calculate": {
    "groups": {
      "commonsense-qa_MUL": {
        "BLEU": {
          "max": 0.02594593243658214,
          "median": 0.02594593243658214,
          "fine_grained_average": 0.02594593243658214,
          "coarse_grained_average": 0.02594593243658214
        },
        "F1": {
          "max": 0.1412504447549225,
          "median": 0.1412504447549225,
          "fine_grained_average": 0.1412504447549225,
          "coarse_grained_average": 0.1412504447549225
        },
        "ROUGE-1": {
          "max": 0.0,
          "median": 0.0,
          "fine_grained_average": 0.0,
          "coarse_grained_average": 0.0
        },
        "ROUGE-2": {
          "max": 0.0,
          "median": 0.0,
          "fine_grained_average": 0.0,
          "coarse_grained_average": 0.0
        },
        "ROUGE-L": {
          "max": 0.0,
          "median": 0.0,
          "fine_grained_average": 0.0,
          "coarse_grained_average": 0.0
        },
        "ACC": {
          "max": 0.35570469798657717,
          "median": 0.35570469798657717,
          "fine_grained_average": 0.35570469798657717,
          "coarse_grained_average": 0.35570469798657717
        },
        "length": {
          "max": 149,
          "median": 149.0,
          "fine_grained_average": 149.0,
          "coarse_grained_average": 149.0
        }
      },
      "inference_MUL": {
        "BLEU": {
          "max": 0.007682614200160977,
          "median": 0.007682614200160977,
          "fine_grained_average": 0.007682614200160977,
          "coarse_grained_average": 0.007682614200160977
        },
        "F1": {
          "max": 0.04380341016512006,
          "median": 0.04380341016512006,
          "fine_grained_average": 0.04380341016512006,
          "coarse_grained_average": 0.04380341016512006
        },
        "ROUGE-1": {
          "max": 0.0,
          "median": 0.0,
          "fine_grained_average": 0.0,
          "coarse_grained_average": 0.0
        },
        "ROUGE-2": {
          "max": 0.0,
          "median": 0.0,
          "fine_grained_average": 0.0,
          "coarse_grained_average": 0.0
        },
        "ROUGE-L": {
          "max": 0.0,
          "median": 0.0,
          "fine_grained_average": 0.0,
          "coarse_grained_average": 0.0
        },
        "ACC": {
          "max": 0.09761904761904762,
          "median": 0.09761904761904762,
          "fine_grained_average": 0.09761904761904762,
          "coarse_grained_average": 0.09761904761904762
        },
        "length": {
          "max": 420,
          "median": 420.0,
          "fine_grained_average": 420.0,
          "coarse_grained_average": 420.0
        }
      },
      "math_MUL": {
        "BLEU": {
          "max": 0.026649106680981728,
          "median": 0.026649106680981728,
          "fine_grained_average": 0.026649106680981728,
          "coarse_grained_average": 0.026649106680981728
        },
        "F1": {
          "max": 0.14695652173913043,
          "median": 0.14695652173913043,
          "fine_grained_average": 0.14695652173913043,
          "coarse_grained_average": 0.14695652173913043
        },
        "ROUGE-1": {
          "max": 0.0,
          "median": 0.0,
          "fine_grained_average": 0.0,
          "coarse_grained_average": 0.0
        },
        "ROUGE-2": {
          "max": 0.0,
          "median": 0.0,
          "fine_grained_average": 0.0,
          "coarse_grained_average": 0.0
        },
        "ROUGE-L": {
          "max": 0.0,
          "median": 0.0,
          "fine_grained_average": 0.0,
          "coarse_grained_average": 0.0
        },
        "ACC": {
          "max": 0.22608695652173913,
          "median": 0.22608695652173913,
          "fine_grained_average": 0.22608695652173913,
          "coarse_grained_average": 0.22608695652173913
        },
        "length": {
          "max": 115,
          "median": 115.0,
          "fine_grained_average": 115.0,
          "coarse_grained_average": 115.0
        }
      },
      "real-world_MUL": {
        "BLEU": {
          "max": 0.022289396085855534,
          "median": 0.022289396085855534,
          "fine_grained_average": 0.022289396085855534,
          "coarse_grained_average": 0.022289396085855534
        },
        "F1": {
          "max": 0.11050108932461873,
          "median": 0.11050108932461873,
          "fine_grained_average": 0.11050108932461873,
          "coarse_grained_average": 0.11050108932461873
        },
        "ROUGE-1": {
          "max": 0.0,
          "median": 0.0,
          "fine_grained_average": 0.0,
          "coarse_grained_average": 0.0
        },
        "ROUGE-2": {
          "max": 0.0,
          "median": 0.0,
          "fine_grained_average": 0.0,
          "coarse_grained_average": 0.0
        },
        "ROUGE-L": {
          "max": 0.0,
          "median": 0.0,
          "fine_grained_average": 0.0,
          "coarse_grained_average": 0.0
        },
        "ACC": {
          "max": 0.26666666666666666,
          "median": 0.26666666666666666,
          "fine_grained_average": 0.26666666666666666,
          "coarse_grained_average": 0.26666666666666666
        },
        "length": {
          "max": 135,
          "median": 135.0,
          "fine_grained_average": 135.0,
          "coarse_grained_average": 135.0
        }
      },
      "science-qa_MUL": {
        "BLEU": {
          "max": 0.020958680575124424,
          "median": 0.020958680575124424,
          "fine_grained_average": 0.020958680575124424,
          "coarse_grained_average": 0.020958680575124424
        },
        "F1": {
          "max": 0.11070667527822813,
          "median": 0.11070667527822813,
          "fine_grained_average": 0.11070667527822813,
          "coarse_grained_average": 0.11070667527822813
        },
        "ROUGE-1": {
          "max": 0.0,
          "median": 0.0,
          "fine_grained_average": 0.0,
          "coarse_grained_average": 0.0
        },
        "ROUGE-2": {
          "max": 0.0,
          "median": 0.0,
          "fine_grained_average": 0.0,
          "coarse_grained_average": 0.0
        },
        "ROUGE-L": {
          "max": 0.0,
          "median": 0.0,
          "fine_grained_average": 0.0,
          "coarse_grained_average": 0.0
        },
        "ACC": {
          "max": 0.2975206611570248,
          "median": 0.2975206611570248,
          "fine_grained_average": 0.2975206611570248,
          "coarse_grained_average": 0.2975206611570248
        },
        "length": {
          "max": 121,
          "median": 121.0,
          "fine_grained_average": 121.0,
          "coarse_grained_average": 121.0
        }
      },
      "sentimental-analysis_MUL": {
        "BLEU": {
          "max": 0.016650916752515444,
          "median": 0.016650916752515444,
          "fine_grained_average": 0.016650916752515444,
          "coarse_grained_average": 0.016650916752515444
        },
        "F1": {
          "max": 0.0990622335890878,
          "median": 0.0990622335890878,
          "fine_grained_average": 0.0990622335890878,
          "coarse_grained_average": 0.0990622335890878
        },
        "ROUGE-1": {
          "max": 0.0,
          "median": 0.0,
          "fine_grained_average": 0.0,
          "coarse_grained_average": 0.0
        },
        "ROUGE-2": {
          "max": 0.0,
          "median": 0.0,
          "fine_grained_average": 0.0,
          "coarse_grained_average": 0.0
        },
        "ROUGE-L": {
          "max": 0.0,
          "median": 0.0,
          "fine_grained_average": 0.0,
          "coarse_grained_average": 0.0
        },
        "ACC": {
          "max": 0.2608695652173913,
          "median": 0.2608695652173913,
          "fine_grained_average": 0.2608695652173913,
          "coarse_grained_average": 0.2608695652173913
        },
        "length": {
          "max": 115,
          "median": 115.0,
          "fine_grained_average": 115.0,