{
  "BLEU": 0.020536670325489118,
  "F1": 0.09328165374677003,
  "ROUGE-1": 0.0,
  "ROUGE-2": 0.0,
  "ROUGE-L": 0.0,
  "ACC": 0.14573643410852713,
  "length": 645
}