{
  "BLEU": 0.01394532783034552,
  "F1": 0.06533191980495902,
  "ROUGE-1": 0.0,
  "ROUGE-2": 0.0,
  "ROUGE-L": 0.0,
  "ACC": 0.12418300653594772,
  "length": 153
}