{
  "calculate": {
    "groups": {
      "commonsense-qa_MUL": {
        "BLEU": {
          "max": 0.041447422554019876,
          "median": 0.041447422554019876,
          "fine_grained_average": 0.041447422554019876,
          "coarse_grained_average": 0.041447422554019876
        },
        "F1": {
          "max": 0.21826674262723395,
          "median": 0.21826674262723395,
          "fine_grained_average": 0.21826674262723395,
          "coarse_grained_average": 0.21826674262723395
        },
        "ROUGE-1": {
          "max": 0.0,
          "median": 0.0,
          "fine_grained_average": 0.0,
          "coarse_grained_average": 0.0
        },
        "ROUGE-2": {
          "max": 0.0,
          "median": 0.0,
          "fine_grained_average": 0.0,
          "coarse_grained_average": 0.0
        },
        "ROUGE-L": {
          "max": 0.0,
          "median": 0.0,
          "fine_grained_average": 0.0,
          "coarse_grained_average": 0.0
        },
        "ACC": {
          "max": 0.3006535947712418,
          "median": 0.3006535947712418,
          "fine_grained_average": 0.3006535947712418,
          "coarse_grained_average": 0.3006535947712418
        },
        "length": {
          "max": 153,
          "median": 153.0,
          "fine_grained_average": 153.0,
          "coarse_grained_average": 153.0
        }
      },
      "logic_MUL": {
        "BLEU": {
          "max": 0.017883085652835844,
          "median": 0.017883085652835844,
          "fine_grained_average": 0.017883085652835844,
          "coarse_grained_average": 0.017883085652835844
        },
        "F1": {
          "max": 0.08870567094762431,
          "median": 0.08870567094762431,
          "fine_grained_average": 0.08870567094762431,
          "coarse_grained_average": 0.08870567094762431
        },
        "ROUGE-1": {
          "max": 0.0,
          "median": 0.0,
          "fine_grained_average": 0.0,
          "coarse_grained_average": 0.0
        },
        "ROUGE-2": {
          "max": 0.0,
          "median": 0.0,
          "fine_grained_average": 0.0,
          "coarse_grained_average": 0.0
        },
        "ROUGE-L": {
          "max": 0.0,
          "median": 0.0,
          "fine_grained_average": 0.0,
          "coarse_grained_average": 0.0
        },
        "ACC": {
          "max": 0.16981132075471697,
          "median": 0.16981132075471697,
          "fine_grained_average": 0.16981132075471697,
          "coarse_grained_average": 0.16981132075471697
        },
        "length": {
          "max": 424,
          "median": 424.0,
          "fine_grained_average": 424.0,
          "coarse_grained_average": 424.0
        }
      },
      "math_MUL": {
        "BLEU": {
          "max": 0.015729926459669766,
          "median": 0.015729926459669766,
          "fine_grained_average": 0.015729926459669766,
          "coarse_grained_average": 0.015729926459669766
        },
        "F1": {
          "max": 0.08420356446672235,
          "median": 0.08420356446672235,
          "fine_grained_average": 0.08420356446672235,
          "coarse_grained_average": 0.08420356446672235
        },
        "ROUGE-1": {
          "max": 0.0,
          "median": 0.0,
          "fine_grained_average": 0.0,
          "coarse_grained_average": 0.0
        },
        "ROUGE-2": {
          "max": 0.0,
          "median": 0.0,
          "fine_grained_average": 0.0,
          "coarse_grained_average": 0.0
        },
        "ROUGE-L": {
          "max": 0.0,
          "median": 0.0,
          "fine_grained_average": 0.0,
          "coarse_grained_average": 0.0
        },
        "ACC": {
          "max": 0.21052631578947367,
          "median": 0.21052631578947367,
          "fine_grained_average": 0.21052631578947367,
          "coarse_grained_average": 0.21052631578947367
        },
        "length": {
          "max": 114,
          "median": 114.0,
          "fine_grained_average": 114.0,
          "coarse_grained_average": 114.0
        }
      },
      "reading-comprehension_MUL": {
        "BLEU": {
          "max": 0.012515744838112356,
          "median": 0.012515744838112356,
          "fine_grained_average": 0.012515744838112356,
          "coarse_grained_average": 0.012515744838112356
        },
        "F1": {
          "max": 0.06940693094262919,
          "median": 0.06940693094262919,
          "fine_grained_average": 0.06940693094262919,
          "coarse_grained_average": 0.06940693094262919
        },
        "ROUGE-1": {
          "max": 0.0,
          "median": 0.0,
          "fine_grained_average": 0.0,
          "coarse_grained_average": 0.0
        },
        "ROUGE-2": {
          "max": 0.0,
          "median": 0.0,
          "fine_grained_average": 0.0,
          "coarse_grained_average": 0.0
        },
        "ROUGE-L": {
          "max": 0.0,
          "median": 0.0,
          "fine_grained_average": 0.0,
          "coarse_grained_average": 0.0
        },
        "ACC": {
          "max": 0.3282442748091603,
          "median": 0.3282442748091603,
          "fine_grained_average": 0.3282442748091603,
          "coarse_grained_average": 0.3282442748091603
        },
        "length": {
          "max": 131,
          "median": 131.0,
          "fine_grained_average": 131.0,
          "coarse_grained_average": 131.0
        }
      },
      "real-world_MUL": {
        "BLEU": {
          "max": 0.014226235280311382,
          "median": 0.014226235280311382,
          "fine_grained_average": 0.014226235280311382,
          "coarse_grained_average": 0.014226235280311382
        },
        "F1": {
          "max": 0.08,
          "median": 0.08,
          "fine_grained_average": 0.08,
          "coarse_grained_average": 0.08
        },
        "ROUGE-1": {
          "max": 0.0,
          "median": 0.0,
          "fine_grained_average": 0.0,
          "coarse_grained_average": 0.0
        },
        "ROUGE-2": {
          "max": 0.0,
          "median": 0.0,
          "fine_grained_average": 0.0,
          "coarse_grained_average": 0.0
        },
        "ROUGE-L": {
          "max": 0.0,
          "median": 0.0,
          "fine_grained_average": 0.0,
          "coarse_grained_average": 0.0
        },
        "ACC": {
          "max": 0.264,
          "median": 0.264,
          "fine_grained_average": 0.264,
          "coarse_grained_average": 0.264
        },
        "length": {
          "max": 125,
          "median": 125.0,
          "fine_grained_average": 125.0,
          "coarse_grained_average": 125.0
        }
      },
      "science-qa_MUL": {
        "BLEU": {
          "max": 0.024901216317519608,
          "median": 0.024901216317519608,
          "fine_grained_average": 0.024901216317519608,
          "coarse_grained_average": 0.024901216317519608
        },
        "F1": {
          "max": 0.13278236914600547,
          "median": 0.13278236914600547,
          "fine_grained_average": 0.13278236914600547,
          "coarse_grained_average": 0.13278236914600547
        },
        "ROUGE-1": {
          "max": 0.0,
          "median": 0.0,
          "fine_grained_average": 0.0,
          "coarse_grained_average": 0.0
        },
        "ROUGE-2": {
          "max": 0.0,
          "median": 0.0,
          "fine_grained_average": 0.0,
          "coarse_grained_average": 0.0
        },
        "ROUGE-L": {
          "max": 0.0,
          "median": 0.0,
          "fine_grained_average": 0.0,
          "coarse_grained_average": 0.0
        },
        "ACC": {
          "max": 0.2644628099173554,
          "median": 0.2644628099173554,
          "fine_grained_average": 0.2644628099173554,
          "coarse_grained_average": 0.2644628099173554
        },
        "length": {
          "max": 121,
          "median": 121.0,
          "fine_grained_average": 121.0,
          "coarse_grained_average": 121.0
        }
      },
      "sentimental-analysis_MUL": {
        "BLEU": {
          "max": 0.00683018701133799,