{
  "BLEU": 0.008715200396883538,
  "F1": 0.07712249560801526,
  "ROUGE-1": 0.07772267562228333,
  "ROUGE-2": 0.005359232540729688,
  "ROUGE-L": 0.06452934620576617,
  "ACC-prefix": 0.0,
  "ACC-in": 0.0,
  "length": 185
}