{
  "BLEU": 0.008556600117264406,
  "F1": 0.05437914251473573,
  "ROUGE-1": 0.03055607252995378,
  "ROUGE-2": 0.003081664031376945,
  "ROUGE-L": 0.024642467997875308,
  "ACC-prefix": 0.0,
  "ACC-in": 0.0,
  "length": 59
}