{
  "BLEU": 0.011603063306377991,
  "F1": 0.07807881702497978,
  "ROUGE-1": 0.0743285836073726,
  "ROUGE-2": 0.01724587792663838,
  "ROUGE-L": 0.05799425438889396,
  "ACC-prefix": 0.0064516129032258064,
  "ACC-in": 0.0064516129032258064,
  "length": 155
}