{
  "BLEU": 0.013447491724133056,
  "F1": 0.06694322435057608,
  "ROUGE-1": 0.08502878591721356,
  "ROUGE-2": 0.0,
  "ROUGE-L": 0.07911731658044564,
  "ACC-prefix": 0.09821428571428571,
  "ACC-in": 0.32142857142857145,
  "length": 112
}