{
  "BLEU": 0.06373352510121845,
  "F1": 0.25732837395443575,
  "ROUGE-1": 0.2586726677738755,
  "ROUGE-2": 0.10604149372865375,
  "ROUGE-L": 0.2364067734963011,
  "ACC-prefix": 0.29333333333333333,
  "ACC-in": 0.5733333333333334,
  "length": 150
}