{
  "BLEU": 0.06194827822708817,
  "F1": 0.29233715392915044,
  "ROUGE-1": 0.0,
  "ROUGE-2": 0.0,
  "ROUGE-L": 0.0,
  "ACC": 0.4462809917355372,
  "length": 121
}