{
  "BLEU": 0.011660938471949826,
  "F1": 0.061594202898550714,
  "ROUGE-1": 0.0,
  "ROUGE-2": 0.0,
  "ROUGE-L": 0.0,
  "ACC": 0.08695652173913043,
  "length": 115
}