{
  "BLEU": 0.042563873960389256,
  "F1": 0.20730797912005966,
  "ROUGE-1": 0.0,
  "ROUGE-2": 0.0,
  "ROUGE-L": 0.0,
  "ACC": 0.28187919463087246,
  "length": 149
}