{
  "BLEU": 0.015420872646605573,
  "F1": 0.07785345270183544,
  "ROUGE-1": 0.0,
  "ROUGE-2": 0.0,
  "ROUGE-L": 0.0,
  "ACC": 0.10238095238095238,
  "length": 420
}