{
  "BLEU": 0.05201213152073812,
  "F1": 0.23188405797101447,
  "ROUGE-1": 0.0,
  "ROUGE-2": 0.0,
  "ROUGE-L": 0.0,
  "ACC": 0.34782608695652173,
  "length": 115
}