{
  "BLEU": 0.05191122186919912,
  "F1": 0.27901234567901234,
  "ROUGE-1": 0.0,
  "ROUGE-2": 0.0,
  "ROUGE-L": 0.0,
  "ACC": 0.31851851851851853,
  "length": 135
}