{
  "BLEU": 0.007708370342813429,
  "F1": 0.041198414993513184,
  "ROUGE-1": 0.04286629692327932,
  "ROUGE-2": 0.005683292573555772,
  "ROUGE-L": 0.03464116148931843,
  "ACC-prefix": 0.005405405405405406,
  "ACC-in": 0.016216216216216217,
  "length": 185
}