{
  "BLEU": 0.013020093230648982,
  "F1": 0.06966183574879227,
  "ROUGE-1": 0.0,
  "ROUGE-2": 0.0,
  "ROUGE-L": 0.0,
  "ACC": 0.16521739130434782,
  "length": 115
}