{
  "BLEU": 0.03476393959855019,
  "F1": 0.15480984340044743,
  "ROUGE-1": 0.0,
  "ROUGE-2": 0.0,
  "ROUGE-L": 0.0,
  "ACC": 0.348993288590604,
  "length": 149
}