{
  "BLEU": 0.010541283060376353,
  "F1": 0.053086419753086415,
  "ROUGE-1": 0.0,
  "ROUGE-2": 0.0,
  "ROUGE-L": 0.0,
  "ACC": 0.17777777777777778,
  "length": 135
}