{
  "BLEU": 0.026292978654376457,
  "F1": 0.14227397946406212,
  "ROUGE-1": 0.0,
  "ROUGE-2": 0.0,
  "ROUGE-L": 0.0,
  "ACC": 0.2396694214876033,
  "length": 121
}