{
  "BLEU": 0.014332347558402996,
  "F1": 0.07558776540919399,
  "ROUGE-1": 0.0,
  "ROUGE-2": 0.0,
  "ROUGE-L": 0.0,
  "ACC": 0.1595238095238095,
  "length": 420
}