{
  "BLEU": 0.0016612685967849529,
  "F1": 0.009937888198757763,
  "ROUGE-1": 0.0,
  "ROUGE-2": 0.0,
  "ROUGE-L": 0.0,
  "ACC": 0.1565217391304348,
  "length": 115
}