{
  "calculate": {
    "groups": {
      "K12_QA": {
        "BLEU": {
          "max": 0.01022066382062602,
          "median": 0.01022066382062602,
          "fine_grained_average": 0.01022066382062602,
          "coarse_grained_average": 0.01022066382062602
        },
        "F1": {
          "max": 0.07871984405555682,
          "median": 0.07871984405555682,
          "fine_grained_average": 0.07871984405555682,
          "coarse_grained_average": 0.07871984405555682
        },
        "ROUGE-1": {
          "max": 0.0804796869905098,
          "median": 0.0804796869905098,
          "fine_grained_average": 0.0804796869905098,
          "coarse_grained_average": 0.0804796869905098
        },
        "ROUGE-2": {
          "max": 0.009337207572455476,
          "median": 0.009337207572455476,
          "fine_grained_average": 0.009337207572455476,
          "coarse_grained_average": 0.009337207572455476
        },
        "ROUGE-L": {
          "max": 0.06463177385435598,
          "median": 0.06463177385435598,
          "fine_grained_average": 0.06463177385435598,
          "coarse_grained_average": 0.06463177385435598
        },
        "ACC-prefix": {
          "max": 0.0,
          "median": 0.0,
          "fine_grained_average": 0.0,
          "coarse_grained_average": 0.0
        },
        "ACC-in": {
          "max": 0.0,
          "median": 0.0,
          "fine_grained_average": 0.0,
          "coarse_grained_average": 0.0
        },
        "length": {
          "max": 185,
          "median": 185.0,
          "fine_grained_average": 185.0,
          "coarse_grained_average": 185.0
        }
      }
    },
    "overall": {
      "BLEU": {
        "max": 0.01022066382062602,
        "median": 0.01022066382062602,
        "fine_grained_average": 0.01022066382062602,
        "coarse_grained_average": 0.01022066382062602
      },
      "F1": {
        "max": 0.07871984405555682,
        "median": 0.07871984405555682,
        "fine_grained_average": 0.07871984405555682,
        "coarse_grained_average": 0.07871984405555682
      },
      "ROUGE-1": {
        "max": 0.0804796869905098,
        "median": 0.0804796869905098,
        "fine_grained_average": 0.0804796869905098,
        "coarse_grained_average": 0.0804796869905098
      },
      "ROUGE-2": {
        "max": 0.009337207572455476,
        "median": 0.009337207572455476,
        "fine_grained_average": 0.009337207572455476,
        "coarse_grained_average": 0.009337207572455476
      },
      "ROUGE-L": {
        "max": 0.06463177385435598,
        "median": 0.06463177385435598,
        "fine_grained_average": 0.06463177385435598,
        "coarse_grained_average": 0.06463177385435598
      },
      "ACC-prefix": {
        "max": 0.0,
        "median": 0.0,
        "fine_grained_average": 0.0,
        "coarse_grained_average": 0.0
      },
      "ACC-in": {
        "max": 0.0,
        "median": 0.0,
        "fine_grained_average": 0.0,
        "coarse_grained_average": 0.0
      },
      "length": {
        "max": 185,
        "median": 185.0,
        "fine_grained_average": 185.0,
        "coarse_grained_average": 185.0
      }
    }
  },
  "results": {
    "K12_QA": {
      "K12_QA.jsonl": {
        "BLEU": 0.01022066382062602,
        "F1": 0.07871984405555682,
        "ROUGE-1": 0.0804796869905098,
        "ROUGE-2": 0.009337207572455476,
        "ROUGE-L": 0.06463177385435598,
        "ACC-prefix": 0.0,
        "ACC-in": 0.0,
        "length": 185
      }
    }
  }
}