{
  "calculate": {
    "groups": {
      "K12_QA": {
        "BLEU": {
          "max": 0.019029568818684606,
          "median": 0.019029568818684606,
          "fine_grained_average": 0.019029568818684606,
          "coarse_grained_average": 0.019029568818684606
        },
        "F1": {
          "max": 0.10443125104390345,
          "median": 0.10443125104390345,
          "fine_grained_average": 0.10443125104390345,
          "coarse_grained_average": 0.10443125104390345
        },
        "ROUGE-1": {
          "max": 0.10465109068406338,
          "median": 0.10465109068406338,
          "fine_grained_average": 0.10465109068406338,
          "coarse_grained_average": 0.10465109068406338
        },
        "ROUGE-2": {
          "max": 0.029666555719970074,
          "median": 0.029666555719970074,
          "fine_grained_average": 0.029666555719970074,
          "coarse_grained_average": 0.029666555719970074
        },
        "ROUGE-L": {
          "max": 0.0865706623667067,
          "median": 0.0865706623667067,
          "fine_grained_average": 0.0865706623667067,
          "coarse_grained_average": 0.0865706623667067
        },
        "ACC-prefix": {
          "max": 0.016216216216216217,
          "median": 0.016216216216216217,
          "fine_grained_average": 0.016216216216216217,
          "coarse_grained_average": 0.016216216216216217
        },
        "ACC-in": {
          "max": 0.02702702702702703,
          "median": 0.02702702702702703,
          "fine_grained_average": 0.02702702702702703,
          "coarse_grained_average": 0.02702702702702703
        },
        "length": {
          "max": 185,
          "median": 185.0,
          "fine_grained_average": 185.0,
          "coarse_grained_average": 185.0
        }
      }
    },
    "overall": {
      "BLEU": {
        "max": 0.019029568818684606,
        "median": 0.019029568818684606,
        "fine_grained_average": 0.019029568818684606,
        "coarse_grained_average": 0.019029568818684606
      },
      "F1": {
        "max": 0.10443125104390345,
        "median": 0.10443125104390345,
        "fine_grained_average": 0.10443125104390345,
        "coarse_grained_average": 0.10443125104390345
      },
      "ROUGE-1": {
        "max": 0.10465109068406338,
        "median": 0.10465109068406338,
        "fine_grained_average": 0.10465109068406338,
        "coarse_grained_average": 0.10465109068406338
      },
      "ROUGE-2": {
        "max": 0.029666555719970074,
        "median": 0.029666555719970074,
        "fine_grained_average": 0.029666555719970074,
        "coarse_grained_average": 0.029666555719970074
      },
      "ROUGE-L": {
        "max": 0.0865706623667067,
        "median": 0.0865706623667067,
        "fine_grained_average": 0.0865706623667067,
        "coarse_grained_average": 0.0865706623667067
      },
      "ACC-prefix": {
        "max": 0.016216216216216217,
        "median": 0.016216216216216217,
        "fine_grained_average": 0.016216216216216217,
        "coarse_grained_average": 0.016216216216216217
      },
      "ACC-in": {
        "max": 0.02702702702702703,
        "median": 0.02702702702702703,
        "fine_grained_average": 0.02702702702702703,
        "coarse_grained_average": 0.02702702702702703
      },
      "length": {
        "max": 185,
        "median": 185.0,
        "fine_grained_average": 185.0,
        "coarse_grained_average": 185.0
      }
    }
  },
  "results": {
    "K12_QA": {
      "K12_QA.jsonl": {
        "BLEU": 0.019029568818684606,
        "F1": 0.10443125104390345,
        "ROUGE-1": 0.10465109068406338,
        "ROUGE-2": 0.029666555719970074,
        "ROUGE-L": 0.0865706623667067,
        "ACC-prefix": 0.016216216216216217,
        "ACC-in": 0.02702702702702703,
        "length": 185
      }
    }
  }
}