{
  "calculate": {
    "groups": {
      "factual-qa_QA": {
        "BLEU": {
          "max": 0.005072898186319019,
          "median": 0.005072898186319019,
          "fine_grained_average": 0.005072898186319019,
          "coarse_grained_average": 0.005072898186319019
        },
        "F1": {
          "max": 0.10256410256410255,
          "median": 0.10256410256410255,
          "fine_grained_average": 0.10256410256410255,
          "coarse_grained_average": 0.10256410256410255
        },
        "ROUGE-1": {
          "max": 0.10256410169625246,
          "median": 0.10256410169625246,
          "fine_grained_average": 0.10256410169625246,
          "coarse_grained_average": 0.10256410169625246
        },
        "ROUGE-2": {
          "max": 0.0,
          "median": 0.0,
          "fine_grained_average": 0.0,
          "coarse_grained_average": 0.0
        },
        "ROUGE-L": {
          "max": 0.06837606750821829,
          "median": 0.06837606750821829,
          "fine_grained_average": 0.06837606750821829,
          "coarse_grained_average": 0.06837606750821829
        },
        "ACC-prefix": {
          "max": 0.0,
          "median": 0.0,
          "fine_grained_average": 0.0,
          "coarse_grained_average": 0.0
        },
        "ACC-in": {
          "max": 0.0,
          "median": 0.0,
          "fine_grained_average": 0.0,
          "coarse_grained_average": 0.0
        },
        "length": {
          "max": 9,
          "median": 9.0,
          "fine_grained_average": 9.0,
          "coarse_grained_average": 9.0
        }
      },
      "logic_QA": {
        "BLEU": {
          "max": 0.008742890483396625,
          "median": 0.008742890483396625,
          "fine_grained_average": 0.008742890483396625,
          "coarse_grained_average": 0.008742890483396625
        },
        "F1": {
          "max": 0.02465417224453369,
          "median": 0.02465417224453369,
          "fine_grained_average": 0.02465417224453369,
          "coarse_grained_average": 0.02465417224453369
        },
        "ROUGE-1": {
          "max": 0.024654172090667198,
          "median": 0.024654172090667198,
          "fine_grained_average": 0.024654172090667198,
          "coarse_grained_average": 0.024654172090667198
        },
        "ROUGE-2": {
          "max": 0.007710843313349399,
          "median": 0.007710843313349399,
          "fine_grained_average": 0.007710843313349399,
          "coarse_grained_average": 0.007710843313349399
        },
        "ROUGE-L": {
          "max": 0.02286925464309915,
          "median": 0.02286925464309915,
          "fine_grained_average": 0.02286925464309915,
          "coarse_grained_average": 0.02286925464309915
        },
        "ACC-prefix": {
          "max": 0.012048192771084338,
          "median": 0.012048192771084338,
          "fine_grained_average": 0.012048192771084338,
          "coarse_grained_average": 0.012048192771084338
        },
        "ACC-in": {
          "max": 0.012048192771084338,
          "median": 0.012048192771084338,
          "fine_grained_average": 0.012048192771084338,
          "coarse_grained_average": 0.012048192771084338
        },
        "length": {
          "max": 83,
          "median": 83.0,
          "fine_grained_average": 83.0,
          "coarse_grained_average": 83.0
        }
      },
      "real-world_QA": {
        "BLEU": {
          "max": 0.010108820159780742,
          "median": 0.010108820159780742,
          "fine_grained_average": 0.010108820159780742,
          "coarse_grained_average": 0.010108820159780742
        },
        "F1": {
          "max": 0.07666666666666666,
          "median": 0.07666666666666666,
          "fine_grained_average": 0.07666666666666666,
          "coarse_grained_average": 0.07666666666666666
        },
        "ROUGE-1": {
          "max": 0.07666666621002924,
          "median": 0.07666666621002924,
          "fine_grained_average": 0.07666666621002924,
          "coarse_grained_average": 0.07666666621002924
        },
        "ROUGE-2": {
          "max": 0.0,
          "median": 0.0,
          "fine_grained_average": 0.0,
          "coarse_grained_average": 0.0
        },
        "ROUGE-L": {
          "max": 0.07666666621002924,
          "median": 0.07666666621002924,
          "fine_grained_average": 0.07666666621002924,
          "coarse_grained_average": 0.07666666621002924
        },
        "ACC-prefix": {
          "max": 0.031578947368421054,
          "median": 0.031578947368421054,
          "fine_grained_average": 0.031578947368421054,
          "coarse_grained_average": 0.031578947368421054
        },
        "ACC-in": {
          "max": 0.031578947368421054,
          "median": 0.031578947368421054,
          "fine_grained_average": 0.031578947368421054,
          "coarse_grained_average": 0.031578947368421054
        },
        "length": {
          "max": 190,
          "median": 190.0,
          "fine_grained_average": 190.0,
          "coarse_grained_average": 190.0
        }
      }
    },
    "overall": {
      "BLEU": {
        "max": 0.010108820159780742,
        "median": 0.008742890483396625,
        "fine_grained_average": 0.009546070298429545,
        "coarse_grained_average": 0.007974869609832128
      },
      "F1": {
        "max": 0.10256410256410255,
        "median": 0.07666666666666666,
        "fine_grained_average": 0.062184538602978325,
        "coarse_grained_average": 0.0679616471584343
      },
      "ROUGE-1": {
        "max": 0.10256410169625246,
        "median": 0.07666666621002924,
        "fine_grained_average": 0.06218453822233051,
        "coarse_grained_average": 0.06796164666564963
      },
      "ROUGE-2": {
        "max": 0.007710843313349399,
        "median": 0.0,
        "fine_grained_average": 0.0022695035283971632,
        "coarse_grained_average": 0.0025702811044497997
      },
      "ROUGE-L": {
        "max": 0.07666666621002924,
        "median": 0.06837606750821829,
        "fine_grained_average": 0.06056808270516578,
        "coarse_grained_average": 0.055970662787115565
      },
      "ACC-prefix": {
        "max": 0.031578947368421054,
        "median": 0.012048192771084338,
        "fine_grained_average": 0.024822695035460994,
        "coarse_grained_average": 0.014542380046501796
      },
      "ACC-in": {
        "max": 0.031578947368421054,
        "median": 0.012048192771084338,
        "fine_grained_average": 0.024822695035460994,
        "coarse_grained_average": 0.014542380046501796
      },
      "length": {
        "max": 190,
        "median": 83.0,
        "fine_grained_average": 152.7304964539007,
        "coarse_grained_average": 94.0
      }
    }
  },
  "results": {
    "factual-qa_QA": {
      "factual-qa_QA.jsonl": {
        "BLEU": 0.005072898186319019,
        "F1": 0.10256410256410255,
        "ROUGE-1": 0.10256410169625246,
        "ROUGE-2": 0.0,
        "ROUGE-L": 0.06837606750821829,
        "ACC-prefix": 0.0,
        "ACC-in": 0.0,
        "length": 9
      }
    },
    "logic_QA": {
      "logic_QA.jsonl": {
        "BLEU": 0.008742890483396625,
        "F1": 0.02465417224453369,
        "ROUGE-1": 0.024654172090667198,
        "ROUGE-2": 0.007710843313349399,
        "ROUGE-L": 0.02286925464309915,
        "ACC-prefix": 0.012048192771084338,
        "ACC-in": 0.012048192771084338,
        "length": 83
      }
    },
    "real-world_QA": {
      "real-world_QA.jsonl": {
        "BLEU": 0.010108820159780742,
        "F1": 0.07666666666666666,
        "ROUGE-1": 0.07666666621002924,
        "ROUGE-2": 0.0,
        "ROUGE-L": 0.07666666621002924,
        "ACC-prefix": 0.031578947368421054,
        "ACC-in": 0.031578947368421054,
        "length": 190
      }
    }
  }
}