{
  "calculate": {
    "groups": {
      "commonsense-qa_MUL": {
        "BLEU": {
          "max": 0.037585737387725485,
          "median": 0.037585737387725485,
          "fine_grained_average": 0.037585737387725485,
          "coarse_grained_average": 0.037585737387725485
        },
        "F1": {
          "max": 0.21152783260955388,
          "median": 0.21152783260955388,
          "fine_grained_average": 0.21152783260955388,
          "coarse_grained_average": 0.21152783260955388
        },
        "ROUGE-1": {
          "max": 0.0,
          "median": 0.0,
          "fine_grained_average": 0.0,
          "coarse_grained_average": 0.0
        },
        "ROUGE-2": {
          "max": 0.0,
          "median": 0.0,
          "fine_grained_average": 0.0,
          "coarse_grained_average": 0.0
        },
        "ROUGE-L": {
          "max": 0.0,
          "median": 0.0,
          "fine_grained_average": 0.0,
          "coarse_grained_average": 0.0
        },
        "ACC": {
          "max": 0.22818791946308725,
          "median": 0.22818791946308725,
          "fine_grained_average": 0.22818791946308725,
          "coarse_grained_average": 0.22818791946308725
        },
        "length": {
          "max": 149,
          "median": 149.0,
          "fine_grained_average": 149.0,
          "coarse_grained_average": 149.0
        }
      },
      "inference_MUL": {
        "BLEU": {
          "max": 0.018774374375455993,
          "median": 0.018774374375455993,
          "fine_grained_average": 0.018774374375455993,
          "coarse_grained_average": 0.018774374375455993
        },
        "F1": {
          "max": 0.1060374149659864,
          "median": 0.1060374149659864,
          "fine_grained_average": 0.1060374149659864,
          "coarse_grained_average": 0.1060374149659864
        },
        "ROUGE-1": {
          "max": 0.0,
          "median": 0.0,
          "fine_grained_average": 0.0,
          "coarse_grained_average": 0.0
        },
        "ROUGE-2": {
          "max": 0.0,
          "median": 0.0,
          "fine_grained_average": 0.0,
          "coarse_grained_average": 0.0
        },
        "ROUGE-L": {
          "max": 0.0,
          "median": 0.0,
          "fine_grained_average": 0.0,
          "coarse_grained_average": 0.0
        },
        "ACC": {
          "max": 0.10952380952380952,
          "median": 0.10952380952380952,
          "fine_grained_average": 0.10952380952380952,
          "coarse_grained_average": 0.10952380952380952
        },
        "length": {
          "max": 420,
          "median": 420.0,
          "fine_grained_average": 420.0,
          "coarse_grained_average": 420.0
        }
      },
      "math_MUL": {
        "BLEU": {
          "max": 0.04273892472827689,
          "median": 0.04273892472827689,
          "fine_grained_average": 0.04273892472827689,
          "coarse_grained_average": 0.04273892472827689
        },
        "F1": {
          "max": 0.2391304347826087,
          "median": 0.2391304347826087,
          "fine_grained_average": 0.2391304347826087,
          "coarse_grained_average": 0.2391304347826087
        },
        "ROUGE-1": {
          "max": 0.0,
          "median": 0.0,
          "fine_grained_average": 0.0,
          "coarse_grained_average": 0.0
        },
        "ROUGE-2": {
          "max": 0.0,
          "median": 0.0,
          "fine_grained_average": 0.0,
          "coarse_grained_average": 0.0
        },
        "ROUGE-L": {
          "max": 0.0,
          "median": 0.0,
          "fine_grained_average": 0.0,
          "coarse_grained_average": 0.0
        },
        "ACC": {
          "max": 0.2608695652173913,
          "median": 0.2608695652173913,
          "fine_grained_average": 0.2608695652173913,
          "coarse_grained_average": 0.2608695652173913
        },
        "length": {
          "max": 115,
          "median": 115.0,
          "fine_grained_average": 115.0,
          "coarse_grained_average": 115.0
        }
      },
      "real-world_MUL": {
        "BLEU": {
          "max": 0.05927598033463076,
          "median": 0.05927598033463076,
          "fine_grained_average": 0.05927598033463076,
          "coarse_grained_average": 0.05927598033463076
        },
        "F1": {
          "max": 0.3333333333333333,
          "median": 0.3333333333333333,
          "fine_grained_average": 0.3333333333333333,
          "coarse_grained_average": 0.3333333333333333
        },
        "ROUGE-1": {
          "max": 0.0,
          "median": 0.0,
          "fine_grained_average": 0.0,
          "coarse_grained_average": 0.0
        },
        "ROUGE-2": {
          "max": 0.0,
          "median": 0.0,
          "fine_grained_average": 0.0,
          "coarse_grained_average": 0.0
        },
        "ROUGE-L": {
          "max": 0.0,
          "median": 0.0,
          "fine_grained_average": 0.0,
          "coarse_grained_average": 0.0
        },
        "ACC": {
          "max": 0.3333333333333333,
          "median": 0.3333333333333333,
          "fine_grained_average": 0.3333333333333333,
          "coarse_grained_average": 0.3333333333333333
        },
        "length": {
          "max": 135,
          "median": 135.0,
          "fine_grained_average": 135.0,
          "coarse_grained_average": 135.0
        }
      },
      "science-qa_MUL": {
        "BLEU": {
          "max": 0.09846671113438664,
          "median": 0.09846671113438664,
          "fine_grained_average": 0.09846671113438664,
          "coarse_grained_average": 0.09846671113438664
        },
        "F1": {
          "max": 0.5537190082644629,
          "median": 0.5537190082644629,
          "fine_grained_average": 0.5537190082644629,
          "coarse_grained_average": 0.5537190082644629
        },
        "ROUGE-1": {
          "max": 0.0,
          "median": 0.0,
          "fine_grained_average": 0.0,
          "coarse_grained_average": 0.0
        },
        "ROUGE-2": {
          "max": 0.0,
          "median": 0.0,
          "fine_grained_average": 0.0,
          "coarse_grained_average": 0.0
        },
        "ROUGE-L": {
          "max": 0.0,
          "median": 0.0,
          "fine_grained_average": 0.0,
          "coarse_grained_average": 0.0
        },
        "ACC": {
          "max": 0.5537190082644629,
          "median": 0.5537190082644629,
          "fine_grained_average": 0.5537190082644629,
          "coarse_grained_average": 0.5537190082644629
        },
        "length": {
          "max": 121,
          "median": 121.0,
          "fine_grained_average": 121.0,
          "coarse_grained_average": 121.0
        }
      },
      "sentimental-analysis_MUL": {
        "BLEU": {
          "max": 0.03401925827900548,
          "median": 0.03401925827900548,
          "fine_grained_average": 0.03401925827900548,
          "coarse_grained_average": 0.03401925827900548
        },
        "F1": {
          "max": 0.19130434782608696,
          "median": 0.19130434782608696,
          "fine_grained_average": 0.19130434782608696,
          "coarse_grained_average": 0.19130434782608696
        },
        "ROUGE-1": {
          "max": 0.0,
          "median": 0.0,
          "fine_grained_average": 0.0,
          "coarse_grained_average": 0.0
        },
        "ROUGE-2": {
          "max": 0.0,
          "median": 0.0,
          "fine_grained_average": 0.0,
          "coarse_grained_average": 0.0
        },
        "ROUGE-L": {
          "max": 0.0,
          "median": 0.0,
          "fine_grained_average": 0.0,
          "coarse_grained_average": 0.0
        },
        "ACC": {
          "max": 0.19130434782608696,
          "median": 0.19130434782608696,
          "fine_grained_average": 0.19130434782608696,
          "coarse_grained_average": 0.19130434782608696
        },
        "length": {
          "max": 115,
          "median": 115.0,
          "fine_grained_average": 115.0,
          "coarse_grained_average": 115.0
        }
      }
    },