{
  "BLEU": 0.02617309408336581,
  "F1": 0.15178536351223879,
  "ROUGE-1": 0.0,
  "ROUGE-2": 0.0,
  "ROUGE-L": 0.0,
  "ACC": 0.17391304347826086,
  "length": 115
}