{
  "BLEU": 0.03956034815699995,
  "F1": 0.22402890695573616,
  "ROUGE-1": 0.0,
  "ROUGE-2": 0.0,
  "ROUGE-L": 0.0,
  "ACC": 0.2222222222222222,
  "length": 135
}