{
  "BLEU": 0.013041205917513657,
  "F1": 0.07692732907463351,
  "ROUGE-1": 0.0,
  "ROUGE-2": 0.0,
  "ROUGE-L": 0.0,
  "ACC": 0.09917355371900827,
  "length": 121
}