{
  "BLEU": 0.005044007677679343,
  "F1": 0.030726819198646994,
  "ROUGE-1": 0.0,
  "ROUGE-2": 0.0,
  "ROUGE-L": 0.0,
  "ACC": 0.03571428571428571,
  "length": 420
}