{
  "BLEU": 0.04250987060799253,
  "F1": 0.20750598863187403,
  "ROUGE-1": 0.0,
  "ROUGE-2": 0.0,
  "ROUGE-L": 0.0,
  "ACC": 0.3288590604026846,
  "length": 149
}