{
  "BLEU": 0.01861740977148605,
  "F1": 0.10651695874262734,
  "ROUGE-1": 0.0,
  "ROUGE-2": 0.0,
  "ROUGE-L": 0.0,
  "ACC": 0.12173913043478261,
  "length": 115
}