{
  "BLEU": 0.03163816179537457,
  "F1": 0.17099411130831688,
  "ROUGE-1": 0.17324697258337904,
  "ROUGE-2": 0.04484789427159738,
  "ROUGE-L": 0.1589391547221758,
  "ACC-prefix": 0.021621621621621623,
  "ACC-in": 0.021621621621621623,
  "length": 185
}