{
  "calculate": {
    "groups": {
      "K12_QA": {
        "BLEU": {
          "max": 0.06978128253098687,
          "median": 0.06978128253098687,
          "fine_grained_average": 0.06978128253098687,
          "coarse_grained_average": 0.06978128253098687
        },
        "F1": {
          "max": 0.2609337042634775,
          "median": 0.2609337042634775,
          "fine_grained_average": 0.2609337042634775,
          "coarse_grained_average": 0.2609337042634775
        },
        "ROUGE-1": {
          "max": 0.2641794874480796,
          "median": 0.2641794874480796,
          "fine_grained_average": 0.2641794874480796,
          "coarse_grained_average": 0.2641794874480796
        },
        "ROUGE-2": {
          "max": 0.09475140196202543,
          "median": 0.09475140196202543,
          "fine_grained_average": 0.09475140196202543,
          "coarse_grained_average": 0.09475140196202543
        },
        "ROUGE-L": {
          "max": 0.23817863585807633,
          "median": 0.23817863585807633,
          "fine_grained_average": 0.23817863585807633,
          "coarse_grained_average": 0.23817863585807633
        },
        "ACC-prefix": {
          "max": 0.07027027027027027,
          "median": 0.07027027027027027,
          "fine_grained_average": 0.07027027027027027,
          "coarse_grained_average": 0.07027027027027027
        },
        "ACC-in": {
          "max": 0.07567567567567568,
          "median": 0.07567567567567568,
          "fine_grained_average": 0.07567567567567568,
          "coarse_grained_average": 0.07567567567567568
        },
        "length": {
          "max": 185,
          "median": 185.0,
          "fine_grained_average": 185.0,
          "coarse_grained_average": 185.0
        }
      }
    },
    "overall": {
      "BLEU": {
        "max": 0.06978128253098687,
        "median": 0.06978128253098687,
        "fine_grained_average": 0.06978128253098687,
        "coarse_grained_average": 0.06978128253098687
      },
      "F1": {
        "max": 0.2609337042634775,
        "median": 0.2609337042634775,
        "fine_grained_average": 0.2609337042634775,
        "coarse_grained_average": 0.2609337042634775
      },
      "ROUGE-1": {
        "max": 0.2641794874480796,
        "median": 0.2641794874480796,
        "fine_grained_average": 0.2641794874480796,
        "coarse_grained_average": 0.2641794874480796
      },
      "ROUGE-2": {
        "max": 0.09475140196202543,
        "median": 0.09475140196202543,
        "fine_grained_average": 0.09475140196202543,
        "coarse_grained_average": 0.09475140196202543
      },
      "ROUGE-L": {
        "max": 0.23817863585807633,
        "median": 0.23817863585807633,
        "fine_grained_average": 0.23817863585807633,
        "coarse_grained_average": 0.23817863585807633
      },
      "ACC-prefix": {
        "max": 0.07027027027027027,
        "median": 0.07027027027027027,
        "fine_grained_average": 0.07027027027027027,
        "coarse_grained_average": 0.07027027027027027
      },
      "ACC-in": {
        "max": 0.07567567567567568,
        "median": 0.07567567567567568,
        "fine_grained_average": 0.07567567567567568,
        "coarse_grained_average": 0.07567567567567568
      },
      "length": {
        "max": 185,
        "median": 185.0,
        "fine_grained_average": 185.0,
        "coarse_grained_average": 185.0
      }
    }
  },
  "results": {
    "K12_QA": {
      "K12_QA.jsonl": {
        "BLEU": 0.06978128253098687,
        "F1": 0.2609337042634775,
        "ROUGE-1": 0.2641794874480796,
        "ROUGE-2": 0.09475140196202543,
        "ROUGE-L": 0.23817863585807633,
        "ACC-prefix": 0.07027027027027027,
        "ACC-in": 0.07567567567567568,
        "length": 185
      }
    }
  }
}