{
  "calculate": {
    "groups": {
      "factual-qa_QA": {
        "BLEU": {
          "max": 0.03208097478443875,
          "median": 0.03208097478443875,
          "fine_grained_average": 0.03208097478443875,
          "coarse_grained_average": 0.03208097478443875
        },
        "F1": {
          "max": 0.1706517799529607,
          "median": 0.1706517799529607,
          "fine_grained_average": 0.1706517799529607,
          "coarse_grained_average": 0.1706517799529607
        },
        "ROUGE-1": {
          "max": 0.17176238260369497,
          "median": 0.17176238260369497,
          "fine_grained_average": 0.17176238260369497,
          "coarse_grained_average": 0.17176238260369497
        },
        "ROUGE-2": {
          "max": 0.04261397432237854,
          "median": 0.04261397432237854,
          "fine_grained_average": 0.04261397432237854,
          "coarse_grained_average": 0.04261397432237854
        },
        "ROUGE-L": {
          "max": 0.16047856812384972,
          "median": 0.16047856812384972,
          "fine_grained_average": 0.16047856812384972,
          "coarse_grained_average": 0.16047856812384972
        },
        "ACC-prefix": {
          "max": 0.0064516129032258064,
          "median": 0.0064516129032258064,
          "fine_grained_average": 0.0064516129032258064,
          "coarse_grained_average": 0.0064516129032258064
        },
        "ACC-in": {
          "max": 0.01935483870967742,
          "median": 0.01935483870967742,
          "fine_grained_average": 0.01935483870967742,
          "coarse_grained_average": 0.01935483870967742
        },
        "length": {
          "max": 155,
          "median": 155.0,
          "fine_grained_average": 155.0,
          "coarse_grained_average": 155.0
        }
      },
      "inference_QA": {
        "BLEU": {
          "max": 0.07209717338030888,
          "median": 0.07209717338030888,
          "fine_grained_average": 0.07209717338030888,
          "coarse_grained_average": 0.07209717338030888
        },
        "F1": {
          "max": 0.32142857142857145,
          "median": 0.32142857142857145,
          "fine_grained_average": 0.32142857142857145,
          "coarse_grained_average": 0.32142857142857145
        },
        "ROUGE-1": {
          "max": 0.3214285692857143,
          "median": 0.3214285692857143,
          "fine_grained_average": 0.3214285692857143,
          "coarse_grained_average": 0.3214285692857143
        },
        "ROUGE-2": {
          "max": 0.0,
          "median": 0.0,
          "fine_grained_average": 0.0,
          "coarse_grained_average": 0.0
        },
        "ROUGE-L": {
          "max": 0.3214285692857143,
          "median": 0.3214285692857143,
          "fine_grained_average": 0.3214285692857143,
          "coarse_grained_average": 0.3214285692857143
        },
        "ACC-prefix": {
          "max": 0.48214285714285715,
          "median": 0.48214285714285715,
          "fine_grained_average": 0.48214285714285715,
          "coarse_grained_average": 0.48214285714285715
        },
        "ACC-in": {
          "max": 0.48214285714285715,
          "median": 0.48214285714285715,
          "fine_grained_average": 0.48214285714285715,
          "coarse_grained_average": 0.48214285714285715
        },
        "length": {
          "max": 112,
          "median": 112.0,
          "fine_grained_average": 112.0,
          "coarse_grained_average": 112.0
        }
      },
      "math_QA": {
        "BLEU": {
          "max": 0.02209412953390576,
          "median": 0.02209412953390576,
          "fine_grained_average": 0.02209412953390576,
          "coarse_grained_average": 0.02209412953390576
        },
        "F1": {
          "max": 0.08926553672316383,
          "median": 0.08926553672316383,
          "fine_grained_average": 0.08926553672316383,
          "coarse_grained_average": 0.08926553672316383
        },
        "ROUGE-1": {
          "max": 0.0696125902304566,
          "median": 0.0696125902304566,
          "fine_grained_average": 0.0696125902304566,
          "coarse_grained_average": 0.0696125902304566
        },
        "ROUGE-2": {
          "max": 0.0075329566101694926,
          "median": 0.0075329566101694926,
          "fine_grained_average": 0.0075329566101694926,
          "coarse_grained_average": 0.0075329566101694926
        },
        "ROUGE-L": {
          "max": 0.06856702562740756,
          "median": 0.06856702562740756,
          "fine_grained_average": 0.06856702562740756,
          "coarse_grained_average": 0.06856702562740756
        },
        "ACC-prefix": {
          "max": 0.03389830508474576,
          "median": 0.03389830508474576,
          "fine_grained_average": 0.03389830508474576,
          "coarse_grained_average": 0.03389830508474576
        },
        "ACC-in": {
          "max": 0.03389830508474576,
          "median": 0.03389830508474576,
          "fine_grained_average": 0.03389830508474576,
          "coarse_grained_average": 0.03389830508474576
        },
        "length": {
          "max": 59,
          "median": 59.0,
          "fine_grained_average": 59.0,
          "coarse_grained_average": 59.0
        }
      },
      "reading-comprehension_QA": {
        "BLEU": {
          "max": 0.2825783500102839,
          "median": 0.2825783500102839,
          "fine_grained_average": 0.2825783500102839,
          "coarse_grained_average": 0.2825783500102839
        },
        "F1": {
          "max": 0.6985818750635701,
          "median": 0.6985818750635701,
          "fine_grained_average": 0.6985818750635701,
          "coarse_grained_average": 0.6985818750635701
        },
        "ROUGE-1": {
          "max": 0.6985818708592685,
          "median": 0.6985818708592685,
          "fine_grained_average": 0.6985818708592685,
          "coarse_grained_average": 0.6985818708592685
        },
        "ROUGE-2": {
          "max": 0.39242638687164466,
          "median": 0.39242638687164466,
          "fine_grained_average": 0.39242638687164466,
          "coarse_grained_average": 0.39242638687164466
        },
        "ROUGE-L": {
          "max": 0.6954288011947812,
          "median": 0.6954288011947812,
          "fine_grained_average": 0.6954288011947812,
          "coarse_grained_average": 0.6954288011947812
        },
        "ACC-prefix": {
          "max": 0.7666666666666667,
          "median": 0.7666666666666667,
          "fine_grained_average": 0.7666666666666667,
          "coarse_grained_average": 0.7666666666666667
        },
        "ACC-in": {
          "max": 0.8866666666666667,
          "median": 0.8866666666666667,
          "fine_grained_average": 0.8866666666666667,
          "coarse_grained_average": 0.8866666666666667
        },
        "length": {
          "max": 150,
          "median": 150.0,
          "fine_grained_average": 150.0,
          "coarse_grained_average": 150.0
        }
      },
      "real-world_QA": {
        "BLEU": {
          "max": 0.018165802530459817,
          "median": 0.018165802530459817,
          "fine_grained_average": 0.018165802530459817,
          "coarse_grained_average": 0.018165802530459817
        },
        "F1": {
          "max": 0.11157455683003127,
          "median": 0.11157455683003127,
          "fine_grained_average": 0.11157455683003127,
          "coarse_grained_average": 0.11157455683003127
        },
        "ROUGE-1": {
          "max": 0.11192214045417682,
          "median": 0.11192214045417682,
          "fine_grained_average": 0.11192214045417682,
          "coarse_grained_average": 0.11192214045417682
        },
        "ROUGE-2": {
          "max": 0.0,
          "median": 0.0,
          "fine_grained_average": 0.0,
          "coarse_grained_average": 0.0
        },
        "ROUGE-L": {
          "max": 0.11111111045327568,
          "median": 0.11111111045327568,
          "fine_grained_average": 0.11111111045327568,
          "coarse_grained_average": 0.11111111045327568
        },