{
  "BLEU": 0.11802891441903732,
  "F1": 0.42609670151159446,
  "ROUGE-1": 0.43255401188492054,
  "ROUGE-2": 0.18313412067930282,
  "ROUGE-L": 0.35343939985101624,
  "ACC-prefix": 0.52,
  "ACC-in": 0.7066666666666667,
  "length": 150
}