{
  "BLEU": 0.028277342659558984,
  "F1": 0.13349358974358974,
  "ROUGE-1": 0.1805294476360755,
  "ROUGE-2": 0.0,
  "ROUGE-L": 0.18013181895282873,
  "ACC-prefix": 0.05357142857142857,
  "ACC-in": 0.21428571428571427,
  "length": 112
}