{
  "BLEU": 0.0013043615203186688,
  "F1": 0.008110300081103002,
  "ROUGE-1": 0.008158007684060314,
  "ROUGE-2": 0.0,
  "ROUGE-L": 0.007401357728811182,
  "ACC-prefix": 0.0072992700729927005,
  "ACC-in": 0.014598540145985401,
  "length": 137
}