{
  "BLEU": 0.011433805350377923,
  "F1": 0.08148119816174841,
  "ROUGE-1": 0.0807563331389974,
  "ROUGE-2": 0.011099136833060979,
  "ROUGE-L": 0.06619008118731563,
  "ACC-prefix": 0.0,
  "ACC-in": 0.012903225806451613,
  "length": 155
}