{
  "BLEU": 0.004286542154826365,
  "F1": 0.05324891127483351,
  "ROUGE-1": 0.028820802171592205,
  "ROUGE-2": 0.0032284099388908117,
  "ROUGE-L": 0.014420374549007088,
  "ACC-prefix": 0.01694915254237288,
  "ACC-in": 0.05084745762711865,
  "length": 59
}