{
  "BLEU": 0.07720535669446281,
  "F1": 0.3208387499658469,
  "ROUGE-1": 0.3315894197140719,
  "ROUGE-2": 0.10998203719840886,
  "ROUGE-L": 0.30543529384957,
  "ACC-prefix": 0.08648648648648649,
  "ACC-in": 0.14054054054054055,
  "length": 185
}