{
  "calculate": {
    "groups": {
      "K12_MUL": {
        "BLEU": {
          "max": 0.005543848035272107,
          "median": 0.005543848035272107,
          "fine_grained_average": 0.005543848035272107,
          "coarse_grained_average": 0.005543848035272107
        },
        "F1": {
          "max": 0.03365902204101906,
          "median": 0.03365902204101906,
          "fine_grained_average": 0.03365902204101906,
          "coarse_grained_average": 0.03365902204101906
        },
        "ROUGE-1": {
          "max": 0.0,
          "median": 0.0,
          "fine_grained_average": 0.0,
          "coarse_grained_average": 0.0
        },
        "ROUGE-2": {
          "max": 0.0,
          "median": 0.0,
          "fine_grained_average": 0.0,
          "coarse_grained_average": 0.0
        },
        "ROUGE-L": {
          "max": 0.0,
          "median": 0.0,
          "fine_grained_average": 0.0,
          "coarse_grained_average": 0.0
        },
        "ACC": {
          "max": 0.05736434108527132,
          "median": 0.05736434108527132,
          "fine_grained_average": 0.05736434108527132,
          "coarse_grained_average": 0.05736434108527132
        },
        "length": {
          "max": 645,
          "median": 645.0,
          "fine_grained_average": 645.0,
          "coarse_grained_average": 645.0
        }
      },
      "chinese-gov-test_MUL": {
        "BLEU": {
          "max": 0.004874077662526509,
          "median": 0.004874077662526509,
          "fine_grained_average": 0.004874077662526509,
          "coarse_grained_average": 0.004874077662526509
        },
        "F1": {
          "max": 0.030105930094661216,
          "median": 0.030105930094661216,
          "fine_grained_average": 0.030105930094661216,
          "coarse_grained_average": 0.030105930094661216
        },
        "ROUGE-1": {
          "max": 0.0,
          "median": 0.0,
          "fine_grained_average": 0.0,
          "coarse_grained_average": 0.0
        },
        "ROUGE-2": {
          "max": 0.0,
          "median": 0.0,
          "fine_grained_average": 0.0,
          "coarse_grained_average": 0.0
        },
        "ROUGE-L": {
          "max": 0.0,
          "median": 0.0,
          "fine_grained_average": 0.0,
          "coarse_grained_average": 0.0
        },
        "ACC": {
          "max": 0.05228758169934641,
          "median": 0.05228758169934641,
          "fine_grained_average": 0.05228758169934641,
          "coarse_grained_average": 0.05228758169934641
        },
        "length": {
          "max": 153,
          "median": 153.0,
          "fine_grained_average": 153.0,
          "coarse_grained_average": 153.0
        }
      }
    },
    "overall": {
      "BLEU": {
        "max": 0.005543848035272107,
        "median": 0.005208962848899308,
        "fine_grained_average": 0.005415433414933665,
        "coarse_grained_average": 0.005208962848899308
      },
      "F1": {
        "max": 0.03365902204101906,
        "median": 0.031882476067840136,
        "fine_grained_average": 0.0329777901264918,
        "coarse_grained_average": 0.031882476067840136
      },
      "ROUGE-1": {
        "max": 0.0,
        "median": 0.0,
        "fine_grained_average": 0.0,
        "coarse_grained_average": 0.0
      },
      "ROUGE-2": {
        "max": 0.0,
        "median": 0.0,
        "fine_grained_average": 0.0,
        "coarse_grained_average": 0.0
      },
      "ROUGE-L": {
        "max": 0.0,
        "median": 0.0,
        "fine_grained_average": 0.0,
        "coarse_grained_average": 0.0
      },
      "ACC": {
        "max": 0.05736434108527132,
        "median": 0.05482596139230886,
        "fine_grained_average": 0.05639097744360902,
        "coarse_grained_average": 0.05482596139230886
      },
      "length": {
        "max": 645,
        "median": 399.0,
        "fine_grained_average": 550.6691729323309,
        "coarse_grained_average": 399.0
      }
    }
  },
  "results": {
    "K12_MUL": {
      "K12_MUL.jsonl": {
        "BLEU": 0.005543848035272107,
        "F1": 0.03365902204101906,
        "ROUGE-1": 0.0,
        "ROUGE-2": 0.0,
        "ROUGE-L": 0.0,
        "ACC": 0.05736434108527132,
        "length": 645
      }
    },
    "chinese-gov-test_MUL": {
      "chinese-gov-test_MUL.jsonl": {
        "BLEU": 0.004874077662526509,
        "F1": 0.030105930094661216,
        "ROUGE-1": 0.0,
        "ROUGE-2": 0.0,
        "ROUGE-L": 0.0,
        "ACC": 0.05228758169934641,
        "length": 153
      }
    }
  }
}