{
  "calculate": {
    "groups": {
      "commonsense-qa_MUL": {
        "BLEU": {
          "max": 0.037269684258393755,
          "median": 0.037269684258393755,
          "fine_grained_average": 0.037269684258393755,
          "coarse_grained_average": 0.037269684258393755
        },
        "F1": {
          "max": 0.21568627450980393,
          "median": 0.21568627450980393,
          "fine_grained_average": 0.21568627450980393,
          "coarse_grained_average": 0.21568627450980393
        },
        "ROUGE-1": {
          "max": 0.0,
          "median": 0.0,
          "fine_grained_average": 0.0,
          "coarse_grained_average": 0.0
        },
        "ROUGE-2": {
          "max": 0.0,
          "median": 0.0,
          "fine_grained_average": 0.0,
          "coarse_grained_average": 0.0
        },
        "ROUGE-L": {
          "max": 0.0,
          "median": 0.0,
          "fine_grained_average": 0.0,
          "coarse_grained_average": 0.0
        },
        "ACC": {
          "max": 0.27450980392156865,
          "median": 0.27450980392156865,
          "fine_grained_average": 0.27450980392156865,
          "coarse_grained_average": 0.27450980392156865
        },
        "length": {
          "max": 153,
          "median": 153.0,
          "fine_grained_average": 153.0,
          "coarse_grained_average": 153.0
        }
      },
      "logic_MUL": {
        "BLEU": {
          "max": 0.01838711401247521,
          "median": 0.01838711401247521,
          "fine_grained_average": 0.01838711401247521,
          "coarse_grained_average": 0.01838711401247521
        },
        "F1": {
          "max": 0.10298742138364779,
          "median": 0.10298742138364779,
          "fine_grained_average": 0.10298742138364779,
          "coarse_grained_average": 0.10298742138364779
        },
        "ROUGE-1": {
          "max": 0.0,
          "median": 0.0,
          "fine_grained_average": 0.0,
          "coarse_grained_average": 0.0
        },
        "ROUGE-2": {
          "max": 0.0,
          "median": 0.0,
          "fine_grained_average": 0.0,
          "coarse_grained_average": 0.0
        },
        "ROUGE-L": {
          "max": 0.0,
          "median": 0.0,
          "fine_grained_average": 0.0,
          "coarse_grained_average": 0.0
        },
        "ACC": {
          "max": 0.11084905660377359,
          "median": 0.11084905660377359,
          "fine_grained_average": 0.11084905660377359,
          "coarse_grained_average": 0.11084905660377359
        },
        "length": {
          "max": 424,
          "median": 424.0,
          "fine_grained_average": 424.0,
          "coarse_grained_average": 424.0
        }
      },
      "math_MUL": {
        "BLEU": {
          "max": 0.019008481887954787,
          "median": 0.019008481887954787,
          "fine_grained_average": 0.019008481887954787,
          "coarse_grained_average": 0.019008481887954787
        },
        "F1": {
          "max": 0.10776942355889724,
          "median": 0.10776942355889724,
          "fine_grained_average": 0.10776942355889724,
          "coarse_grained_average": 0.10776942355889724
        },
        "ROUGE-1": {
          "max": 0.0,
          "median": 0.0,
          "fine_grained_average": 0.0,
          "coarse_grained_average": 0.0
        },
        "ROUGE-2": {
          "max": 0.0,
          "median": 0.0,
          "fine_grained_average": 0.0,
          "coarse_grained_average": 0.0
        },
        "ROUGE-L": {
          "max": 0.0,
          "median": 0.0,
          "fine_grained_average": 0.0,
          "coarse_grained_average": 0.0
        },
        "ACC": {
          "max": 0.18421052631578946,
          "median": 0.18421052631578946,
          "fine_grained_average": 0.18421052631578946,
          "coarse_grained_average": 0.18421052631578946
        },
        "length": {
          "max": 114,
          "median": 114.0,
          "fine_grained_average": 114.0,
          "coarse_grained_average": 114.0
        }
      },
      "reading-comprehension_MUL": {
        "BLEU": {
          "max": 0.024462322897054783,
          "median": 0.024462322897054783,
          "fine_grained_average": 0.024462322897054783,
          "coarse_grained_average": 0.024462322897054783
        },
        "F1": {
          "max": 0.1392390676815034,
          "median": 0.1392390676815034,
          "fine_grained_average": 0.1392390676815034,
          "coarse_grained_average": 0.1392390676815034
        },
        "ROUGE-1": {
          "max": 0.0,
          "median": 0.0,
          "fine_grained_average": 0.0,
          "coarse_grained_average": 0.0
        },
        "ROUGE-2": {
          "max": 0.0,
          "median": 0.0,
          "fine_grained_average": 0.0,
          "coarse_grained_average": 0.0
        },
        "ROUGE-L": {
          "max": 0.0,
          "median": 0.0,
          "fine_grained_average": 0.0,
          "coarse_grained_average": 0.0
        },
        "ACC": {
          "max": 0.46564885496183206,
          "median": 0.46564885496183206,
          "fine_grained_average": 0.46564885496183206,
          "coarse_grained_average": 0.46564885496183206
        },
        "length": {
          "max": 131,
          "median": 131.0,
          "fine_grained_average": 131.0,
          "coarse_grained_average": 131.0
        }
      },
      "real-world_MUL": {
        "BLEU": {
          "max": 0.03272034114471618,
          "median": 0.03272034114471618,
          "fine_grained_average": 0.03272034114471618,
          "coarse_grained_average": 0.03272034114471618
        },
        "F1": {
          "max": 0.184,
          "median": 0.184,
          "fine_grained_average": 0.184,
          "coarse_grained_average": 0.184
        },
        "ROUGE-1": {
          "max": 0.0,
          "median": 0.0,
          "fine_grained_average": 0.0,
          "coarse_grained_average": 0.0
        },
        "ROUGE-2": {
          "max": 0.0,
          "median": 0.0,
          "fine_grained_average": 0.0,
          "coarse_grained_average": 0.0
        },
        "ROUGE-L": {
          "max": 0.0,
          "median": 0.0,
          "fine_grained_average": 0.0,
          "coarse_grained_average": 0.0
        },
        "ACC": {
          "max": 0.184,
          "median": 0.184,
          "fine_grained_average": 0.184,
          "coarse_grained_average": 0.184
        },
        "length": {
          "max": 125,
          "median": 125.0,
          "fine_grained_average": 125.0,
          "coarse_grained_average": 125.0
        }
      },
      "science-qa_MUL": {
        "BLEU": {
          "max": 0.07623631583885097,
          "median": 0.07623631583885097,
          "fine_grained_average": 0.07623631583885097,
          "coarse_grained_average": 0.07623631583885097
        },
        "F1": {
          "max": 0.4276094276094276,
          "median": 0.4276094276094276,
          "fine_grained_average": 0.4276094276094276,
          "coarse_grained_average": 0.4276094276094276
        },
        "ROUGE-1": {
          "max": 0.0,
          "median": 0.0,
          "fine_grained_average": 0.0,
          "coarse_grained_average": 0.0
        },
        "ROUGE-2": {
          "max": 0.0,
          "median": 0.0,
          "fine_grained_average": 0.0,
          "coarse_grained_average": 0.0
        },
        "ROUGE-L": {
          "max": 0.0,
          "median": 0.0,
          "fine_grained_average": 0.0,
          "coarse_grained_average": 0.0
        },
        "ACC": {
          "max": 0.45454545454545453,
          "median": 0.45454545454545453,
          "fine_grained_average": 0.45454545454545453,
          "coarse_grained_average": 0.45454545454545453
        },
        "length": {
          "max": 121,
          "median": 121.0,
          "fine_grained_average": 121.0,
          "coarse_grained_average": 121.0
        }
      },
      "sentimental-analysis_MUL": {
        "BLEU": {
          "max": 0.1229500943351011,