{
  "calculate": {
    "groups": {
      "K12_QA": {
        "BLEU": {
          "max": 0.02505346944276507,
          "median": 0.02505346944276507,
          "fine_grained_average": 0.02505346944276507,
          "coarse_grained_average": 0.02505346944276507
        },
        "F1": {
          "max": 0.14694517176782665,
          "median": 0.14694517176782665,
          "fine_grained_average": 0.14694517176782665,
          "coarse_grained_average": 0.14694517176782665
        },
        "ROUGE-1": {
          "max": 0.1474850646029487,
          "median": 0.1474850646029487,
          "fine_grained_average": 0.1474850646029487,
          "coarse_grained_average": 0.1474850646029487
        },
        "ROUGE-2": {
          "max": 0.032816808975651895,
          "median": 0.032816808975651895,
          "fine_grained_average": 0.032816808975651895,
          "coarse_grained_average": 0.032816808975651895
        },
        "ROUGE-L": {
          "max": 0.1276261224224039,
          "median": 0.1276261224224039,
          "fine_grained_average": 0.1276261224224039,
          "coarse_grained_average": 0.1276261224224039
        },
        "ACC-prefix": {
          "max": 0.03783783783783784,
          "median": 0.03783783783783784,
          "fine_grained_average": 0.03783783783783784,
          "coarse_grained_average": 0.03783783783783784
        },
        "ACC-in": {
          "max": 0.03783783783783784,
          "median": 0.03783783783783784,
          "fine_grained_average": 0.03783783783783784,
          "coarse_grained_average": 0.03783783783783784
        },
        "length": {
          "max": 185,
          "median": 185.0,
          "fine_grained_average": 185.0,
          "coarse_grained_average": 185.0
        }
      }
    },
    "overall": {
      "BLEU": {
        "max": 0.02505346944276507,
        "median": 0.02505346944276507,
        "fine_grained_average": 0.02505346944276507,
        "coarse_grained_average": 0.02505346944276507
      },
      "F1": {
        "max": 0.14694517176782665,
        "median": 0.14694517176782665,
        "fine_grained_average": 0.14694517176782665,
        "coarse_grained_average": 0.14694517176782665
      },
      "ROUGE-1": {
        "max": 0.1474850646029487,
        "median": 0.1474850646029487,
        "fine_grained_average": 0.1474850646029487,
        "coarse_grained_average": 0.1474850646029487
      },
      "ROUGE-2": {
        "max": 0.032816808975651895,
        "median": 0.032816808975651895,
        "fine_grained_average": 0.032816808975651895,
        "coarse_grained_average": 0.032816808975651895
      },
      "ROUGE-L": {
        "max": 0.1276261224224039,
        "median": 0.1276261224224039,
        "fine_grained_average": 0.1276261224224039,
        "coarse_grained_average": 0.1276261224224039
      },
      "ACC-prefix": {
        "max": 0.03783783783783784,
        "median": 0.03783783783783784,
        "fine_grained_average": 0.03783783783783784,
        "coarse_grained_average": 0.03783783783783784
      },
      "ACC-in": {
        "max": 0.03783783783783784,
        "median": 0.03783783783783784,
        "fine_grained_average": 0.03783783783783784,
        "coarse_grained_average": 0.03783783783783784
      },
      "length": {
        "max": 185,
        "median": 185.0,
        "fine_grained_average": 185.0,
        "coarse_grained_average": 185.0
      }
    }
  },
  "results": {
    "K12_QA": {
      "K12_QA.jsonl": {
        "BLEU": 0.02505346944276507,
        "F1": 0.14694517176782665,
        "ROUGE-1": 0.1474850646029487,
        "ROUGE-2": 0.032816808975651895,
        "ROUGE-L": 0.1276261224224039,
        "ACC-prefix": 0.03783783783783784,
        "ACC-in": 0.03783783783783784,
        "length": 185
      }
    }
  }
}