{
  "BLEU": 0.0014696524049908454,
  "F1": 0.008264462809917356,
  "ROUGE-1": 0.0,
  "ROUGE-2": 0.0,
  "ROUGE-L": 0.0,
  "ACC": 0.2975206611570248,
  "length": 121
}