{
  "BLEU": 0.0016935994381323076,
  "F1": 0.009523809523809525,
  "ROUGE-1": 0.0,
  "ROUGE-2": 0.0,
  "ROUGE-L": 0.0,
  "ACC": 0.11190476190476191,
  "length": 420
}