{
  "BLEU": 0.0011934761141200825,
  "F1": 0.006711409395973154,
  "ROUGE-1": 0.0,
  "ROUGE-2": 0.0,
  "ROUGE-L": 0.0,
  "ACC": 0.31543624161073824,
  "length": 149
}