{
  "calculate": {
    "groups": {
      "math_MATH": {
        "BLEU": {
          "max": 0.0033384460901095202,
          "median": 0.0033384460901095202,
          "fine_grained_average": 0.0033384460901095202,
          "coarse_grained_average": 0.0033384460901095202
        },
        "F1": {
          "max": 0.02309203142536476,
          "median": 0.02309203142536476,
          "fine_grained_average": 0.02309203142536476,
          "coarse_grained_average": 0.02309203142536476
        },
        "ROUGE-1": {
          "max": 0.02363315681554658,
          "median": 0.02363315681554658,
          "fine_grained_average": 0.02363315681554658,
          "coarse_grained_average": 0.02363315681554658
        },
        "ROUGE-2": {
          "max": 0.0,
          "median": 0.0,
          "fine_grained_average": 0.0,
          "coarse_grained_average": 0.0
        },
        "ROUGE-L": {
          "max": 0.022390572249429478,
          "median": 0.022390572249429478,
          "fine_grained_average": 0.022390572249429478,
          "coarse_grained_average": 0.022390572249429478
        },
        "ACC": {
          "max": 0.015151515151515152,
          "median": 0.015151515151515152,
          "fine_grained_average": 0.015151515151515152,
          "coarse_grained_average": 0.015151515151515152
        },
        "length": {
          "max": 66,
          "median": 66.0,
          "fine_grained_average": 66.0,
          "coarse_grained_average": 66.0
        }
      }
    },
    "overall": {
      "BLEU": {
        "max": 0.0033384460901095202,
        "median": 0.0033384460901095202,
        "fine_grained_average": 0.0033384460901095202,
        "coarse_grained_average": 0.0033384460901095202
      },
      "F1": {
        "max": 0.02309203142536476,
        "median": 0.02309203142536476,
        "fine_grained_average": 0.02309203142536476,
        "coarse_grained_average": 0.02309203142536476
      },
      "ROUGE-1": {
        "max": 0.02363315681554658,
        "median": 0.02363315681554658,
        "fine_grained_average": 0.02363315681554658,
        "coarse_grained_average": 0.02363315681554658
      },
      "ROUGE-2": {
        "max": 0.0,
        "median": 0.0,
        "fine_grained_average": 0.0,
        "coarse_grained_average": 0.0
      },
      "ROUGE-L": {
        "max": 0.022390572249429478,
        "median": 0.022390572249429478,
        "fine_grained_average": 0.022390572249429478,
        "coarse_grained_average": 0.022390572249429478
      },
      "ACC": {
        "max": 0.015151515151515152,
        "median": 0.015151515151515152,
        "fine_grained_average": 0.015151515151515152,
        "coarse_grained_average": 0.015151515151515152
      },
      "length": {
        "max": 66,
        "median": 66.0,
        "fine_grained_average": 66.0,
        "coarse_grained_average": 66.0
      }
    }
  },
  "results": {
    "math_MATH": {
      "math_MATH.jsonl": {
        "BLEU": 0.0033384460901095202,
        "F1": 0.02309203142536476,
        "ROUGE-1": 0.02363315681554658,
        "ROUGE-2": 0.0,
        "ROUGE-L": 0.022390572249429478,
        "ACC": 0.015151515151515152,
        "length": 66
      }
    }
  }
}