{
  "BLEU": 5.9933052177349235e-06,
  "F1": 0.0007276507276507276,
  "ROUGE-1": 0.0,
  "ROUGE-2": 0.0,
  "ROUGE-L": 0.0,
  "ACC-prefix": 0.0,
  "ACC-in": 0.0,
  "length": 185
}