{
  "BLEU": 0.03882964745673605,
  "F1": 0.19788744172463688,
  "ROUGE-1": 0.20089466866200242,
  "ROUGE-2": 0.054890539198924226,
  "ROUGE-L": 0.1828848781266633,
  "ACC-prefix": 0.005405405405405406,
  "ACC-in": 0.005405405405405406,
  "length": 185
}