{
  "BLEU": 0.027364538517481798,
  "F1": 0.1511330914350112,
  "ROUGE-1": 0.15299975894943643,
  "ROUGE-2": 0.027511513709088404,
  "ROUGE-L": 0.13185116865287064,
  "ACC-prefix": 0.016216216216216217,
  "ACC-in": 0.02702702702702703,
  "length": 185
}