{
  "BLEU": 0.022071086467100112,
  "F1": 0.1423283220419437,
  "ROUGE-1": 0.14117363011563186,
  "ROUGE-2": 0.02800019838700223,
  "ROUGE-L": 0.1288983325009513,
  "ACC-prefix": 0.0064516129032258064,
  "ACC-in": 0.012903225806451613,
  "length": 155
}