{
  "BLEU": 0.19639446691860504,
  "F1": 0.5494324984386113,
  "ROUGE-1": 0.5496705901271355,
  "ROUGE-2": 0.2735353345443945,
  "ROUGE-L": 0.5410158465048867,
  "ACC-prefix": 0.56,
  "ACC-in": 0.8266666666666667,
  "length": 150
}