{
  "BLEU": 0.008338907855895054,
  "F1": 0.02933793137182968,
  "ROUGE-1": 0.02009685205112418,
  "ROUGE-2": 0.0029476786376598013,
  "ROUGE-L": 0.020507740587153968,
  "ACC-prefix": 0.0,
  "ACC-in": 0.01694915254237288,
  "length": 59
}