{
  "BLEU": 0.03840614381681623,
  "F1": 0.18039021672742322,
  "ROUGE-1": 0.18039021550201273,
  "ROUGE-2": 0.0,
  "ROUGE-L": 0.17947230494670263,
  "ACC-prefix": 0.25,
  "ACC-in": 0.3392857142857143,
  "length": 112
}