{
  "BLEU": 0.016809993336217105,
  "F1": 0.09582836433714628,
  "ROUGE-1": 0.0,
  "ROUGE-2": 0.0,
  "ROUGE-L": 0.0,
  "ACC": 0.29411764705882354,
  "length": 153
}