{
  "BLEU": 0.024932474880070044,
  "F1": 0.1441257609115193,
  "ROUGE-1": 0.0,
  "ROUGE-2": 0.0,
  "ROUGE-L": 0.0,
  "ACC": 0.39689922480620154,
  "length": 645
}