{
  "calculate": {
    "groups": {
      "K12_MUL": {
        "BLEU": {
          "max": 0.07475773686222968,
          "median": 0.07475773686222968,
          "fine_grained_average": 0.07475773686222968,
          "coarse_grained_average": 0.07475773686222968
        },
        "F1": {
          "max": 0.42066189624329164,
          "median": 0.42066189624329164,
          "fine_grained_average": 0.42066189624329164,
          "coarse_grained_average": 0.42066189624329164
        },
        "ROUGE-1": {
          "max": 0.0,
          "median": 0.0,
          "fine_grained_average": 0.0,
          "coarse_grained_average": 0.0
        },
        "ROUGE-2": {
          "max": 0.0,
          "median": 0.0,
          "fine_grained_average": 0.0,
          "coarse_grained_average": 0.0
        },
        "ROUGE-L": {
          "max": 0.0,
          "median": 0.0,
          "fine_grained_average": 0.0,
          "coarse_grained_average": 0.0
        },
        "ACC": {
          "max": 0.4232558139534884,
          "median": 0.4232558139534884,
          "fine_grained_average": 0.4232558139534884,
          "coarse_grained_average": 0.4232558139534884
        },
        "length": {
          "max": 645,
          "median": 645.0,
          "fine_grained_average": 645.0,
          "coarse_grained_average": 645.0
        }
      },
      "chinese-gov-test_MUL": {
        "BLEU": {
          "max": 0.053887195919319314,
          "median": 0.053887195919319314,
          "fine_grained_average": 0.053887195919319314,
          "coarse_grained_average": 0.053887195919319314
        },
        "F1": {
          "max": 0.298474945533769,
          "median": 0.298474945533769,
          "fine_grained_average": 0.298474945533769,
          "coarse_grained_average": 0.298474945533769
        },
        "ROUGE-1": {
          "max": 0.0,
          "median": 0.0,
          "fine_grained_average": 0.0,
          "coarse_grained_average": 0.0
        },
        "ROUGE-2": {
          "max": 0.0,
          "median": 0.0,
          "fine_grained_average": 0.0,
          "coarse_grained_average": 0.0
        },
        "ROUGE-L": {
          "max": 0.0,
          "median": 0.0,
          "fine_grained_average": 0.0,
          "coarse_grained_average": 0.0
        },
        "ACC": {
          "max": 0.30718954248366015,
          "median": 0.30718954248366015,
          "fine_grained_average": 0.30718954248366015,
          "coarse_grained_average": 0.30718954248366015
        },
        "length": {
          "max": 153,
          "median": 153.0,
          "fine_grained_average": 153.0,
          "coarse_grained_average": 153.0
        }
      }
    },
    "overall": {
      "BLEU": {
        "max": 0.07475773686222968,
        "median": 0.06432246639077449,
        "fine_grained_average": 0.07075624217016792,
        "coarse_grained_average": 0.06432246639077449
      },
      "F1": {
        "max": 0.42066189624329164,
        "median": 0.35956842088853036,
        "fine_grained_average": 0.39723507486665377,
        "coarse_grained_average": 0.35956842088853036
      },
      "ROUGE-1": {
        "max": 0.0,
        "median": 0.0,
        "fine_grained_average": 0.0,
        "coarse_grained_average": 0.0
      },
      "ROUGE-2": {
        "max": 0.0,
        "median": 0.0,
        "fine_grained_average": 0.0,
        "coarse_grained_average": 0.0
      },
      "ROUGE-L": {
        "max": 0.0,
        "median": 0.0,
        "fine_grained_average": 0.0,
        "coarse_grained_average": 0.0
      },
      "ACC": {
        "max": 0.4232558139534884,
        "median": 0.36522267821857424,
        "fine_grained_average": 0.40100250626566414,
        "coarse_grained_average": 0.36522267821857424
      },
      "length": {
        "max": 645,
        "median": 399.0,
        "fine_grained_average": 550.6691729323309,
        "coarse_grained_average": 399.0
      }
    }
  },
  "results": {
    "K12_MUL": {
      "K12_MUL.jsonl": {
        "BLEU": 0.07475773686222968,
        "F1": 0.42066189624329164,
        "ROUGE-1": 0.0,
        "ROUGE-2": 0.0,
        "ROUGE-L": 0.0,
        "ACC": 0.4232558139534884,
        "length": 645
      }
    },
    "chinese-gov-test_MUL": {
      "chinese-gov-test_MUL.jsonl": {
        "BLEU": 0.053887195919319314,
        "F1": 0.298474945533769,
        "ROUGE-1": 0.0,
        "ROUGE-2": 0.0,
        "ROUGE-L": 0.0,
        "ACC": 0.30718954248366015,
        "length": 153
      }
    }
  }
}