{
  "BLEU": 0.027564424800483794,
  "F1": 0.1375,
  "ROUGE-1": 0.14851190368715278,
  "ROUGE-2": 0.0,
  "ROUGE-L": 0.14851190368715278,
  "ACC-prefix": 0.2857142857142857,
  "ACC-in": 0.2857142857142857,
  "length": 112
}