{
  "BLEU": 0.15527503102505485,
  "F1": 0.5238687720006826,
  "ROUGE-1": 0.5388821822170523,
  "ROUGE-2": 0.25737004776205774,
  "ROUGE-L": 0.5329518280042929,
  "ACC-prefix": 0.4066666666666667,
  "ACC-in": 0.6,
  "length": 150
}