{
  "BLEU": 0.011663265974934584,
  "F1": 0.030850881698339324,
  "ROUGE-1": 0.016142049789939834,
  "ROUGE-2": 0.0037664782674199635,
  "ROUGE-L": 0.02022004137946545,
  "ACC-prefix": 0.0,
  "ACC-in": 0.01694915254237288,
  "length": 59
}