{
  "BLEU": 0.007414183160222604,
  "F1": 0.02834549878345499,
  "ROUGE-1": 0.028345498511638288,
  "ROUGE-2": 0.0,
  "ROUGE-L": 0.028345498511638288,
  "ACC-prefix": 0.014598540145985401,
  "ACC-in": 0.0364963503649635,
  "length": 137
}