{
  "BLEU": 0.017117615600854477,
  "F1": 0.11715842760901837,
  "ROUGE-1": 0.1183833386634121,
  "ROUGE-2": 0.021043291766770902,
  "ROUGE-L": 0.10833711686766363,
  "ACC-prefix": 0.0064516129032258064,
  "ACC-in": 0.0064516129032258064,
  "length": 155
}