{
  "BLEU": 0.018278574164569492,
  "F1": 0.13177075102901117,
  "ROUGE-1": 0.13039579720393774,
  "ROUGE-2": 0.026769514146039657,
  "ROUGE-L": 0.11491713012537523,
  "ACC-prefix": 0.0,
  "ACC-in": 0.0,
  "length": 155
}