{
  "BLEU": 0.014580531315413826,
  "F1": 0.05416024653312789,
  "ROUGE-1": 0.034369114539652655,
  "ROUGE-2": 0.006779660935593222,
  "ROUGE-L": 0.03197412559360799,
  "ACC-prefix": 0.0,
  "ACC-in": 0.0,
  "length": 59
}