{
  "BLEU": 0.17058543328750236,
  "F1": 0.4885863740473957,
  "ROUGE-1": 0.4885863708867092,
  "ROUGE-2": 0.25054725737728967,
  "ROUGE-L": 0.4831126912404721,
  "ACC-prefix": 0.4266666666666667,
  "ACC-in": 0.8066666666666666,
  "length": 150
}