{
  "BLEU": 0.030413155671435512,
  "F1": 0.16071428571428573,
  "ROUGE-1": 0.17857142723809524,
  "ROUGE-2": 0.0,
  "ROUGE-L": 0.17857142723809524,
  "ACC-prefix": 0.375,
  "ACC-in": 0.375,
  "length": 112
}