{
  "calculate": {
    "groups": {
      "K12_QA": {
        "BLEU": {
          "max": 0.054196899399093806,
          "median": 0.054196899399093806,
          "fine_grained_average": 0.054196899399093806,
          "coarse_grained_average": 0.054196899399093806
        },
        "F1": {
          "max": 0.23064766493127697,
          "median": 0.23064766493127697,
          "fine_grained_average": 0.23064766493127697,
          "coarse_grained_average": 0.23064766493127697
        },
        "ROUGE-1": {
          "max": 0.24014321967222613,
          "median": 0.24014321967222613,
          "fine_grained_average": 0.24014321967222613,
          "coarse_grained_average": 0.24014321967222613
        },
        "ROUGE-2": {
          "max": 0.08651490694745202,
          "median": 0.08651490694745202,
          "fine_grained_average": 0.08651490694745202,
          "coarse_grained_average": 0.08651490694745202
        },
        "ROUGE-L": {
          "max": 0.21492468501532555,
          "median": 0.21492468501532555,
          "fine_grained_average": 0.21492468501532555,
          "coarse_grained_average": 0.21492468501532555
        },
        "ACC-prefix": {
          "max": 0.0,
          "median": 0.0,
          "fine_grained_average": 0.0,
          "coarse_grained_average": 0.0
        },
        "ACC-in": {
          "max": 0.005405405405405406,
          "median": 0.005405405405405406,
          "fine_grained_average": 0.005405405405405406,
          "coarse_grained_average": 0.005405405405405406
        },
        "length": {
          "max": 185,
          "median": 185.0,
          "fine_grained_average": 185.0,
          "coarse_grained_average": 185.0
        }
      }
    },
    "overall": {
      "BLEU": {
        "max": 0.054196899399093806,
        "median": 0.054196899399093806,
        "fine_grained_average": 0.054196899399093806,
        "coarse_grained_average": 0.054196899399093806
      },
      "F1": {
        "max": 0.23064766493127697,
        "median": 0.23064766493127697,
        "fine_grained_average": 0.23064766493127697,
        "coarse_grained_average": 0.23064766493127697
      },
      "ROUGE-1": {
        "max": 0.24014321967222613,
        "median": 0.24014321967222613,
        "fine_grained_average": 0.24014321967222613,
        "coarse_grained_average": 0.24014321967222613
      },
      "ROUGE-2": {
        "max": 0.08651490694745202,
        "median": 0.08651490694745202,
        "fine_grained_average": 0.08651490694745202,
        "coarse_grained_average": 0.08651490694745202
      },
      "ROUGE-L": {
        "max": 0.21492468501532555,
        "median": 0.21492468501532555,
        "fine_grained_average": 0.21492468501532555,
        "coarse_grained_average": 0.21492468501532555
      },
      "ACC-prefix": {
        "max": 0.0,
        "median": 0.0,
        "fine_grained_average": 0.0,
        "coarse_grained_average": 0.0
      },
      "ACC-in": {
        "max": 0.005405405405405406,
        "median": 0.005405405405405406,
        "fine_grained_average": 0.005405405405405406,
        "coarse_grained_average": 0.005405405405405406
      },
      "length": {
        "max": 185,
        "median": 185.0,
        "fine_grained_average": 185.0,
        "coarse_grained_average": 185.0
      }
    }
  },
  "results": {
    "K12_QA": {
      "K12_QA.jsonl": {
        "BLEU": 0.054196899399093806,
        "F1": 0.23064766493127697,
        "ROUGE-1": 0.24014321967222613,
        "ROUGE-2": 0.08651490694745202,
        "ROUGE-L": 0.21492468501532555,
        "ACC-prefix": 0.0,
        "ACC-in": 0.005405405405405406,
        "length": 185
      }
    }
  }
}