{
  "BLEU": 0.02780780637760807,
  "F1": 0.14898989898989898,
  "ROUGE-1": 0.15151515070707072,
  "ROUGE-2": 0.0,
  "ROUGE-L": 0.15151515070707072,
  "ACC": 0.16666666666666666,
  "length": 66
}