{
  "BLEU": 0.03832287657244939,
  "F1": 0.18758169934640523,
  "ROUGE-1": 0.0,
  "ROUGE-2": 0.0,
  "ROUGE-L": 0.0,
  "ACC": 0.2875816993464052,
  "length": 153
}