{
  "BLEU": 0.054090432031194145,
  "F1": 0.2729741019214703,
  "ROUGE-1": 0.0,
  "ROUGE-2": 0.0,
  "ROUGE-L": 0.0,
  "ACC": 0.37719298245614036,
  "length": 114
}