{
  "BLEU": 0.055618289823753206,
  "F1": 0.3017185592185592,
  "ROUGE-1": 0.0,
  "ROUGE-2": 0.0,
  "ROUGE-L": 0.0,
  "ACC": 0.5801526717557252,
  "length": 131
}