{
  "BLEU": 0.044395944643385164,
  "F1": 0.23753580686353795,
  "ROUGE-1": 0.0,
  "ROUGE-2": 0.0,
  "ROUGE-L": 0.0,
  "ACC": 0.5454545454545454,
  "length": 121
}