{
  "BLEU": 0.018129435699352953,
  "F1": 0.10427638399336511,
  "ROUGE-1": 0.0,
  "ROUGE-2": 0.0,
  "ROUGE-L": 0.0,
  "ACC": 0.2641509433962264,
  "length": 424
}