{
  "BLEU": 0.028637109539091772,
  "F1": 0.13189390681003585,
  "ROUGE-1": 0.0,
  "ROUGE-2": 0.0,
  "ROUGE-L": 0.0,
  "ACC": 0.456,
  "length": 125
}