{
  "BLEU": 0.009334992185242448,
  "F1": 0.05722585330428468,
  "ROUGE-1": 0.0,
  "ROUGE-2": 0.0,
  "ROUGE-L": 0.0,
  "ACC": 0.17647058823529413,
  "length": 153
}