{
  "BLEU": 0.017884062717825968,
  "F1": 0.10103199174406605,
  "ROUGE-1": 0.0,
  "ROUGE-2": 0.0,
  "ROUGE-L": 0.0,
  "ACC": 0.19298245614035087,
  "length": 114
}