{
  "BLEU": 0.006171772748607844,
  "F1": 0.038867779440023724,
  "ROUGE-1": 0.0,
  "ROUGE-2": 0.0,
  "ROUGE-L": 0.0,
  "ACC": 0.14858490566037735,
  "length": 424
}