{
  "BLEU": 0.013991123060617219,
  "F1": 0.08469005741733014,
  "ROUGE-1": 0.0,
  "ROUGE-2": 0.0,
  "ROUGE-L": 0.0,
  "ACC": 0.2975206611570248,
  "length": 121
}