{
  "BLEU": 0.004135423579852743,
  "F1": 0.02868250284031838,
  "ROUGE-1": 0.0,
  "ROUGE-2": 0.0,
  "ROUGE-L": 0.0,
  "ACC": 0.22137404580152673,
  "length": 131
}