{
  "BLEU": 0.009797958971132713,
  "F1": 0.06857142857142856,
  "ROUGE-1": 0.0,
  "ROUGE-2": 0.0,
  "ROUGE-L": 0.0,
  "ACC": 0.68,
  "length": 100
}