{
  "calculate": {
    "groups": {
      "K12_MUL": {
        "BLEU": {
          "max": 0.019209007528812112,
          "median": 0.019209007528812112,
          "fine_grained_average": 0.019209007528812112,
          "coarse_grained_average": 0.019209007528812112
        },
        "F1": {
          "max": 0.09770598327492787,
          "median": 0.09770598327492787,
          "fine_grained_average": 0.09770598327492787,
          "coarse_grained_average": 0.09770598327492787
        },
        "ROUGE-1": {
          "max": 0.0,
          "median": 0.0,
          "fine_grained_average": 0.0,
          "coarse_grained_average": 0.0
        },
        "ROUGE-2": {
          "max": 0.0,
          "median": 0.0,
          "fine_grained_average": 0.0,
          "coarse_grained_average": 0.0
        },
        "ROUGE-L": {
          "max": 0.0,
          "median": 0.0,
          "fine_grained_average": 0.0,
          "coarse_grained_average": 0.0
        },
        "ACC": {
          "max": 0.18449612403100776,
          "median": 0.18449612403100776,
          "fine_grained_average": 0.18449612403100776,
          "coarse_grained_average": 0.18449612403100776
        },
        "length": {
          "max": 645,
          "median": 645.0,
          "fine_grained_average": 645.0,
          "coarse_grained_average": 645.0
        }
      },
      "chinese-gov-test_MUL": {
        "BLEU": {
          "max": 0.02353632459991476,
          "median": 0.02353632459991476,
          "fine_grained_average": 0.02353632459991476,
          "coarse_grained_average": 0.02353632459991476
        },
        "F1": {
          "max": 0.11590179303436896,
          "median": 0.11590179303436896,
          "fine_grained_average": 0.11590179303436896,
          "coarse_grained_average": 0.11590179303436896
        },
        "ROUGE-1": {
          "max": 0.0,
          "median": 0.0,
          "fine_grained_average": 0.0,
          "coarse_grained_average": 0.0
        },
        "ROUGE-2": {
          "max": 0.0,
          "median": 0.0,
          "fine_grained_average": 0.0,
          "coarse_grained_average": 0.0
        },
        "ROUGE-L": {
          "max": 0.0,
          "median": 0.0,
          "fine_grained_average": 0.0,
          "coarse_grained_average": 0.0
        },
        "ACC": {
          "max": 0.20915032679738563,
          "median": 0.20915032679738563,
          "fine_grained_average": 0.20915032679738563,
          "coarse_grained_average": 0.20915032679738563
        },
        "length": {
          "max": 153,
          "median": 153.0,
          "fine_grained_average": 153.0,
          "coarse_grained_average": 153.0
        }
      }
    },
    "overall": {
      "BLEU": {
        "max": 0.02353632459991476,
        "median": 0.021372666064363437,
        "fine_grained_average": 0.020038681102594953,
        "coarse_grained_average": 0.021372666064363437
      },
      "F1": {
        "max": 0.11590179303436896,
        "median": 0.10680388815464842,
        "fine_grained_average": 0.10119465356715154,
        "coarse_grained_average": 0.10680388815464842
      },
      "ROUGE-1": {
        "max": 0.0,
        "median": 0.0,
        "fine_grained_average": 0.0,
        "coarse_grained_average": 0.0
      },
      "ROUGE-2": {
        "max": 0.0,
        "median": 0.0,
        "fine_grained_average": 0.0,
        "coarse_grained_average": 0.0
      },
      "ROUGE-L": {
        "max": 0.0,
        "median": 0.0,
        "fine_grained_average": 0.0,
        "coarse_grained_average": 0.0
      },
      "ACC": {
        "max": 0.20915032679738563,
        "median": 0.1968232254141967,
        "fine_grained_average": 0.18922305764411027,
        "coarse_grained_average": 0.1968232254141967
      },
      "length": {
        "max": 645,
        "median": 399.0,
        "fine_grained_average": 550.6691729323309,
        "coarse_grained_average": 399.0
      }
    }
  },
  "results": {
    "K12_MUL": {
      "K12_MUL.jsonl": {
        "BLEU": 0.019209007528812112,
        "F1": 0.09770598327492787,
        "ROUGE-1": 0.0,
        "ROUGE-2": 0.0,
        "ROUGE-L": 0.0,
        "ACC": 0.18449612403100776,
        "length": 645
      }
    },
    "chinese-gov-test_MUL": {
      "chinese-gov-test_MUL.jsonl": {
        "BLEU": 0.02353632459991476,
        "F1": 0.11590179303436896,
        "ROUGE-1": 0.0,
        "ROUGE-2": 0.0,
        "ROUGE-L": 0.0,
        "ACC": 0.20915032679738563,
        "length": 153
      }
    }
  }
}