{
  "BLEU": 0.0012844798459156893,
  "F1": 0.014418063876268209,
  "ROUGE-1": 0.014418063638718248,
  "ROUGE-2": 0.0,
  "ROUGE-L": 0.014418063638718248,
  "ACC-prefix": 0.0,
  "ACC-in": 0.021052631578947368,
  "length": 190
}