{
  "BLEU": 0.011245184215513841,
  "F1": 0.09970131421744326,
  "ROUGE-1": 0.0997013125404511,
  "ROUGE-2": 0.04420549489822591,
  "ROUGE-L": 0.06547192185944753,
  "ACC-prefix": 0.0,
  "ACC-in": 0.0,
  "length": 9
}