{
  "BLEU": 0.002614706999160767,
  "F1": 0.14820638193912222,
  "ROUGE-1": 0.1482063809233632,
  "ROUGE-2": 0.007677182329413556,
  "ROUGE-L": 0.10801768243049024,
  "ACC-prefix": 0.0,
  "ACC-in": 0.0,
  "length": 83
}