{
  "BLEU": 0.022895289682798872,
  "F1": 0.11124890168906562,
  "ROUGE-1": 0.10952158814918422,
  "ROUGE-2": 0.039814818810612926,
  "ROUGE-L": 0.08353753356298049,
  "ACC-prefix": 0.032432432432432434,
  "ACC-in": 0.05405405405405406,
  "length": 185
}