{
  "calculate": {
    "groups": {
      "commonsense-qa_MUL": {
        "BLEU": {
          "max": 0.0036806285015885364,
          "median": 0.0036806285015885364,
          "fine_grained_average": 0.0036806285015885364,
          "coarse_grained_average": 0.0036806285015885364
        },
        "F1": {
          "max": 0.02571833436714989,
          "median": 0.02571833436714989,
          "fine_grained_average": 0.02571833436714989,
          "coarse_grained_average": 0.02571833436714989
        },
        "ROUGE-1": {
          "max": 0.0,
          "median": 0.0,
          "fine_grained_average": 0.0,
          "coarse_grained_average": 0.0
        },
        "ROUGE-2": {
          "max": 0.0,
          "median": 0.0,
          "fine_grained_average": 0.0,
          "coarse_grained_average": 0.0
        },
        "ROUGE-L": {
          "max": 0.0,
          "median": 0.0,
          "fine_grained_average": 0.0,
          "coarse_grained_average": 0.0
        },
        "ACC": {
          "max": 0.0738255033557047,
          "median": 0.0738255033557047,
          "fine_grained_average": 0.0738255033557047,
          "coarse_grained_average": 0.0738255033557047
        },
        "length": {
          "max": 149,
          "median": 149.0,
          "fine_grained_average": 149.0,
          "coarse_grained_average": 149.0
        }
      },
      "inference_MUL": {
        "BLEU": {
          "max": 0.002121853395024033,
          "median": 0.002121853395024033,
          "fine_grained_average": 0.002121853395024033,
          "coarse_grained_average": 0.002121853395024033
        },
        "F1": {
          "max": 0.015565037570773899,
          "median": 0.015565037570773899,
          "fine_grained_average": 0.015565037570773899,
          "coarse_grained_average": 0.015565037570773899
        },
        "ROUGE-1": {
          "max": 0.0,
          "median": 0.0,
          "fine_grained_average": 0.0,
          "coarse_grained_average": 0.0
        },
        "ROUGE-2": {
          "max": 0.0,
          "median": 0.0,
          "fine_grained_average": 0.0,
          "coarse_grained_average": 0.0
        },
        "ROUGE-L": {
          "max": 0.0,
          "median": 0.0,
          "fine_grained_average": 0.0,
          "coarse_grained_average": 0.0
        },
        "ACC": {
          "max": 0.023809523809523808,
          "median": 0.023809523809523808,
          "fine_grained_average": 0.023809523809523808,
          "coarse_grained_average": 0.023809523809523808
        },
        "length": {
          "max": 420,
          "median": 420.0,
          "fine_grained_average": 420.0,
          "coarse_grained_average": 420.0
        }
      },
      "math_MUL": {
        "BLEU": {
          "max": 0.006261102677244087,
          "median": 0.006261102677244087,
          "fine_grained_average": 0.006261102677244087,
          "coarse_grained_average": 0.006261102677244087
        },
        "F1": {
          "max": 0.043150093036729134,
          "median": 0.043150093036729134,
          "fine_grained_average": 0.043150093036729134,
          "coarse_grained_average": 0.043150093036729134
        },
        "ROUGE-1": {
          "max": 0.0,
          "median": 0.0,
          "fine_grained_average": 0.0,
          "coarse_grained_average": 0.0
        },
        "ROUGE-2": {
          "max": 0.0,
          "median": 0.0,
          "fine_grained_average": 0.0,
          "coarse_grained_average": 0.0
        },
        "ROUGE-L": {
          "max": 0.0,
          "median": 0.0,
          "fine_grained_average": 0.0,
          "coarse_grained_average": 0.0
        },
        "ACC": {
          "max": 0.06086956521739131,
          "median": 0.06086956521739131,
          "fine_grained_average": 0.06086956521739131,
          "coarse_grained_average": 0.06086956521739131
        },
        "length": {
          "max": 115,
          "median": 115.0,
          "fine_grained_average": 115.0,
          "coarse_grained_average": 115.0
        }
      },
      "real-world_MUL": {
        "BLEU": {
          "max": 0.031916262319554085,
          "median": 0.031916262319554085,
          "fine_grained_average": 0.031916262319554085,
          "coarse_grained_average": 0.031916262319554085
        },
        "F1": {
          "max": 0.18074074074074073,
          "median": 0.18074074074074073,
          "fine_grained_average": 0.18074074074074073,
          "coarse_grained_average": 0.18074074074074073
        },
        "ROUGE-1": {
          "max": 0.0,
          "median": 0.0,
          "fine_grained_average": 0.0,
          "coarse_grained_average": 0.0
        },
        "ROUGE-2": {
          "max": 0.0,
          "median": 0.0,
          "fine_grained_average": 0.0,
          "coarse_grained_average": 0.0
        },
        "ROUGE-L": {
          "max": 0.0,
          "median": 0.0,
          "fine_grained_average": 0.0,
          "coarse_grained_average": 0.0
        },
        "ACC": {
          "max": 0.17777777777777778,
          "median": 0.17777777777777778,
          "fine_grained_average": 0.17777777777777778,
          "coarse_grained_average": 0.17777777777777778
        },
        "length": {
          "max": 135,
          "median": 135.0,
          "fine_grained_average": 135.0,
          "coarse_grained_average": 135.0
        }
      },
      "science-qa_MUL": {
        "BLEU": {
          "max": 0.011581534907742802,
          "median": 0.011581534907742802,
          "fine_grained_average": 0.011581534907742802,
          "coarse_grained_average": 0.011581534907742802
        },
        "F1": {
          "max": 0.06735021014545309,
          "median": 0.06735021014545309,
          "fine_grained_average": 0.06735021014545309,
          "coarse_grained_average": 0.06735021014545309
        },
        "ROUGE-1": {
          "max": 0.0,
          "median": 0.0,
          "fine_grained_average": 0.0,
          "coarse_grained_average": 0.0
        },
        "ROUGE-2": {
          "max": 0.0,
          "median": 0.0,
          "fine_grained_average": 0.0,
          "coarse_grained_average": 0.0
        },
        "ROUGE-L": {
          "max": 0.0,
          "median": 0.0,
          "fine_grained_average": 0.0,
          "coarse_grained_average": 0.0
        },
        "ACC": {
          "max": 0.09090909090909091,
          "median": 0.09090909090909091,
          "fine_grained_average": 0.09090909090909091,
          "coarse_grained_average": 0.09090909090909091
        },
        "length": {
          "max": 121,
          "median": 121.0,
          "fine_grained_average": 121.0,
          "coarse_grained_average": 121.0
        }
      },
      "sentimental-analysis_MUL": {
        "BLEU": {
          "max": 0.005944639395490916,
          "median": 0.005944639395490916,
          "fine_grained_average": 0.005944639395490916,
          "coarse_grained_average": 0.005944639395490916
        },
        "F1": {
          "max": 0.063768115942029,
          "median": 0.063768115942029,
          "fine_grained_average": 0.063768115942029,
          "coarse_grained_average": 0.063768115942029
        },
        "ROUGE-1": {
          "max": 0.0,
          "median": 0.0,
          "fine_grained_average": 0.0,
          "coarse_grained_average": 0.0
        },
        "ROUGE-2": {
          "max": 0.0,
          "median": 0.0,
          "fine_grained_average": 0.0,
          "coarse_grained_average": 0.0
        },
        "ROUGE-L": {
          "max": 0.0,
          "median": 0.0,
          "fine_grained_average": 0.0,
          "coarse_grained_average": 0.0
        },
        "ACC": {
          "max": 0.0,
          "median": 0.0,
          "fine_grained_average": 0.0,
          "coarse_grained_average": 0.0
        },
        "length": {
          "max": 115,
          "median": 115.0,
          "fine_grained_average": 115.0,
          "coarse_grained_average": 115.0
        }
      }
    },