{
  "calculate": {
    "groups": {
      "K12_QA": {
        "BLEU": {
          "max": 0.008715200396883538,
          "median": 0.008715200396883538,
          "fine_grained_average": 0.008715200396883538,
          "coarse_grained_average": 0.008715200396883538
        },
        "F1": {
          "max": 0.07712249560801526,
          "median": 0.07712249560801526,
          "fine_grained_average": 0.07712249560801526,
          "coarse_grained_average": 0.07712249560801526
        },
        "ROUGE-1": {
          "max": 0.07772267562228333,
          "median": 0.07772267562228333,
          "fine_grained_average": 0.07772267562228333,
          "coarse_grained_average": 0.07772267562228333
        },
        "ROUGE-2": {
          "max": 0.005359232540729688,
          "median": 0.005359232540729688,
          "fine_grained_average": 0.005359232540729688,
          "coarse_grained_average": 0.005359232540729688
        },
        "ROUGE-L": {
          "max": 0.06452934620576617,
          "median": 0.06452934620576617,
          "fine_grained_average": 0.06452934620576617,
          "coarse_grained_average": 0.06452934620576617
        },
        "ACC-prefix": {
          "max": 0.0,
          "median": 0.0,
          "fine_grained_average": 0.0,
          "coarse_grained_average": 0.0
        },
        "ACC-in": {
          "max": 0.0,
          "median": 0.0,
          "fine_grained_average": 0.0,
          "coarse_grained_average": 0.0
        },
        "length": {
          "max": 185,
          "median": 185.0,
          "fine_grained_average": 185.0,
          "coarse_grained_average": 185.0
        }
      }
    },
    "overall": {
      "BLEU": {
        "max": 0.008715200396883538,
        "median": 0.008715200396883538,
        "fine_grained_average": 0.008715200396883538,
        "coarse_grained_average": 0.008715200396883538
      },
      "F1": {
        "max": 0.07712249560801526,
        "median": 0.07712249560801526,
        "fine_grained_average": 0.07712249560801526,
        "coarse_grained_average": 0.07712249560801526
      },
      "ROUGE-1": {
        "max": 0.07772267562228333,
        "median": 0.07772267562228333,
        "fine_grained_average": 0.07772267562228333,
        "coarse_grained_average": 0.07772267562228333
      },
      "ROUGE-2": {
        "max": 0.005359232540729688,
        "median": 0.005359232540729688,
        "fine_grained_average": 0.005359232540729688,
        "coarse_grained_average": 0.005359232540729688
      },
      "ROUGE-L": {
        "max": 0.06452934620576617,
        "median": 0.06452934620576617,
        "fine_grained_average": 0.06452934620576617,
        "coarse_grained_average": 0.06452934620576617
      },
      "ACC-prefix": {
        "max": 0.0,
        "median": 0.0,
        "fine_grained_average": 0.0,
        "coarse_grained_average": 0.0
      },
      "ACC-in": {
        "max": 0.0,
        "median": 0.0,
        "fine_grained_average": 0.0,
        "coarse_grained_average": 0.0
      },
      "length": {
        "max": 185,
        "median": 185.0,
        "fine_grained_average": 185.0,
        "coarse_grained_average": 185.0
      }
    }
  },
  "results": {
    "K12_QA": {
      "K12_QA.jsonl": {
        "BLEU": 0.008715200396883538,
        "F1": 0.07712249560801526,
        "ROUGE-1": 0.07772267562228333,
        "ROUGE-2": 0.005359232540729688,
        "ROUGE-L": 0.06452934620576617,
        "ACC-prefix": 0.0,
        "ACC-in": 0.0,
        "length": 185
      }
    }
  }
}