{
  "calculate": {
    "groups": {
      "math_MATH": {
        "BLEU": {
          "max": 0.03294241064858314,
          "median": 0.03294241064858314,
          "fine_grained_average": 0.03294241064858314,
          "coarse_grained_average": 0.03294241064858314
        },
        "F1": {
          "max": 0.14772727272727273,
          "median": 0.14772727272727273,
          "fine_grained_average": 0.14772727272727273,
          "coarse_grained_average": 0.14772727272727273
        },
        "ROUGE-1": {
          "max": 0.14772727169034092,
          "median": 0.14772727169034092,
          "fine_grained_average": 0.14772727169034092,
          "coarse_grained_average": 0.14772727169034092
        },
        "ROUGE-2": {
          "max": 0.0,
          "median": 0.0,
          "fine_grained_average": 0.0,
          "coarse_grained_average": 0.0
        },
        "ROUGE-L": {
          "max": 0.14772727169034092,
          "median": 0.14772727169034092,
          "fine_grained_average": 0.14772727169034092,
          "coarse_grained_average": 0.14772727169034092
        },
        "ACC": {
          "max": 0.21212121212121213,
          "median": 0.21212121212121213,
          "fine_grained_average": 0.21212121212121213,
          "coarse_grained_average": 0.21212121212121213
        },
        "length": {
          "max": 66,
          "median": 66.0,
          "fine_grained_average": 66.0,
          "coarse_grained_average": 66.0
        }
      }
    },
    "overall": {
      "BLEU": {
        "max": 0.03294241064858314,
        "median": 0.03294241064858314,
        "fine_grained_average": 0.03294241064858314,
        "coarse_grained_average": 0.03294241064858314
      },
      "F1": {
        "max": 0.14772727272727273,
        "median": 0.14772727272727273,
        "fine_grained_average": 0.14772727272727273,
        "coarse_grained_average": 0.14772727272727273
      },
      "ROUGE-1": {
        "max": 0.14772727169034092,
        "median": 0.14772727169034092,
        "fine_grained_average": 0.14772727169034092,
        "coarse_grained_average": 0.14772727169034092
      },
      "ROUGE-2": {
        "max": 0.0,
        "median": 0.0,
        "fine_grained_average": 0.0,
        "coarse_grained_average": 0.0
      },
      "ROUGE-L": {
        "max": 0.14772727169034092,
        "median": 0.14772727169034092,
        "fine_grained_average": 0.14772727169034092,
        "coarse_grained_average": 0.14772727169034092
      },
      "ACC": {
        "max": 0.21212121212121213,
        "median": 0.21212121212121213,
        "fine_grained_average": 0.21212121212121213,
        "coarse_grained_average": 0.21212121212121213
      },
      "length": {
        "max": 66,
        "median": 66.0,
        "fine_grained_average": 66.0,
        "coarse_grained_average": 66.0
      }
    }
  },
  "results": {
    "math_MATH": {
      "math_MATH.jsonl": {
        "BLEU": 0.03294241064858314,
        "F1": 0.14772727272727273,
        "ROUGE-1": 0.14772727169034092,
        "ROUGE-2": 0.0,
        "ROUGE-L": 0.14772727169034092,
        "ACC": 0.21212121212121213,
        "length": 66
      }
    }
  }
}