{
  "calculate": {
    "groups": {
      "K12_MUL": {
        "BLEU": {
          "max": 0.009744055999747576,
          "median": 0.009744055999747576,
          "fine_grained_average": 0.009744055999747576,
          "coarse_grained_average": 0.009744055999747576
        },
        "F1": {
          "max": 0.05452802436141403,
          "median": 0.05452802436141403,
          "fine_grained_average": 0.05452802436141403,
          "coarse_grained_average": 0.05452802436141403
        },
        "ROUGE-1": {
          "max": 0.0,
          "median": 0.0,
          "fine_grained_average": 0.0,
          "coarse_grained_average": 0.0
        },
        "ROUGE-2": {
          "max": 0.0,
          "median": 0.0,
          "fine_grained_average": 0.0,
          "coarse_grained_average": 0.0
        },
        "ROUGE-L": {
          "max": 0.0,
          "median": 0.0,
          "fine_grained_average": 0.0,
          "coarse_grained_average": 0.0
        },
        "ACC": {
          "max": 0.09767441860465116,
          "median": 0.09767441860465116,
          "fine_grained_average": 0.09767441860465116,
          "coarse_grained_average": 0.09767441860465116
        },
        "length": {
          "max": 645,
          "median": 645.0,
          "fine_grained_average": 645.0,
          "coarse_grained_average": 645.0
        }
      },
      "chinese-gov-test_MUL": {
        "BLEU": {
          "max": 0.009539995625607473,
          "median": 0.009539995625607473,
          "fine_grained_average": 0.009539995625607473,
          "coarse_grained_average": 0.009539995625607473
        },
        "F1": {
          "max": 0.05428743961352657,
          "median": 0.05428743961352657,
          "fine_grained_average": 0.05428743961352657,
          "coarse_grained_average": 0.05428743961352657
        },
        "ROUGE-1": {
          "max": 0.0,
          "median": 0.0,
          "fine_grained_average": 0.0,
          "coarse_grained_average": 0.0
        },
        "ROUGE-2": {
          "max": 0.0,
          "median": 0.0,
          "fine_grained_average": 0.0,
          "coarse_grained_average": 0.0
        },
        "ROUGE-L": {
          "max": 0.0,
          "median": 0.0,
          "fine_grained_average": 0.0,
          "coarse_grained_average": 0.0
        },
        "ACC": {
          "max": 0.08496732026143791,
          "median": 0.08496732026143791,
          "fine_grained_average": 0.08496732026143791,
          "coarse_grained_average": 0.08496732026143791
        },
        "length": {
          "max": 153,
          "median": 153.0,
          "fine_grained_average": 153.0,
          "coarse_grained_average": 153.0
        }
      }
    },
    "overall": {
      "BLEU": {
        "max": 0.009744055999747576,
        "median": 0.009642025812677524,
        "fine_grained_average": 0.009704931642299661,
        "coarse_grained_average": 0.009642025812677524
      },
      "F1": {
        "max": 0.05452802436141403,
        "median": 0.0544077319874703,
        "fine_grained_average": 0.054481897210503276,
        "coarse_grained_average": 0.0544077319874703
      },
      "ROUGE-1": {
        "max": 0.0,
        "median": 0.0,
        "fine_grained_average": 0.0,
        "coarse_grained_average": 0.0
      },
      "ROUGE-2": {
        "max": 0.0,
        "median": 0.0,
        "fine_grained_average": 0.0,
        "coarse_grained_average": 0.0
      },
      "ROUGE-L": {
        "max": 0.0,
        "median": 0.0,
        "fine_grained_average": 0.0,
        "coarse_grained_average": 0.0
      },
      "ACC": {
        "max": 0.09767441860465116,
        "median": 0.09132086943304454,
        "fine_grained_average": 0.09523809523809523,
        "coarse_grained_average": 0.09132086943304454
      },
      "length": {
        "max": 645,
        "median": 399.0,
        "fine_grained_average": 550.6691729323309,
        "coarse_grained_average": 399.0
      }
    }
  },
  "results": {
    "K12_MUL": {
      "K12_MUL.jsonl": {
        "BLEU": 0.009744055999747576,
        "F1": 0.05452802436141403,
        "ROUGE-1": 0.0,
        "ROUGE-2": 0.0,
        "ROUGE-L": 0.0,
        "ACC": 0.09767441860465116,
        "length": 645
      }
    },
    "chinese-gov-test_MUL": {
      "chinese-gov-test_MUL.jsonl": {
        "BLEU": 0.009539995625607473,
        "F1": 0.05428743961352657,
        "ROUGE-1": 0.0,
        "ROUGE-2": 0.0,
        "ROUGE-L": 0.0,
        "ACC": 0.08496732026143791,
        "length": 153
      }
    }
  }
}