{
  "BLEU": 0.04497156988857967,
  "F1": 0.23391812865497075,
  "ROUGE-1": 0.0,
  "ROUGE-2": 0.0,
  "ROUGE-L": 0.0,
  "ACC": 0.32456140350877194,
  "length": 114
}