{
  "BLEU": 0.06785433907904855,
  "F1": 0.3683751363140676,
  "ROUGE-1": 0.0,
  "ROUGE-2": 0.0,
  "ROUGE-L": 0.0,
  "ACC": 0.5572519083969466,
  "length": 131
}