{
  "BLEU": 0.026906232184081186,
  "F1": 0.12319999999999999,
  "ROUGE-1": 0.0,
  "ROUGE-2": 0.0,
  "ROUGE-L": 0.0,
  "ACC": 0.448,
  "length": 125
}