{
  "BLEU": 0.04410266978253194,
  "F1": 0.2325501174674728,
  "ROUGE-1": 0.0,
  "ROUGE-2": 0.0,
  "ROUGE-L": 0.0,
  "ACC": 0.5537190082644629,
  "length": 121
}