{
  "BLEU": 0.02217798874780801,
  "F1": 0.11936021263851453,
  "ROUGE-1": 0.0,
  "ROUGE-2": 0.0,
  "ROUGE-L": 0.0,
  "ACC": 0.23349056603773585,
  "length": 424
}