{
  "BLEU": 0.11833351493449178,
  "F1": 0.6383333333333333,
  "ROUGE-1": 0.0,
  "ROUGE-2": 0.0,
  "ROUGE-L": 0.0,
  "ACC": 0.81,
  "length": 100
}