{
  "BLEU": 0.04835554216463641,
  "F1": 0.24008714596949893,
  "ROUGE-1": 0.0,
  "ROUGE-2": 0.0,
  "ROUGE-L": 0.0,
  "ACC": 0.3790849673202614,
  "length": 153
}