{
  "BLEU": 0.01063472986395793,
  "F1": 0.10830999066293184,
  "ROUGE-1": 0.10830998958045966,
  "ROUGE-2": 0.04678362518928902,
  "ROUGE-L": 0.07656395783442792,
  "ACC-prefix": 0.0,
  "ACC-in": 0.0,
  "length": 9
}