{
  "BLEU": 0.0018800083288046103,
  "F1": 0.018500417710944028,
  "ROUGE-1": 0.018500417537084746,
  "ROUGE-2": 0.0,
  "ROUGE-L": 0.018500417537084746,
  "ACC-prefix": 0.0,
  "ACC-in": 0.07368421052631578,
  "length": 190
}