{
  "BLEU": 0.01921015171699516,
  "F1": 0.1937589000306086,
  "ROUGE-1": 0.19375889890080714,
  "ROUGE-2": 0.030306175617119638,
  "ROUGE-L": 0.09418359982928644,
  "ACC-prefix": 0.0,
  "ACC-in": 0.012048192771084338,
  "length": 83
}