{
  "BLEU": 0.2201006538256469,
  "F1": 0.5516107377897606,
  "ROUGE-1": 0.556991279541998,
  "ROUGE-2": 0.3122428837551255,
  "ROUGE-L": 0.5509664445986414,
  "ACC-prefix": 0.5733333333333334,
  "ACC-in": 0.74,
  "length": 150
}