{
  "BLEU": 0.016318053340632296,
  "F1": 0.10334980556663034,
  "ROUGE-1": 0.10257465099392991,
  "ROUGE-2": 0.01728111826617239,
  "ROUGE-L": 0.09330904979486888,
  "ACC-prefix": 0.0064516129032258064,
  "ACC-in": 0.0064516129032258064,
  "length": 155
}