{
  "BLEU": 0.022105288123152374,
  "F1": 0.10766351738435487,
  "ROUGE-1": 0.08992466975296089,
  "ROUGE-2": 0.01232665631040762,
  "ROUGE-L": 0.08450406289948663,
  "ACC-prefix": 0.01694915254237288,
  "ACC-in": 0.06779661016949153,
  "length": 59
}