{
  "BLEU": 0.037282271444658045,
  "F1": 0.1776785714285714,
  "ROUGE-1": 0.18571428446369048,
  "ROUGE-2": 0.0,
  "ROUGE-L": 0.18571428446369048,
  "ACC-prefix": 0.25892857142857145,
  "ACC-in": 0.3125,
  "length": 112
}