{
  "BLEU": 0.053580633278746875,
  "F1": 0.2152241918665276,
  "ROUGE-1": 0.21522419042934604,
  "ROUGE-2": 0.05839416018686132,
  "ROUGE-L": 0.21522419042934604,
  "ACC-prefix": 0.24817518248175183,
  "ACC-in": 0.25547445255474455,
  "length": 137
}