{
  "BLEU": 0.0022842866630877257,
  "F1": 0.022960674626367205,
  "ROUGE-1": 0.016280106826743627,
  "ROUGE-2": 0.0,
  "ROUGE-L": 0.01178026189307844,
  "ACC-prefix": 0.0,
  "ACC-in": 0.01694915254237288,
  "length": 59
}