{
  "BLEU": 0.020696734768831215,
  "F1": 0.10178571428571428,
  "ROUGE-1": 0.11934523727266866,
  "ROUGE-2": 0.0,
  "ROUGE-L": 0.11934523727266866,
  "ACC-prefix": 0.19642857142857142,
  "ACC-in": 0.20535714285714285,
  "length": 112
}