{
  "BLEU": 0.1068064467697932,
  "F1": 0.35335622691031815,
  "ROUGE-1": 0.35563699792882864,
  "ROUGE-2": 0.1559450172883979,
  "ROUGE-L": 0.3353065304287019,
  "ACC-prefix": 0.36666666666666664,
  "ACC-in": 0.5266666666666666,
  "length": 150
}