{
  "BLEU": 0.007645477592915757,
  "F1": 0.06393792825270223,
  "ROUGE-1": 0.06409474852228039,
  "ROUGE-2": 0.013199518510342238,
  "ROUGE-L": 0.053865847417589055,
  "ACC-prefix": 0.0,
  "ACC-in": 0.0,
  "length": 155
}