{
  "BLEU": 0.0024240978060173887,
  "F1": 0.010218978102189781,
  "ROUGE-1": 0.013381995041565288,
  "ROUGE-2": 0.0,
  "ROUGE-L": 0.012652068038280615,
  "ACC-prefix": 0.0,
  "ACC-in": 0.014598540145985401,
  "length": 137
}