{
  "BLEU": 0.030672543133899114,
  "F1": 0.1533189033189033,
  "ROUGE-1": 0.17352092250107368,
  "ROUGE-2": 0.0,
  "ROUGE-L": 0.17352092250107368,
  "ACC": 0.30303030303030304,
  "length": 66
}