{
  "calculate": {
    "groups": {
      "commonsense-qa_MUL": {
        "BLEU": {
          "max": 0.022717848574185164,
          "median": 0.022717848574185164,
          "fine_grained_average": 0.022717848574185164,
          "coarse_grained_average": 0.022717848574185164
        },
        "F1": {
          "max": 0.10816803022685376,
          "median": 0.10816803022685376,
          "fine_grained_average": 0.10816803022685376,
          "coarse_grained_average": 0.10816803022685376
        },
        "ROUGE-1": {
          "max": 0.0,
          "median": 0.0,
          "fine_grained_average": 0.0,
          "coarse_grained_average": 0.0
        },
        "ROUGE-2": {
          "max": 0.0,
          "median": 0.0,
          "fine_grained_average": 0.0,
          "coarse_grained_average": 0.0
        },
        "ROUGE-L": {
          "max": 0.0,
          "median": 0.0,
          "fine_grained_average": 0.0,
          "coarse_grained_average": 0.0
        },
        "ACC": {
          "max": 0.2549019607843137,
          "median": 0.2549019607843137,
          "fine_grained_average": 0.2549019607843137,
          "coarse_grained_average": 0.2549019607843137
        },
        "length": {
          "max": 153,
          "median": 153.0,
          "fine_grained_average": 153.0,
          "coarse_grained_average": 153.0
        }
      },
      "logic_MUL": {
        "BLEU": {
          "max": 0.003580234189377633,
          "median": 0.003580234189377633,
          "fine_grained_average": 0.003580234189377633,
          "coarse_grained_average": 0.003580234189377633
        },
        "F1": {
          "max": 0.024710565236629668,
          "median": 0.024710565236629668,
          "fine_grained_average": 0.024710565236629668,
          "coarse_grained_average": 0.024710565236629668
        },
        "ROUGE-1": {
          "max": 0.0,
          "median": 0.0,
          "fine_grained_average": 0.0,
          "coarse_grained_average": 0.0
        },
        "ROUGE-2": {
          "max": 0.0,
          "median": 0.0,
          "fine_grained_average": 0.0,
          "coarse_grained_average": 0.0
        },
        "ROUGE-L": {
          "max": 0.0,
          "median": 0.0,
          "fine_grained_average": 0.0,
          "coarse_grained_average": 0.0
        },
        "ACC": {
          "max": 0.1179245283018868,
          "median": 0.1179245283018868,
          "fine_grained_average": 0.1179245283018868,
          "coarse_grained_average": 0.1179245283018868
        },
        "length": {
          "max": 424,
          "median": 424.0,
          "fine_grained_average": 424.0,
          "coarse_grained_average": 424.0
        }
      },
      "math_MUL": {
        "BLEU": {
          "max": 0.01948516491705319,
          "median": 0.01948516491705319,
          "fine_grained_average": 0.01948516491705319,
          "coarse_grained_average": 0.01948516491705319
        },
        "F1": {
          "max": 0.09982320141438868,
          "median": 0.09982320141438868,
          "fine_grained_average": 0.09982320141438868,
          "coarse_grained_average": 0.09982320141438868
        },
        "ROUGE-1": {
          "max": 0.0,
          "median": 0.0,
          "fine_grained_average": 0.0,
          "coarse_grained_average": 0.0
        },
        "ROUGE-2": {
          "max": 0.0,
          "median": 0.0,
          "fine_grained_average": 0.0,
          "coarse_grained_average": 0.0
        },
        "ROUGE-L": {
          "max": 0.0,
          "median": 0.0,
          "fine_grained_average": 0.0,
          "coarse_grained_average": 0.0
        },
        "ACC": {
          "max": 0.14035087719298245,
          "median": 0.14035087719298245,
          "fine_grained_average": 0.14035087719298245,
          "coarse_grained_average": 0.14035087719298245
        },
        "length": {
          "max": 114,
          "median": 114.0,
          "fine_grained_average": 114.0,
          "coarse_grained_average": 114.0
        }
      },
      "reading-comprehension_MUL": {
        "BLEU": {
          "max": 0.022849634974650125,
          "median": 0.022849634974650125,
          "fine_grained_average": 0.022849634974650125,
          "coarse_grained_average": 0.022849634974650125
        },
        "F1": {
          "max": 0.12639227212644366,
          "median": 0.12639227212644366,
          "fine_grained_average": 0.12639227212644366,
          "coarse_grained_average": 0.12639227212644366
        },
        "ROUGE-1": {
          "max": 0.0,
          "median": 0.0,
          "fine_grained_average": 0.0,
          "coarse_grained_average": 0.0
        },
        "ROUGE-2": {
          "max": 0.0,
          "median": 0.0,
          "fine_grained_average": 0.0,
          "coarse_grained_average": 0.0
        },
        "ROUGE-L": {
          "max": 0.0,
          "median": 0.0,
          "fine_grained_average": 0.0,
          "coarse_grained_average": 0.0
        },
        "ACC": {
          "max": 0.4351145038167939,
          "median": 0.4351145038167939,
          "fine_grained_average": 0.4351145038167939,
          "coarse_grained_average": 0.4351145038167939
        },
        "length": {
          "max": 131,
          "median": 131.0,
          "fine_grained_average": 131.0,
          "coarse_grained_average": 131.0
        }
      },
      "real-world_MUL": {
        "BLEU": {
          "max": 0.018723199452909907,
          "median": 0.018723199452909907,
          "fine_grained_average": 0.018723199452909907,
          "coarse_grained_average": 0.018723199452909907
        },
        "F1": {
          "max": 0.08426666666666666,
          "median": 0.08426666666666666,
          "fine_grained_average": 0.08426666666666666,
          "coarse_grained_average": 0.08426666666666666
        },
        "ROUGE-1": {
          "max": 0.0,
          "median": 0.0,
          "fine_grained_average": 0.0,
          "coarse_grained_average": 0.0
        },
        "ROUGE-2": {
          "max": 0.0,
          "median": 0.0,
          "fine_grained_average": 0.0,
          "coarse_grained_average": 0.0
        },
        "ROUGE-L": {
          "max": 0.0,
          "median": 0.0,
          "fine_grained_average": 0.0,
          "coarse_grained_average": 0.0
        },
        "ACC": {
          "max": 0.208,
          "median": 0.208,
          "fine_grained_average": 0.208,
          "coarse_grained_average": 0.208
        },
        "length": {
          "max": 125,
          "median": 125.0,
          "fine_grained_average": 125.0,
          "coarse_grained_average": 125.0
        }
      },
      "science-qa_MUL": {
        "BLEU": {
          "max": 0.034759971094260586,
          "median": 0.034759971094260586,
          "fine_grained_average": 0.034759971094260586,
          "coarse_grained_average": 0.034759971094260586
        },
        "F1": {
          "max": 0.16148020941409372,
          "median": 0.16148020941409372,
          "fine_grained_average": 0.16148020941409372,
          "coarse_grained_average": 0.16148020941409372
        },
        "ROUGE-1": {
          "max": 0.0,
          "median": 0.0,
          "fine_grained_average": 0.0,
          "coarse_grained_average": 0.0
        },
        "ROUGE-2": {
          "max": 0.0,
          "median": 0.0,
          "fine_grained_average": 0.0,
          "coarse_grained_average": 0.0
        },
        "ROUGE-L": {
          "max": 0.0,
          "median": 0.0,
          "fine_grained_average": 0.0,
          "coarse_grained_average": 0.0
        },
        "ACC": {
          "max": 0.371900826446281,
          "median": 0.371900826446281,
          "fine_grained_average": 0.371900826446281,
          "coarse_grained_average": 0.371900826446281
        },
        "length": {
          "max": 121,
          "median": 121.0,
          "fine_grained_average": 121.0,
          "coarse_grained_average": 121.0
        }
      },