{
  "calculate": {
    "groups": {
      "K12_QA": {
        "BLEU": {
          "max": 0.05454374309741145,
          "median": 0.05454374309741145,
          "fine_grained_average": 0.05454374309741145,
          "coarse_grained_average": 0.05454374309741145
        },
        "F1": {
          "max": 0.23977637940950625,
          "median": 0.23977637940950625,
          "fine_grained_average": 0.23977637940950625,
          "coarse_grained_average": 0.23977637940950625
        },
        "ROUGE-1": {
          "max": 0.24314588455880748,
          "median": 0.24314588455880748,
          "fine_grained_average": 0.24314588455880748,
          "coarse_grained_average": 0.24314588455880748
        },
        "ROUGE-2": {
          "max": 0.07458296873060648,
          "median": 0.07458296873060648,
          "fine_grained_average": 0.07458296873060648,
          "coarse_grained_average": 0.07458296873060648
        },
        "ROUGE-L": {
          "max": 0.22209330793951013,
          "median": 0.22209330793951013,
          "fine_grained_average": 0.22209330793951013,
          "coarse_grained_average": 0.22209330793951013
        },
        "ACC-prefix": {
          "max": 0.04864864864864865,
          "median": 0.04864864864864865,
          "fine_grained_average": 0.04864864864864865,
          "coarse_grained_average": 0.04864864864864865
        },
        "ACC-in": {
          "max": 0.06486486486486487,
          "median": 0.06486486486486487,
          "fine_grained_average": 0.06486486486486487,
          "coarse_grained_average": 0.06486486486486487
        },
        "length": {
          "max": 185,
          "median": 185.0,
          "fine_grained_average": 185.0,
          "coarse_grained_average": 185.0
        }
      }
    },
    "overall": {
      "BLEU": {
        "max": 0.05454374309741145,
        "median": 0.05454374309741145,
        "fine_grained_average": 0.05454374309741145,
        "coarse_grained_average": 0.05454374309741145
      },
      "F1": {
        "max": 0.23977637940950625,
        "median": 0.23977637940950625,
        "fine_grained_average": 0.23977637940950625,
        "coarse_grained_average": 0.23977637940950625
      },
      "ROUGE-1": {
        "max": 0.24314588455880748,
        "median": 0.24314588455880748,
        "fine_grained_average": 0.24314588455880748,
        "coarse_grained_average": 0.24314588455880748
      },
      "ROUGE-2": {
        "max": 0.07458296873060648,
        "median": 0.07458296873060648,
        "fine_grained_average": 0.07458296873060648,
        "coarse_grained_average": 0.07458296873060648
      },
      "ROUGE-L": {
        "max": 0.22209330793951013,
        "median": 0.22209330793951013,
        "fine_grained_average": 0.22209330793951013,
        "coarse_grained_average": 0.22209330793951013
      },
      "ACC-prefix": {
        "max": 0.04864864864864865,
        "median": 0.04864864864864865,
        "fine_grained_average": 0.04864864864864865,
        "coarse_grained_average": 0.04864864864864865
      },
      "ACC-in": {
        "max": 0.06486486486486487,
        "median": 0.06486486486486487,
        "fine_grained_average": 0.06486486486486487,
        "coarse_grained_average": 0.06486486486486487
      },
      "length": {
        "max": 185,
        "median": 185.0,
        "fine_grained_average": 185.0,
        "coarse_grained_average": 185.0
      }
    }
  },
  "results": {
    "K12_QA": {
      "K12_QA.jsonl": {
        "BLEU": 0.05454374309741145,
        "F1": 0.23977637940950625,
        "ROUGE-1": 0.24314588455880748,
        "ROUGE-2": 0.07458296873060648,
        "ROUGE-L": 0.22209330793951013,
        "ACC-prefix": 0.04864864864864865,
        "ACC-in": 0.06486486486486487,
        "length": 185
      }
    }
  }
}