{
  "BLEU": 0.00665648690306804,
  "F1": 0.045855556872506024,
  "ROUGE-1": 0.027013475836114645,
  "ROUGE-2": 0.0,
  "ROUGE-L": 0.022170860833484653,
  "ACC-prefix": 0.0,
  "ACC-in": 0.01694915254237288,
  "length": 59
}