{
  "BLEU": 0.0854822168643521,
  "F1": 0.30480548893647014,
  "ROUGE-1": 0.30687236625859104,
  "ROUGE-2": 0.1393259690183833,
  "ROUGE-L": 0.28076730548044526,
  "ACC-prefix": 0.31333333333333335,
  "ACC-in": 0.54,
  "length": 150
}