{
  "BLEU": 0.04524966504096568,
  "F1": 0.21198013296227577,
  "ROUGE-1": 0.21498846811010355,
  "ROUGE-2": 0.0,
  "ROUGE-L": 0.21380487038584725,
  "ACC-prefix": 0.38392857142857145,
  "ACC-in": 0.4017857142857143,
  "length": 112
}