{
  "BLEU": 0.0011214818494050811,
  "F1": 0.00928867897523973,
  "ROUGE-1": 0.009613549388404004,
  "ROUGE-2": 0.0,
  "ROUGE-L": 0.005405060111943784,
  "ACC-prefix": 0.0072992700729927005,
  "ACC-in": 0.0364963503649635,
  "length": 137
}