{
  "BLEU": 0.01745274349813851,
  "F1": 0.1226219682362774,
  "ROUGE-1": 0.12265199802628768,
  "ROUGE-2": 0.023645368578621106,
  "ROUGE-L": 0.09456735341774032,
  "ACC-prefix": 0.0,
  "ACC-in": 0.0064516129032258064,
  "length": 155
}