{
  "BLEU": 0.1044134244407757,
  "F1": 0.20278986335179103,
  "ROUGE-1": 0.20278986215319053,
  "ROUGE-2": 0.13015249382580832,
  "ROUGE-L": 0.18786547600064732,
  "ACC-prefix": 0.0,
  "ACC-in": 0.0,
  "length": 83
}