{
  "BLEU": 0.010611667693695086,
  "F1": 0.06925267714741398,
  "ROUGE-1": 0.06925267670331056,
  "ROUGE-2": 0.0,
  "ROUGE-L": 0.06925267670331056,
  "ACC-prefix": 0.042105263157894736,
  "ACC-in": 0.06842105263157895,
  "length": 190
}