{
  "BLEU": 0.021823036161139613,
  "F1": 0.1111111111111111,
  "ROUGE-1": 0.11111111055555556,
  "ROUGE-2": 0.06944444388888889,
  "ROUGE-L": 0.06172839450617286,
  "ACC-prefix": 0.0,
  "ACC-in": 0.0,
  "length": 9
}