{
  "calculate": {
    "groups": {
      "K12_QA": {
        "BLEU": {
          "max": 0.03163816179537457,
          "median": 0.03163816179537457,
          "fine_grained_average": 0.03163816179537457,
          "coarse_grained_average": 0.03163816179537457
        },
        "F1": {
          "max": 0.17099411130831688,
          "median": 0.17099411130831688,
          "fine_grained_average": 0.17099411130831688,
          "coarse_grained_average": 0.17099411130831688
        },
        "ROUGE-1": {
          "max": 0.17324697258337904,
          "median": 0.17324697258337904,
          "fine_grained_average": 0.17324697258337904,
          "coarse_grained_average": 0.17324697258337904
        },
        "ROUGE-2": {
          "max": 0.04484789427159738,
          "median": 0.04484789427159738,
          "fine_grained_average": 0.04484789427159738,
          "coarse_grained_average": 0.04484789427159738
        },
        "ROUGE-L": {
          "max": 0.1589391547221758,
          "median": 0.1589391547221758,
          "fine_grained_average": 0.1589391547221758,
          "coarse_grained_average": 0.1589391547221758
        },
        "ACC-prefix": {
          "max": 0.021621621621621623,
          "median": 0.021621621621621623,
          "fine_grained_average": 0.021621621621621623,
          "coarse_grained_average": 0.021621621621621623
        },
        "ACC-in": {
          "max": 0.021621621621621623,
          "median": 0.021621621621621623,
          "fine_grained_average": 0.021621621621621623,
          "coarse_grained_average": 0.021621621621621623
        },
        "length": {
          "max": 185,
          "median": 185.0,
          "fine_grained_average": 185.0,
          "coarse_grained_average": 185.0
        }
      }
    },
    "overall": {
      "BLEU": {
        "max": 0.03163816179537457,
        "median": 0.03163816179537457,
        "fine_grained_average": 0.03163816179537457,
        "coarse_grained_average": 0.03163816179537457
      },
      "F1": {
        "max": 0.17099411130831688,
        "median": 0.17099411130831688,
        "fine_grained_average": 0.17099411130831688,
        "coarse_grained_average": 0.17099411130831688
      },
      "ROUGE-1": {
        "max": 0.17324697258337904,
        "median": 0.17324697258337904,
        "fine_grained_average": 0.17324697258337904,
        "coarse_grained_average": 0.17324697258337904
      },
      "ROUGE-2": {
        "max": 0.04484789427159738,
        "median": 0.04484789427159738,
        "fine_grained_average": 0.04484789427159738,
        "coarse_grained_average": 0.04484789427159738
      },
      "ROUGE-L": {
        "max": 0.1589391547221758,
        "median": 0.1589391547221758,
        "fine_grained_average": 0.1589391547221758,
        "coarse_grained_average": 0.1589391547221758
      },
      "ACC-prefix": {
        "max": 0.021621621621621623,
        "median": 0.021621621621621623,
        "fine_grained_average": 0.021621621621621623,
        "coarse_grained_average": 0.021621621621621623
      },
      "ACC-in": {
        "max": 0.021621621621621623,
        "median": 0.021621621621621623,
        "fine_grained_average": 0.021621621621621623,
        "coarse_grained_average": 0.021621621621621623
      },
      "length": {
        "max": 185,
        "median": 185.0,
        "fine_grained_average": 185.0,
        "coarse_grained_average": 185.0
      }
    }
  },
  "results": {
    "K12_QA": {
      "K12_QA.jsonl": {
        "BLEU": 0.03163816179537457,
        "F1": 0.17099411130831688,
        "ROUGE-1": 0.17324697258337904,
        "ROUGE-2": 0.04484789427159738,
        "ROUGE-L": 0.1589391547221758,
        "ACC-prefix": 0.021621621621621623,
        "ACC-in": 0.021621621621621623,
        "length": 185
      }
    }
  }
}