{
  "BLEU": 0.002300709179555067,
  "F1": 0.008521303258145364,
  "ROUGE-1": 0.008521303198472371,
  "ROUGE-2": 0.00601503755102041,
  "ROUGE-L": 0.008521303198472371,
  "ACC-prefix": 0.0,
  "ACC-in": 0.021052631578947368,
  "length": 190
}