{
  "BLEU": 0.018270438705965737,
  "F1": 0.12301587301587302,
  "ROUGE-1": 0.12301587195082202,
  "ROUGE-2": 0.05847953162203755,
  "ROUGE-L": 0.08068782962277969,
  "ACC-prefix": 0.0,
  "ACC-in": 0.0,
  "length": 9
}