{
  "BLEU": 0.11682645577049887,
  "F1": 0.19276514256648822,
  "ROUGE-1": 0.19276514143121543,
  "ROUGE-2": 0.1371488211060082,
  "ROUGE-L": 0.1805401965388346,
  "ACC-prefix": 0.0,
  "ACC-in": 0.0,
  "length": 83
}