{
  "BLEU": 0.02505346944276507,
  "F1": 0.14694517176782665,
  "ROUGE-1": 0.1474850646029487,
  "ROUGE-2": 0.032816808975651895,
  "ROUGE-L": 0.1276261224224039,
  "ACC-prefix": 0.03783783783783784,
  "ACC-in": 0.03783783783783784,
  "length": 185
}