{
  "calculate": {
    "groups": {
      "K12_QA": {
        "BLEU": {
          "max": 0.009865706391714498,
          "median": 0.009865706391714498,
          "fine_grained_average": 0.009865706391714498,
          "coarse_grained_average": 0.009865706391714498
        },
        "F1": {
          "max": 0.07411836361261048,
          "median": 0.07411836361261048,
          "fine_grained_average": 0.07411836361261048,
          "coarse_grained_average": 0.07411836361261048
        },
        "ROUGE-1": {
          "max": 0.07517639444855916,
          "median": 0.07517639444855916,
          "fine_grained_average": 0.07517639444855916,
          "coarse_grained_average": 0.07517639444855916
        },
        "ROUGE-2": {
          "max": 0.010369985101987453,
          "median": 0.010369985101987453,
          "fine_grained_average": 0.010369985101987453,
          "coarse_grained_average": 0.010369985101987453
        },
        "ROUGE-L": {
          "max": 0.05683528392248289,
          "median": 0.05683528392248289,
          "fine_grained_average": 0.05683528392248289,
          "coarse_grained_average": 0.05683528392248289
        },
        "ACC-prefix": {
          "max": 0.0,
          "median": 0.0,
          "fine_grained_average": 0.0,
          "coarse_grained_average": 0.0
        },
        "ACC-in": {
          "max": 0.0,
          "median": 0.0,
          "fine_grained_average": 0.0,
          "coarse_grained_average": 0.0
        },
        "length": {
          "max": 185,
          "median": 185.0,
          "fine_grained_average": 185.0,
          "coarse_grained_average": 185.0
        }
      }
    },
    "overall": {
      "BLEU": {
        "max": 0.009865706391714498,
        "median": 0.009865706391714498,
        "fine_grained_average": 0.009865706391714498,
        "coarse_grained_average": 0.009865706391714498
      },
      "F1": {
        "max": 0.07411836361261048,
        "median": 0.07411836361261048,
        "fine_grained_average": 0.07411836361261048,
        "coarse_grained_average": 0.07411836361261048
      },
      "ROUGE-1": {
        "max": 0.07517639444855916,
        "median": 0.07517639444855916,
        "fine_grained_average": 0.07517639444855916,
        "coarse_grained_average": 0.07517639444855916
      },
      "ROUGE-2": {
        "max": 0.010369985101987453,
        "median": 0.010369985101987453,
        "fine_grained_average": 0.010369985101987453,
        "coarse_grained_average": 0.010369985101987453
      },
      "ROUGE-L": {
        "max": 0.05683528392248289,
        "median": 0.05683528392248289,
        "fine_grained_average": 0.05683528392248289,
        "coarse_grained_average": 0.05683528392248289
      },
      "ACC-prefix": {
        "max": 0.0,
        "median": 0.0,
        "fine_grained_average": 0.0,
        "coarse_grained_average": 0.0
      },
      "ACC-in": {
        "max": 0.0,
        "median": 0.0,
        "fine_grained_average": 0.0,
        "coarse_grained_average": 0.0
      },
      "length": {
        "max": 185,
        "median": 185.0,
        "fine_grained_average": 185.0,
        "coarse_grained_average": 185.0
      }
    }
  },
  "results": {
    "K12_QA": {
      "K12_QA.jsonl": {
        "BLEU": 0.009865706391714498,
        "F1": 0.07411836361261048,
        "ROUGE-1": 0.07517639444855916,
        "ROUGE-2": 0.010369985101987453,
        "ROUGE-L": 0.05683528392248289,
        "ACC-prefix": 0.0,
        "ACC-in": 0.0,
        "length": 185
      }
    }
  }
}