{
  "BLEU": 0.0533114171210189,
  "F1": 0.2947712418300653,
  "ROUGE-1": 0.0,
  "ROUGE-2": 0.0,
  "ROUGE-L": 0.0,
  "ACC": 0.35294117647058826,
  "length": 153
}