{
  "BLEU": 0.037622400747972566,
  "F1": 0.20503875968992247,
  "ROUGE-1": 0.0,
  "ROUGE-2": 0.0,
  "ROUGE-L": 0.0,
  "ACC": 0.23410852713178296,
  "length": 645
}