{
  "BLEU": 0.031923229302792434,
  "F1": 0.16711736727457524,
  "ROUGE-1": 0.0,
  "ROUGE-2": 0.0,
  "ROUGE-L": 0.0,
  "ACC": 0.30697674418604654,
  "length": 645
}