{
  "BLEU": 0.022944922141166765,
  "F1": 0.12957831593393557,
  "ROUGE-1": 0.0,
  "ROUGE-2": 0.0,
  "ROUGE-L": 0.0,
  "ACC": 0.26143790849673204,
  "length": 153
}