{
  "BLEU": 0.0016608620644867585,
  "F1": 0.1935149094618857,
  "ROUGE-1": 0.19351490834569646,
  "ROUGE-2": 0.01118978516013858,
  "ROUGE-L": 0.06482355531483841,
  "ACC-prefix": 0.0,
  "ACC-in": 0.0,
  "length": 83
}