{
  "BLEU": 0.0010367807683749153,
  "F1": 0.05655442955214122,
  "ROUGE-1": 0.05655442823296353,
  "ROUGE-2": 0.01776384475158572,
  "ROUGE-L": 0.05070647501658928,
  "ACC-prefix": 0.0,
  "ACC-in": 0.1111111111111111,
  "length": 9
}