{
  "BLEU": 0.10648625153419904,
  "F1": 0.5889807162534436,
  "ROUGE-1": 0.0,
  "ROUGE-2": 0.0,
  "ROUGE-L": 0.0,
  "ACC": 0.6198347107438017,
  "length": 121
}