{
  "BLEU": 0.0726775063233299,
  "F1": 0.40869565217391307,
  "ROUGE-1": 0.0,
  "ROUGE-2": 0.0,
  "ROUGE-L": 0.0,
  "ACC": 0.40869565217391307,
  "length": 115
}