{
  "BLEU": 0.0455258816067666,
  "F1": 0.26404667422524564,
  "ROUGE-1": 0.0,
  "ROUGE-2": 0.0,
  "ROUGE-L": 0.0,
  "ACC": 0.3619047619047619,
  "length": 420
}