{
  "BLEU": 0.08388445998878197,
  "F1": 0.4691358024691358,
  "ROUGE-1": 0.0,
  "ROUGE-2": 0.0,
  "ROUGE-L": 0.0,
  "ACC": 0.4962962962962963,
  "length": 135
}