{
  "BLEU": 0.04028450414632833,
  "F1": 0.2174784788057099,
  "ROUGE-1": 0.0,
  "ROUGE-2": 0.0,
  "ROUGE-L": 0.0,
  "ACC": 0.3652173913043478,
  "length": 115
}