{
  "BLEU": 0.07047226689974889,
  "F1": 0.38366890380313196,
  "ROUGE-1": 0.0,
  "ROUGE-2": 0.0,
  "ROUGE-L": 0.0,
  "ACC": 0.436241610738255,
  "length": 149
}