{
  "BLEU": 0.018464143303126415,
  "F1": 0.10458157119056773,
  "ROUGE-1": 0.0,
  "ROUGE-2": 0.0,
  "ROUGE-L": 0.0,
  "ACC": 0.16339869281045752,
  "length": 153
}