{
  "BLEU": 0.016623619017965795,
  "F1": 0.09538850081728803,
  "ROUGE-1": 0.0,
  "ROUGE-2": 0.0,
  "ROUGE-L": 0.0,
  "ACC": 0.14108527131782947,
  "length": 645
}