{
  "calculate": {
    "groups": {
      "factual-qa_QA": {
        "BLEU": {
          "max": 0.02070711462072929,
          "median": 0.02070711462072929,
          "fine_grained_average": 0.02070711462072929,
          "coarse_grained_average": 0.02070711462072929
        },
        "F1": {
          "max": 0.1445360100686969,
          "median": 0.1445360100686969,
          "fine_grained_average": 0.1445360100686969,
          "coarse_grained_average": 0.1445360100686969
        },
        "ROUGE-1": {
          "max": 0.14499407279292076,
          "median": 0.14499407279292076,
          "fine_grained_average": 0.14499407279292076,
          "coarse_grained_average": 0.14499407279292076
        },
        "ROUGE-2": {
          "max": 0.022272907847893417,
          "median": 0.022272907847893417,
          "fine_grained_average": 0.022272907847893417,
          "coarse_grained_average": 0.022272907847893417
        },
        "ROUGE-L": {
          "max": 0.13653467868946179,
          "median": 0.13653467868946179,
          "fine_grained_average": 0.13653467868946179,
          "coarse_grained_average": 0.13653467868946179
        },
        "ACC-prefix": {
          "max": 0.0,
          "median": 0.0,
          "fine_grained_average": 0.0,
          "coarse_grained_average": 0.0
        },
        "ACC-in": {
          "max": 0.0,
          "median": 0.0,
          "fine_grained_average": 0.0,
          "coarse_grained_average": 0.0
        },
        "length": {
          "max": 155,
          "median": 155.0,
          "fine_grained_average": 155.0,
          "coarse_grained_average": 155.0
        }
      },
      "inference_QA": {
        "BLEU": {
          "max": 0.04037521516421029,
          "median": 0.04037521516421029,
          "fine_grained_average": 0.04037521516421029,
          "coarse_grained_average": 0.04037521516421029
        },
        "F1": {
          "max": 0.18690476190476188,
          "median": 0.18690476190476188,
          "fine_grained_average": 0.18690476190476188,
          "coarse_grained_average": 0.18690476190476188
        },
        "ROUGE-1": {
          "max": 0.1880952367650794,
          "median": 0.1880952367650794,
          "fine_grained_average": 0.1880952367650794,
          "coarse_grained_average": 0.1880952367650794
        },
        "ROUGE-2": {
          "max": 0.0,
          "median": 0.0,
          "fine_grained_average": 0.0,
          "coarse_grained_average": 0.0
        },
        "ROUGE-L": {
          "max": 0.1880952367650794,
          "median": 0.1880952367650794,
          "fine_grained_average": 0.1880952367650794,
          "coarse_grained_average": 0.1880952367650794
        },
        "ACC-prefix": {
          "max": 0.3392857142857143,
          "median": 0.3392857142857143,
          "fine_grained_average": 0.3392857142857143,
          "coarse_grained_average": 0.3392857142857143
        },
        "ACC-in": {
          "max": 0.3392857142857143,
          "median": 0.3392857142857143,
          "fine_grained_average": 0.3392857142857143,
          "coarse_grained_average": 0.3392857142857143
        },
        "length": {
          "max": 112,
          "median": 112.0,
          "fine_grained_average": 112.0,
          "coarse_grained_average": 112.0
        }
      },
      "math_QA": {
        "BLEU": {
          "max": 0.02061553818388548,
          "median": 0.02061553818388548,
          "fine_grained_average": 0.02061553818388548,
          "coarse_grained_average": 0.02061553818388548
        },
        "F1": {
          "max": 0.0525228067600949,
          "median": 0.0525228067600949,
          "fine_grained_average": 0.0525228067600949,
          "coarse_grained_average": 0.0525228067600949
        },
        "ROUGE-1": {
          "max": 0.03342749495396527,
          "median": 0.03342749495396527,
          "fine_grained_average": 0.03342749495396527,
          "coarse_grained_average": 0.03342749495396527
        },
        "ROUGE-2": {
          "max": 0.011299434943502827,
          "median": 0.011299434943502827,
          "fine_grained_average": 0.011299434943502827,
          "coarse_grained_average": 0.011299434943502827
        },
        "ROUGE-L": {
          "max": 0.03015229639416659,
          "median": 0.03015229639416659,
          "fine_grained_average": 0.03015229639416659,
          "coarse_grained_average": 0.03015229639416659
        },
        "ACC-prefix": {
          "max": 0.0,
          "median": 0.0,
          "fine_grained_average": 0.0,
          "coarse_grained_average": 0.0
        },
        "ACC-in": {
          "max": 0.0,
          "median": 0.0,
          "fine_grained_average": 0.0,
          "coarse_grained_average": 0.0
        },
        "length": {
          "max": 59,
          "median": 59.0,
          "fine_grained_average": 59.0,
          "coarse_grained_average": 59.0
        }
      },
      "reading-comprehension_QA": {
        "BLEU": {
          "max": 0.2655580893188665,
          "median": 0.2655580893188665,
          "fine_grained_average": 0.2655580893188665,
          "coarse_grained_average": 0.2655580893188665
        },
        "F1": {
          "max": 0.6663961274429062,
          "median": 0.6663961274429062,
          "fine_grained_average": 0.6663961274429062,
          "coarse_grained_average": 0.6663961274429062
        },
        "ROUGE-1": {
          "max": 0.6663961234581484,
          "median": 0.6663961234581484,
          "fine_grained_average": 0.6663961234581484,
          "coarse_grained_average": 0.6663961234581484
        },
        "ROUGE-2": {
          "max": 0.35950833668401666,
          "median": 0.35950833668401666,
          "fine_grained_average": 0.35950833668401666,
          "coarse_grained_average": 0.35950833668401666
        },
        "ROUGE-L": {
          "max": 0.6636613997460552,
          "median": 0.6636613997460552,
          "fine_grained_average": 0.6636613997460552,
          "coarse_grained_average": 0.6636613997460552
        },
        "ACC-prefix": {
          "max": 0.66,
          "median": 0.66,
          "fine_grained_average": 0.66,
          "coarse_grained_average": 0.66
        },
        "ACC-in": {
          "max": 0.8866666666666667,
          "median": 0.8866666666666667,
          "fine_grained_average": 0.8866666666666667,
          "coarse_grained_average": 0.8866666666666667
        },
        "length": {
          "max": 150,
          "median": 150.0,
          "fine_grained_average": 150.0,
          "coarse_grained_average": 150.0
        }
      },
      "real-world_QA": {
        "BLEU": {
          "max": 0.012515992416469836,
          "median": 0.012515992416469836,
          "fine_grained_average": 0.012515992416469836,
          "coarse_grained_average": 0.012515992416469836
        },
        "F1": {
          "max": 0.06666666666666667,
          "median": 0.06666666666666667,
          "fine_grained_average": 0.06666666666666667,
          "coarse_grained_average": 0.06666666666666667
        },
        "ROUGE-1": {
          "max": 0.06666666623471208,
          "median": 0.06666666623471208,
          "fine_grained_average": 0.06666666623471208,
          "coarse_grained_average": 0.06666666623471208
        },
        "ROUGE-2": {
          "max": 0.0,
          "median": 0.0,
          "fine_grained_average": 0.0,
          "coarse_grained_average": 0.0
        },
        "ROUGE-L": {
          "max": 0.06499826165756328,
          "median": 0.06499826165756328,
          "fine_grained_average": 0.06499826165756328,
          "coarse_grained_average": 0.06499826165756328
        },
        "ACC-prefix": {
          "max": 0.051094890510948905,
          "median": 0.051094890510948905,
          "fine_grained_average": 0.051094890510948905,
          "coarse_grained_average": 0.051094890510948905
        },
        "ACC-in": {
          "max": 0.072992700729927,
          "median": 0.072992700729927,