{
  "calculate": {
    "groups": {
      "K12_MUL": {
        "BLEU": {
          "max": 0.010720305472479418,
          "median": 0.010720305472479418,
          "fine_grained_average": 0.010720305472479418,
          "coarse_grained_average": 0.010720305472479418
        },
        "F1": {
          "max": 0.06550883399953798,
          "median": 0.06550883399953798,
          "fine_grained_average": 0.06550883399953798,
          "coarse_grained_average": 0.06550883399953798
        },
        "ROUGE-1": {
          "max": 0.0,
          "median": 0.0,
          "fine_grained_average": 0.0,
          "coarse_grained_average": 0.0
        },
        "ROUGE-2": {
          "max": 0.0,
          "median": 0.0,
          "fine_grained_average": 0.0,
          "coarse_grained_average": 0.0
        },
        "ROUGE-L": {
          "max": 0.0,
          "median": 0.0,
          "fine_grained_average": 0.0,
          "coarse_grained_average": 0.0
        },
        "ACC": {
          "max": 0.19689922480620156,
          "median": 0.19689922480620156,
          "fine_grained_average": 0.19689922480620156,
          "coarse_grained_average": 0.19689922480620156
        },
        "length": {
          "max": 645,
          "median": 645.0,
          "fine_grained_average": 645.0,
          "coarse_grained_average": 645.0
        }
      },
      "chinese-gov-test_MUL": {
        "BLEU": {
          "max": 0.010637459798700327,
          "median": 0.010637459798700327,
          "fine_grained_average": 0.010637459798700327,
          "coarse_grained_average": 0.010637459798700327
        },
        "F1": {
          "max": 0.062206094559035745,
          "median": 0.062206094559035745,
          "fine_grained_average": 0.062206094559035745,
          "coarse_grained_average": 0.062206094559035745
        },
        "ROUGE-1": {
          "max": 0.0,
          "median": 0.0,
          "fine_grained_average": 0.0,
          "coarse_grained_average": 0.0
        },
        "ROUGE-2": {
          "max": 0.0,
          "median": 0.0,
          "fine_grained_average": 0.0,
          "coarse_grained_average": 0.0
        },
        "ROUGE-L": {
          "max": 0.0,
          "median": 0.0,
          "fine_grained_average": 0.0,
          "coarse_grained_average": 0.0
        },
        "ACC": {
          "max": 0.16993464052287582,
          "median": 0.16993464052287582,
          "fine_grained_average": 0.16993464052287582,
          "coarse_grained_average": 0.16993464052287582
        },
        "length": {
          "max": 153,
          "median": 153.0,
          "fine_grained_average": 153.0,
          "coarse_grained_average": 153.0
        }
      }
    },
    "overall": {
      "BLEU": {
        "max": 0.010720305472479418,
        "median": 0.010678882635589873,
        "fine_grained_average": 0.010704421527506733,
        "coarse_grained_average": 0.010678882635589873
      },
      "F1": {
        "max": 0.06550883399953798,
        "median": 0.06385746427928686,
        "fine_grained_average": 0.06487560200154695,
        "coarse_grained_average": 0.06385746427928686
      },
      "ROUGE-1": {
        "max": 0.0,
        "median": 0.0,
        "fine_grained_average": 0.0,
        "coarse_grained_average": 0.0
      },
      "ROUGE-2": {
        "max": 0.0,
        "median": 0.0,
        "fine_grained_average": 0.0,
        "coarse_grained_average": 0.0
      },
      "ROUGE-L": {
        "max": 0.0,
        "median": 0.0,
        "fine_grained_average": 0.0,
        "coarse_grained_average": 0.0
      },
      "ACC": {
        "max": 0.19689922480620156,
        "median": 0.18341693266453868,
        "fine_grained_average": 0.19172932330827067,
        "coarse_grained_average": 0.18341693266453868
      },
      "length": {
        "max": 645,
        "median": 399.0,
        "fine_grained_average": 550.6691729323309,
        "coarse_grained_average": 399.0
      }
    }
  },
  "results": {
    "K12_MUL": {
      "K12_MUL.jsonl": {
        "BLEU": 0.010720305472479418,
        "F1": 0.06550883399953798,
        "ROUGE-1": 0.0,
        "ROUGE-2": 0.0,
        "ROUGE-L": 0.0,
        "ACC": 0.19689922480620156,
        "length": 645
      }
    },
    "chinese-gov-test_MUL": {
      "chinese-gov-test_MUL.jsonl": {
        "BLEU": 0.010637459798700327,
        "F1": 0.062206094559035745,
        "ROUGE-1": 0.0,
        "ROUGE-2": 0.0,
        "ROUGE-L": 0.0,
        "ACC": 0.16993464052287582,
        "length": 153
      }
    }
  }
}