{
  "BLEU": 0.026615679575520693,
  "F1": 0.15906247784279573,
  "ROUGE-1": 0.0,
  "ROUGE-2": 0.0,
  "ROUGE-L": 0.0,
  "ACC": 0.4793388429752066,
  "length": 121
}