{
  "BLEU": 0.04509829216426544,
  "F1": 0.25465100826380976,
  "ROUGE-1": 0.0,
  "ROUGE-2": 0.0,
  "ROUGE-L": 0.0,
  "ACC": 0.34074074074074073,
  "length": 135
}