{
  "BLEU": 0.01585965158983177,
  "F1": 0.09237341870973585,
  "ROUGE-1": 0.0,
  "ROUGE-2": 0.0,
  "ROUGE-L": 0.0,
  "ACC": 0.16521739130434782,
  "length": 115
}