{
  "BLEU": 0.023409213976324457,
  "F1": 0.13567570087780503,
  "ROUGE-1": 0.0,
  "ROUGE-2": 0.0,
  "ROUGE-L": 0.0,
  "ACC": 0.2684563758389262,
  "length": 149
}