{
  "BLEU": 0.011661292470212619,
  "F1": 0.07013362265888771,
  "ROUGE-1": 0.0,
  "ROUGE-2": 0.0,
  "ROUGE-L": 0.0,
  "ACC": 0.17857142857142858,
  "length": 420
}