{
  "BLEU": 0.026373744915919498,
  "F1": 0.14112157871220896,
  "ROUGE-1": 0.0,
  "ROUGE-2": 0.0,
  "ROUGE-L": 0.0,
  "ACC": 0.4260869565217391,
  "length": 115
}