{
  "BLEU": 0.012517631757085623,
  "F1": 0.07920535952764149,
  "ROUGE-1": 0.0,
  "ROUGE-2": 0.0,
  "ROUGE-L": 0.0,
  "ACC": 0.5,
  "length": 100
}