{
  "BLEU": 0.003417012684063286,
  "F1": 0.03521363339093192,
  "ROUGE-1": 0.0,
  "ROUGE-2": 0.0,
  "ROUGE-L": 0.0,
  "ACC": 0.13157894736842105,
  "length": 114
}