{
  "BLEU": 0.0012659177470140332,
  "F1": 0.02378755613026551,
  "ROUGE-1": 0.0,
  "ROUGE-2": 0.0,
  "ROUGE-L": 0.0,
  "ACC": 0.10457516339869281,
  "length": 153
}