{
  "BLEU": 0.017114996515524568,
  "F1": 0.09909565217391304,
  "ROUGE-1": 0.0,
  "ROUGE-2": 0.0,
  "ROUGE-L": 0.0,
  "ACC": 0.336,
  "length": 125
}