{
  "BLEU": 0.0021585489797968822,
  "F1": 0.04487278727415858,
  "ROUGE-1": 0.0,
  "ROUGE-2": 0.0,
  "ROUGE-L": 0.0,
  "ACC": 0.21374045801526717,
  "length": 131
}