{
  "BLEU": 0.0004938996553974557,
  "F1": 0.029214219896626252,
  "ROUGE-1": 0.0,
  "ROUGE-2": 0.0,
  "ROUGE-L": 0.0,
  "ACC": 0.08018867924528301,
  "length": 424
}