{
  "BLEU": 0.0016517408823231215,
  "F1": 0.05364901227552508,
  "ROUGE-1": 0.0,
  "ROUGE-2": 0.0,
  "ROUGE-L": 0.0,
  "ACC": 0.30578512396694213,
  "length": 121
}