{
  "BLEU": 0.011769592052785017,
  "F1": 0.06364546271113468,
  "ROUGE-1": 0.0,
  "ROUGE-2": 0.0,
  "ROUGE-L": 0.0,
  "ACC": 0.12403100775193798,
  "length": 645
}