{
  "BLEU": 0.010591043234931657,
  "F1": 0.05260164671929377,
  "ROUGE-1": 0.0,
  "ROUGE-2": 0.0,
  "ROUGE-L": 0.0,
  "ACC": 0.08496732026143791,
  "length": 153
}