{
  "BLEU": 0.013361507399658887,
  "F1": 0.08223900786431852,
  "ROUGE-1": 0.08437001483962146,
  "ROUGE-2": 0.009664723370804906,
  "ROUGE-L": 0.06986913107635194,
  "ACC-prefix": 0.0,
  "ACC-in": 0.005405405405405406,
  "length": 185
}