{
  "BLEU": 0.10256520988421572,
  "F1": 0.206966753525299,
  "ROUGE-1": 0.20696675232614187,
  "ROUGE-2": 0.13114878030626093,
  "ROUGE-L": 0.18878897992348354,
  "ACC-prefix": 0.0,
  "ACC-in": 0.0,
  "length": 83
}