{
  "BLEU": 0.013913562767150226,
  "F1": 0.09231347599768652,
  "ROUGE-1": 0.092313475430047,
  "ROUGE-2": 0.0,
  "ROUGE-L": 0.092313475430047,
  "ACC-prefix": 0.05263157894736842,
  "ACC-in": 0.06315789473684211,
  "length": 190
}