{
  "BLEU": 0.01962000406613822,
  "F1": 0.20067340067340067,
  "ROUGE-1": 0.2006733990730538,
  "ROUGE-2": 0.07264957162064434,
  "ROUGE-L": 0.12390572230537705,
  "ACC-prefix": 0.0,
  "ACC-in": 0.0,
  "length": 9
}