{
  "BLEU": 0.07623631583885097,
  "F1": 0.4276094276094276,
  "ROUGE-1": 0.0,
  "ROUGE-2": 0.0,
  "ROUGE-L": 0.0,
  "ACC": 0.45454545454545453,
  "length": 121
}