{
  "BLEU": 0.019008481887954787,
  "F1": 0.10776942355889724,
  "ROUGE-1": 0.0,
  "ROUGE-2": 0.0,
  "ROUGE-L": 0.0,
  "ACC": 0.18421052631578946,
  "length": 114
}