{
  "BLEU": 0.037269684258393755,
  "F1": 0.21568627450980393,
  "ROUGE-1": 0.0,
  "ROUGE-2": 0.0,
  "ROUGE-L": 0.0,
  "ACC": 0.27450980392156865,
  "length": 153
}