{
  "BLEU": 0.01838711401247521,
  "F1": 0.10298742138364779,
  "ROUGE-1": 0.0,
  "ROUGE-2": 0.0,
  "ROUGE-L": 0.0,
  "ACC": 0.11084905660377359,
  "length": 424
}