{
  "BLEU": 0.024462322897054783,
  "F1": 0.1392390676815034,
  "ROUGE-1": 0.0,
  "ROUGE-2": 0.0,
  "ROUGE-L": 0.0,
  "ACC": 0.46564885496183206,
  "length": 131
}