{
  "calculate": {
    "groups": {
      "K12_MUL": {
        "BLEU": {
          "max": 0.037622400747972566,
          "median": 0.037622400747972566,
          "fine_grained_average": 0.037622400747972566,
          "coarse_grained_average": 0.037622400747972566
        },
        "F1": {
          "max": 0.20503875968992247,
          "median": 0.20503875968992247,
          "fine_grained_average": 0.20503875968992247,
          "coarse_grained_average": 0.20503875968992247
        },
        "ROUGE-1": {
          "max": 0.0,
          "median": 0.0,
          "fine_grained_average": 0.0,
          "coarse_grained_average": 0.0
        },
        "ROUGE-2": {
          "max": 0.0,
          "median": 0.0,
          "fine_grained_average": 0.0,
          "coarse_grained_average": 0.0
        },
        "ROUGE-L": {
          "max": 0.0,
          "median": 0.0,
          "fine_grained_average": 0.0,
          "coarse_grained_average": 0.0
        },
        "ACC": {
          "max": 0.23410852713178296,
          "median": 0.23410852713178296,
          "fine_grained_average": 0.23410852713178296,
          "coarse_grained_average": 0.23410852713178296
        },
        "length": {
          "max": 645,
          "median": 645.0,
          "fine_grained_average": 645.0,
          "coarse_grained_average": 645.0
        }
      },
      "chinese-gov-test_MUL": {
        "BLEU": {
          "max": 0.0533114171210189,
          "median": 0.0533114171210189,
          "fine_grained_average": 0.0533114171210189,
          "coarse_grained_average": 0.0533114171210189
        },
        "F1": {
          "max": 0.2947712418300653,
          "median": 0.2947712418300653,
          "fine_grained_average": 0.2947712418300653,
          "coarse_grained_average": 0.2947712418300653
        },
        "ROUGE-1": {
          "max": 0.0,
          "median": 0.0,
          "fine_grained_average": 0.0,
          "coarse_grained_average": 0.0
        },
        "ROUGE-2": {
          "max": 0.0,
          "median": 0.0,
          "fine_grained_average": 0.0,
          "coarse_grained_average": 0.0
        },
        "ROUGE-L": {
          "max": 0.0,
          "median": 0.0,
          "fine_grained_average": 0.0,
          "coarse_grained_average": 0.0
        },
        "ACC": {
          "max": 0.35294117647058826,
          "median": 0.35294117647058826,
          "fine_grained_average": 0.35294117647058826,
          "coarse_grained_average": 0.35294117647058826
        },
        "length": {
          "max": 153,
          "median": 153.0,
          "fine_grained_average": 153.0,
          "coarse_grained_average": 153.0
        }
      }
    },
    "overall": {
      "BLEU": {
        "max": 0.0533114171210189,
        "median": 0.04546690893449573,
        "fine_grained_average": 0.04063044524054912,
        "coarse_grained_average": 0.04546690893449573
      },
      "F1": {
        "max": 0.2947712418300653,
        "median": 0.2499050007599939,
        "fine_grained_average": 0.22224310776942355,
        "coarse_grained_average": 0.2499050007599939
      },
      "ROUGE-1": {
        "max": 0.0,
        "median": 0.0,
        "fine_grained_average": 0.0,
        "coarse_grained_average": 0.0
      },
      "ROUGE-2": {
        "max": 0.0,
        "median": 0.0,
        "fine_grained_average": 0.0,
        "coarse_grained_average": 0.0
      },
      "ROUGE-L": {
        "max": 0.0,
        "median": 0.0,
        "fine_grained_average": 0.0,
        "coarse_grained_average": 0.0
      },
      "ACC": {
        "max": 0.35294117647058826,
        "median": 0.2935248518011856,
        "fine_grained_average": 0.2568922305764411,
        "coarse_grained_average": 0.2935248518011856
      },
      "length": {
        "max": 645,
        "median": 399.0,
        "fine_grained_average": 550.6691729323309,
        "coarse_grained_average": 399.0
      }
    }
  },
  "results": {
    "K12_MUL": {
      "K12_MUL.jsonl": {
        "BLEU": 0.037622400747972566,
        "F1": 0.20503875968992247,
        "ROUGE-1": 0.0,
        "ROUGE-2": 0.0,
        "ROUGE-L": 0.0,
        "ACC": 0.23410852713178296,
        "length": 645
      }
    },
    "chinese-gov-test_MUL": {
      "chinese-gov-test_MUL.jsonl": {
        "BLEU": 0.0533114171210189,
        "F1": 0.2947712418300653,
        "ROUGE-1": 0.0,
        "ROUGE-2": 0.0,
        "ROUGE-L": 0.0,
        "ACC": 0.35294117647058826,
        "length": 153
      }
    }
  }
}