{
  "BLEU": 0.040420921492672054,
  "F1": 0.17650351768049305,
  "ROUGE-1": 0.17889427614194783,
  "ROUGE-2": 0.05381404478074546,
  "ROUGE-L": 0.15948056472498753,
  "ACC-prefix": 0.03783783783783784,
  "ACC-in": 0.03783783783783784,
  "length": 185
}