{
  "calculate": {
    "groups": {
      "commonsense-qa_MUL": {
        "BLEU": {
          "max": 0.05036144810405889,
          "median": 0.05036144810405889,
          "fine_grained_average": 0.05036144810405889,
          "coarse_grained_average": 0.05036144810405889
        },
        "F1": {
          "max": 0.23825503355704697,
          "median": 0.23825503355704697,
          "fine_grained_average": 0.23825503355704697,
          "coarse_grained_average": 0.23825503355704697
        },
        "ROUGE-1": {
          "max": 0.0,
          "median": 0.0,
          "fine_grained_average": 0.0,
          "coarse_grained_average": 0.0
        },
        "ROUGE-2": {
          "max": 0.0,
          "median": 0.0,
          "fine_grained_average": 0.0,
          "coarse_grained_average": 0.0
        },
        "ROUGE-L": {
          "max": 0.0,
          "median": 0.0,
          "fine_grained_average": 0.0,
          "coarse_grained_average": 0.0
        },
        "ACC": {
          "max": 0.436241610738255,
          "median": 0.436241610738255,
          "fine_grained_average": 0.436241610738255,
          "coarse_grained_average": 0.436241610738255
        },
        "length": {
          "max": 149,
          "median": 149.0,
          "fine_grained_average": 149.0,
          "coarse_grained_average": 149.0
        }
      },
      "inference_MUL": {
        "BLEU": {
          "max": 0.009246176853408445,
          "median": 0.009246176853408445,
          "fine_grained_average": 0.009246176853408445,
          "coarse_grained_average": 0.009246176853408445
        },
        "F1": {
          "max": 0.05208900226757369,
          "median": 0.05208900226757369,
          "fine_grained_average": 0.05208900226757369,
          "coarse_grained_average": 0.05208900226757369
        },
        "ROUGE-1": {
          "max": 0.0,
          "median": 0.0,
          "fine_grained_average": 0.0,
          "coarse_grained_average": 0.0
        },
        "ROUGE-2": {
          "max": 0.0,
          "median": 0.0,
          "fine_grained_average": 0.0,
          "coarse_grained_average": 0.0
        },
        "ROUGE-L": {
          "max": 0.0,
          "median": 0.0,
          "fine_grained_average": 0.0,
          "coarse_grained_average": 0.0
        },
        "ACC": {
          "max": 0.06190476190476191,
          "median": 0.06190476190476191,
          "fine_grained_average": 0.06190476190476191,
          "coarse_grained_average": 0.06190476190476191
        },
        "length": {
          "max": 420,
          "median": 420.0,
          "fine_grained_average": 420.0,
          "coarse_grained_average": 420.0
        }
      },
      "math_MUL": {
        "BLEU": {
          "max": 0.041258854620361315,
          "median": 0.041258854620361315,
          "fine_grained_average": 0.041258854620361315,
          "coarse_grained_average": 0.041258854620361315
        },
        "F1": {
          "max": 0.2289855072463768,
          "median": 0.2289855072463768,
          "fine_grained_average": 0.2289855072463768,
          "coarse_grained_average": 0.2289855072463768
        },
        "ROUGE-1": {
          "max": 0.0,
          "median": 0.0,
          "fine_grained_average": 0.0,
          "coarse_grained_average": 0.0
        },
        "ROUGE-2": {
          "max": 0.0,
          "median": 0.0,
          "fine_grained_average": 0.0,
          "coarse_grained_average": 0.0
        },
        "ROUGE-L": {
          "max": 0.0,
          "median": 0.0,
          "fine_grained_average": 0.0,
          "coarse_grained_average": 0.0
        },
        "ACC": {
          "max": 0.23478260869565218,
          "median": 0.23478260869565218,
          "fine_grained_average": 0.23478260869565218,
          "coarse_grained_average": 0.23478260869565218
        },
        "length": {
          "max": 115,
          "median": 115.0,
          "fine_grained_average": 115.0,
          "coarse_grained_average": 115.0
        }
      },
      "real-world_MUL": {
        "BLEU": {
          "max": 0.03403876594977356,
          "median": 0.03403876594977356,
          "fine_grained_average": 0.03403876594977356,
          "coarse_grained_average": 0.03403876594977356
        },
        "F1": {
          "max": 0.19012345679012344,
          "median": 0.19012345679012344,
          "fine_grained_average": 0.19012345679012344,
          "coarse_grained_average": 0.19012345679012344
        },
        "ROUGE-1": {
          "max": 0.0,
          "median": 0.0,
          "fine_grained_average": 0.0,
          "coarse_grained_average": 0.0
        },
        "ROUGE-2": {
          "max": 0.0,
          "median": 0.0,
          "fine_grained_average": 0.0,
          "coarse_grained_average": 0.0
        },
        "ROUGE-L": {
          "max": 0.0,
          "median": 0.0,
          "fine_grained_average": 0.0,
          "coarse_grained_average": 0.0
        },
        "ACC": {
          "max": 0.1925925925925926,
          "median": 0.1925925925925926,
          "fine_grained_average": 0.1925925925925926,
          "coarse_grained_average": 0.1925925925925926
        },
        "length": {
          "max": 135,
          "median": 135.0,
          "fine_grained_average": 135.0,
          "coarse_grained_average": 135.0
        }
      },
      "science-qa_MUL": {
        "BLEU": {
          "max": 0.024750263918879325,
          "median": 0.024750263918879325,
          "fine_grained_average": 0.024750263918879325,
          "coarse_grained_average": 0.024750263918879325
        },
        "F1": {
          "max": 0.1377410468319559,
          "median": 0.1377410468319559,
          "fine_grained_average": 0.1377410468319559,
          "coarse_grained_average": 0.1377410468319559
        },
        "ROUGE-1": {
          "max": 0.0,
          "median": 0.0,
          "fine_grained_average": 0.0,
          "coarse_grained_average": 0.0
        },
        "ROUGE-2": {
          "max": 0.0,
          "median": 0.0,
          "fine_grained_average": 0.0,
          "coarse_grained_average": 0.0
        },
        "ROUGE-L": {
          "max": 0.0,
          "median": 0.0,
          "fine_grained_average": 0.0,
          "coarse_grained_average": 0.0
        },
        "ACC": {
          "max": 0.15702479338842976,
          "median": 0.15702479338842976,
          "fine_grained_average": 0.15702479338842976,
          "coarse_grained_average": 0.15702479338842976
        },
        "length": {
          "max": 121,
          "median": 121.0,
          "fine_grained_average": 121.0,
          "coarse_grained_average": 121.0
        }
      },
      "sentimental-analysis_MUL": {
        "BLEU": {
          "max": 0.02164861890482167,
          "median": 0.02164861890482167,
          "fine_grained_average": 0.02164861890482167,
          "coarse_grained_average": 0.02164861890482167
        },
        "F1": {
          "max": 0.12173913043478261,
          "median": 0.12173913043478261,
          "fine_grained_average": 0.12173913043478261,
          "coarse_grained_average": 0.12173913043478261
        },
        "ROUGE-1": {
          "max": 0.0,
          "median": 0.0,
          "fine_grained_average": 0.0,
          "coarse_grained_average": 0.0
        },
        "ROUGE-2": {
          "max": 0.0,
          "median": 0.0,
          "fine_grained_average": 0.0,
          "coarse_grained_average": 0.0
        },
        "ROUGE-L": {
          "max": 0.0,
          "median": 0.0,
          "fine_grained_average": 0.0,
          "coarse_grained_average": 0.0
        },
        "ACC": {
          "max": 0.12173913043478261,
          "median": 0.12173913043478261,
          "fine_grained_average": 0.12173913043478261,
          "coarse_grained_average": 0.12173913043478261
        },
        "length": {
          "max": 115,
          "median": 115.0,
          "fine_grained_average": 115.0,
          "coarse_grained_average": 115.0
        }
      }
    },