{
  "BLEU": 0.026706169460186814,
  "F1": 0.1326987662921543,
  "ROUGE-1": 0.13184634456431737,
  "ROUGE-2": 0.031730953020894445,
  "ROUGE-L": 0.10011597088687425,
  "ACC-prefix": 0.021621621621621623,
  "ACC-in": 0.02702702702702703,
  "length": 185
}