{
  "BLEU": 0.05454374309741145,
  "F1": 0.23977637940950625,
  "ROUGE-1": 0.24314588455880748,
  "ROUGE-2": 0.07458296873060648,
  "ROUGE-L": 0.22209330793951013,
  "ACC-prefix": 0.04864864864864865,
  "ACC-in": 0.06486486486486487,
  "length": 185
}