{
  "BLEU": 0.01022066382062602,
  "F1": 0.07871984405555682,
  "ROUGE-1": 0.0804796869905098,
  "ROUGE-2": 0.009337207572455476,
  "ROUGE-L": 0.06463177385435598,
  "ACC-prefix": 0.0,
  "ACC-in": 0.0,
  "length": 185
}