{
  "BLEU": 0.044636610919715186,
  "F1": 0.19201027301725215,
  "ROUGE-1": 0.19636057751077302,
  "ROUGE-2": 0.07534280263720912,
  "ROUGE-L": 0.17538959751509056,
  "ACC-prefix": 0.005405405405405406,
  "ACC-in": 0.010810810810810811,
  "length": 185
}