{
  "BLEU": 0.016931097718854,
  "F1": 0.08828924162257497,
  "ROUGE-1": 0.0,
  "ROUGE-2": 0.0,
  "ROUGE-L": 0.0,
  "ACC": 0.23703703703703705,
  "length": 135
}