{
  "BLEU": 0.010577804886017107,
  "F1": 0.06202898550724637,
  "ROUGE-1": 0.0,
  "ROUGE-2": 0.0,
  "ROUGE-L": 0.0,
  "ACC": 0.25217391304347825,
  "length": 115
}