{
  "BLEU": 0.01579798532609761,
  "F1": 0.08567123877041233,
  "ROUGE-1": 0.0,
  "ROUGE-2": 0.0,
  "ROUGE-L": 0.0,
  "ACC": 0.256198347107438,
  "length": 121
}