{
  "BLEU": 0.013357217884044939,
  "F1": 0.07856695309702828,
  "ROUGE-1": 0.0,
  "ROUGE-2": 0.0,
  "ROUGE-L": 0.0,
  "ACC": 0.15714285714285714,
  "length": 420
}