{
  "BLEU": 0.004562041237314434,
  "F1": 0.022608695652173914,
  "ROUGE-1": 0.0,
  "ROUGE-2": 0.0,
  "ROUGE-L": 0.0,
  "ACC": 0.11304347826086956,
  "length": 115
}