{
  "BLEU": 0.031737971870564964,
  "F1": 0.1607887814326491,
  "ROUGE-1": 0.0,
  "ROUGE-2": 0.0,
  "ROUGE-L": 0.0,
  "ACC": 0.38926174496644295,
  "length": 149
}