{
  "BLEU": 0.04557390265179088,
  "F1": 0.21204728490836453,
  "ROUGE-1": 0.21406563268104348,
  "ROUGE-2": 0.054110936350867014,
  "ROUGE-L": 0.19097231945530527,
  "ACC-prefix": 0.05945945945945946,
  "ACC-in": 0.07567567567567568,
  "length": 185
}