{
  "BLEU": 0.013262787929028757,
  "F1": 0.10061488311089849,
  "ROUGE-1": 0.10143114434582683,
  "ROUGE-2": 0.01368426271442499,
  "ROUGE-L": 0.08811417669513298,
  "ACC-prefix": 0.0,
  "ACC-in": 0.0,
  "length": 155
}