{
  "BLEU": 0.0071235316244007115,
  "F1": 0.03953771289537712,
  "ROUGE-1": 0.03953771262875102,
  "ROUGE-2": 0.0,
  "ROUGE-L": 0.03953771262875102,
  "ACC-prefix": 0.029197080291970802,
  "ACC-in": 0.029197080291970802,
  "length": 137
}