{
  "BLEU": 0.019448742348459818,
  "F1": 0.09166666666666666,
  "ROUGE-1": 0.09166666605138889,
  "ROUGE-2": 0.0,
  "ROUGE-L": 0.09166666605138889,
  "ACC-prefix": 0.15178571428571427,
  "ACC-in": 0.15178571428571427,
  "length": 112
}