{
  "BLEU": 0.00042540036006744026,
  "F1": 0.0026075619295958274,
  "ROUGE-1": 0.0,
  "ROUGE-2": 0.0,
  "ROUGE-L": 0.0,
  "ACC-prefix": 0.0,
  "ACC-in": 0.0,
  "length": 59
}