{
  "BLEU": 0.15608399091912417,
  "F1": 0.43420900318475103,
  "ROUGE-1": 0.4342090004879634,
  "ROUGE-2": 0.19981401212298064,
  "ROUGE-L": 0.4292439688682819,
  "ACC-prefix": 0.3933333333333333,
  "ACC-in": 0.5733333333333334,
  "length": 150
}