{
  "BLEU": 0.0035084308726525664,
  "F1": 0.020202020202020204,
  "ROUGE-1": 0.020202020084175088,
  "ROUGE-2": 0.0,
  "ROUGE-L": 0.020202020084175088,
  "ACC": 0.030303030303030304,
  "length": 66
}