{
  "BLEU": 0.009865706391714498,
  "F1": 0.07411836361261048,
  "ROUGE-1": 0.07517639444855916,
  "ROUGE-2": 0.010369985101987453,
  "ROUGE-L": 0.05683528392248289,
  "ACC-prefix": 0.0,
  "ACC-in": 0.0,
  "length": 185
}