{
  "BLEU": 0.17666902482448735,
  "F1": 0.4934958899428538,
  "ROUGE-1": 0.49603556913350966,
  "ROUGE-2": 0.2621124888439634,
  "ROUGE-L": 0.4905753374928193,
  "ACC-prefix": 0.4866666666666667,
  "ACC-in": 0.7733333333333333,
  "length": 150
}