{
  "BLEU": 0.013693813999095247,
  "F1": 0.06748599799447257,
  "ROUGE-1": 0.05587839605509991,
  "ROUGE-2": 0.002824858672316387,
  "ROUGE-L": 0.05342199713502939,
  "ACC-prefix": 0.01694915254237288,
  "ACC-in": 0.03389830508474576,
  "length": 59
}