{
  "BLEU": 0.020394773663055064,
  "F1": 0.13084557867237578,
  "ROUGE-1": 0.12973678302546177,
  "ROUGE-2": 0.023899227392556635,
  "ROUGE-L": 0.11907175955722783,
  "ACC-prefix": 0.0,
  "ACC-in": 0.0,
  "length": 155
}