{
  "BLEU": 0.03263900523824679,
  "F1": 0.14732142857142858,
  "ROUGE-1": 0.14732142756175598,
  "ROUGE-2": 0.0,
  "ROUGE-L": 0.14732142756175598,
  "ACC-prefix": 0.24107142857142858,
  "ACC-in": 0.24107142857142858,
  "length": 112
}