{
  "BLEU": 0.008731963685963335,
  "F1": 0.0364963503649635,
  "ROUGE-1": 0.043795620170316296,
  "ROUGE-2": 0.0,
  "ROUGE-L": 0.043795620170316296,
  "ACC-prefix": 0.029197080291970802,
  "ACC-in": 0.043795620437956206,
  "length": 137
}