{
  "BLEU": 0.0070452857419850525,
  "F1": 0.04168149843207051,
  "ROUGE-1": 0.0,
  "ROUGE-2": 0.0,
  "ROUGE-L": 0.0,
  "ACC": 0.21739130434782608,
  "length": 115
}