{
  "BLEU": 0.016345912873309096,
  "F1": 0.08552519441781185,
  "ROUGE-1": 0.0,
  "ROUGE-2": 0.0,
  "ROUGE-L": 0.0,
  "ACC": 0.174496644295302,
  "length": 149
}