{
  "BLEU": 0.0349419153340622,
  "F1": 0.19194900047193927,
  "ROUGE-1": 0.0,
  "ROUGE-2": 0.0,
  "ROUGE-L": 0.0,
  "ACC": 0.30578512396694213,
  "length": 121
}