{
  "BLEU": 0.01217514624370194,
  "F1": 0.06716069125309491,
  "ROUGE-1": 0.0,
  "ROUGE-2": 0.0,
  "ROUGE-L": 0.0,
  "ACC": 0.09047619047619047,
  "length": 420
}