{
  "BLEU": 0.020308872463893495,
  "F1": 0.11180124223602485,
  "ROUGE-1": 0.0,
  "ROUGE-2": 0.0,
  "ROUGE-L": 0.0,
  "ACC": 0.17391304347826086,
  "length": 115
}