{
  "BLEU": 0.03907699611245085,
  "F1": 0.21481481481481482,
  "ROUGE-1": 0.0,
  "ROUGE-2": 0.0,
  "ROUGE-L": 0.0,
  "ACC": 0.23703703703703705,
  "length": 135
}