{
  "BLEU": 0.0035450103956838888,
  "F1": 0.07375409224742924,
  "ROUGE-1": 0.07375409179081932,
  "ROUGE-2": 0.00811363278867485,
  "ROUGE-L": 0.05422962389582012,
  "ACC-prefix": 0.012048192771084338,
  "ACC-in": 0.04819277108433735,
  "length": 83
}