{
  "BLEU": 0.002252876265906864,
  "F1": 0.0129838485101643,
  "ROUGE-1": 0.012983848368084335,
  "ROUGE-2": 0.0,
  "ROUGE-L": 0.012983848368084335,
  "ACC-prefix": 0.005263157894736842,
  "ACC-in": 0.021052631578947368,
  "length": 190
}