{
  "BLEU": 0.016136250352717825,
  "F1": 0.14344503233392125,
  "ROUGE-1": 0.14344503080663726,
  "ROUGE-2": 0.06378600715668348,
  "ROUGE-L": 0.10640799376960025,
  "ACC-prefix": 0.0,
  "ACC-in": 0.0,
  "length": 9
}