{
  "BLEU": 0.011416371797268713,
  "F1": 0.06578664197859244,
  "ROUGE-1": 0.0,
  "ROUGE-2": 0.0,
  "ROUGE-L": 0.0,
  "ACC": 0.13333333333333333,
  "length": 645
}