{
  "BLEU": 0.011900927091319699,
  "F1": 0.0672476397966594,
  "ROUGE-1": 0.0,
  "ROUGE-2": 0.0,
  "ROUGE-L": 0.0,
  "ACC": 0.1503267973856209,
  "length": 153
}