{
  "BLEU": 0.006279910651654307,
  "F1": 0.07239229433472931,
  "ROUGE-1": 0.07263370078985212,
  "ROUGE-2": 0.0037514475910118204,
  "ROUGE-L": 0.06208686363015854,
  "ACC-prefix": 0.0,
  "ACC-in": 0.0,
  "length": 185
}