{
  "calculate": {
    "groups": {
      "factual-qa_QA": {
        "BLEU": {
          "max": 0.020394773663055064,
          "median": 0.020394773663055064,
          "fine_grained_average": 0.020394773663055064,
          "coarse_grained_average": 0.020394773663055064
        },
        "F1": {
          "max": 0.13084557867237578,
          "median": 0.13084557867237578,
          "fine_grained_average": 0.13084557867237578,
          "coarse_grained_average": 0.13084557867237578
        },
        "ROUGE-1": {
          "max": 0.12973678302546177,
          "median": 0.12973678302546177,
          "fine_grained_average": 0.12973678302546177,
          "coarse_grained_average": 0.12973678302546177
        },
        "ROUGE-2": {
          "max": 0.023899227392556635,
          "median": 0.023899227392556635,
          "fine_grained_average": 0.023899227392556635,
          "coarse_grained_average": 0.023899227392556635
        },
        "ROUGE-L": {
          "max": 0.11907175955722783,
          "median": 0.11907175955722783,
          "fine_grained_average": 0.11907175955722783,
          "coarse_grained_average": 0.11907175955722783
        },
        "ACC-prefix": {
          "max": 0.0,
          "median": 0.0,
          "fine_grained_average": 0.0,
          "coarse_grained_average": 0.0
        },
        "ACC-in": {
          "max": 0.0,
          "median": 0.0,
          "fine_grained_average": 0.0,
          "coarse_grained_average": 0.0
        },
        "length": {
          "max": 155,
          "median": 155.0,
          "fine_grained_average": 155.0,
          "coarse_grained_average": 155.0
        }
      },
      "inference_QA": {
        "BLEU": {
          "max": 0.03263900523824679,
          "median": 0.03263900523824679,
          "fine_grained_average": 0.03263900523824679,
          "coarse_grained_average": 0.03263900523824679
        },
        "F1": {
          "max": 0.14732142857142858,
          "median": 0.14732142857142858,
          "fine_grained_average": 0.14732142857142858,
          "coarse_grained_average": 0.14732142857142858
        },
        "ROUGE-1": {
          "max": 0.14732142756175598,
          "median": 0.14732142756175598,
          "fine_grained_average": 0.14732142756175598,
          "coarse_grained_average": 0.14732142756175598
        },
        "ROUGE-2": {
          "max": 0.0,
          "median": 0.0,
          "fine_grained_average": 0.0,
          "coarse_grained_average": 0.0
        },
        "ROUGE-L": {
          "max": 0.14732142756175598,
          "median": 0.14732142756175598,
          "fine_grained_average": 0.14732142756175598,
          "coarse_grained_average": 0.14732142756175598
        },
        "ACC-prefix": {
          "max": 0.24107142857142858,
          "median": 0.24107142857142858,
          "fine_grained_average": 0.24107142857142858,
          "coarse_grained_average": 0.24107142857142858
        },
        "ACC-in": {
          "max": 0.24107142857142858,
          "median": 0.24107142857142858,
          "fine_grained_average": 0.24107142857142858,
          "coarse_grained_average": 0.24107142857142858
        },
        "length": {
          "max": 112,
          "median": 112.0,
          "fine_grained_average": 112.0,
          "coarse_grained_average": 112.0
        }
      },
      "math_QA": {
        "BLEU": {
          "max": 0.013693813999095247,
          "median": 0.013693813999095247,
          "fine_grained_average": 0.013693813999095247,
          "coarse_grained_average": 0.013693813999095247
        },
        "F1": {
          "max": 0.06748599799447257,
          "median": 0.06748599799447257,
          "fine_grained_average": 0.06748599799447257,
          "coarse_grained_average": 0.06748599799447257
        },
        "ROUGE-1": {
          "max": 0.05587839605509991,
          "median": 0.05587839605509991,
          "fine_grained_average": 0.05587839605509991,
          "coarse_grained_average": 0.05587839605509991
        },
        "ROUGE-2": {
          "max": 0.002824858672316387,
          "median": 0.002824858672316387,
          "fine_grained_average": 0.002824858672316387,
          "coarse_grained_average": 0.002824858672316387
        },
        "ROUGE-L": {
          "max": 0.05342199713502939,
          "median": 0.05342199713502939,
          "fine_grained_average": 0.05342199713502939,
          "coarse_grained_average": 0.05342199713502939
        },
        "ACC-prefix": {
          "max": 0.01694915254237288,
          "median": 0.01694915254237288,
          "fine_grained_average": 0.01694915254237288,
          "coarse_grained_average": 0.01694915254237288
        },
        "ACC-in": {
          "max": 0.03389830508474576,
          "median": 0.03389830508474576,
          "fine_grained_average": 0.03389830508474576,
          "coarse_grained_average": 0.03389830508474576
        },
        "length": {
          "max": 59,
          "median": 59.0,
          "fine_grained_average": 59.0,
          "coarse_grained_average": 59.0
        }
      },
      "reading-comprehension_QA": {
        "BLEU": {
          "max": 0.17666902482448735,
          "median": 0.17666902482448735,
          "fine_grained_average": 0.17666902482448735,
          "coarse_grained_average": 0.17666902482448735
        },
        "F1": {
          "max": 0.4934958899428538,
          "median": 0.4934958899428538,
          "fine_grained_average": 0.4934958899428538,
          "coarse_grained_average": 0.4934958899428538
        },
        "ROUGE-1": {
          "max": 0.49603556913350966,
          "median": 0.49603556913350966,
          "fine_grained_average": 0.49603556913350966,
          "coarse_grained_average": 0.49603556913350966
        },
        "ROUGE-2": {
          "max": 0.2621124888439634,
          "median": 0.2621124888439634,
          "fine_grained_average": 0.2621124888439634,
          "coarse_grained_average": 0.2621124888439634
        },
        "ROUGE-L": {
          "max": 0.4905753374928193,
          "median": 0.4905753374928193,
          "fine_grained_average": 0.4905753374928193,
          "coarse_grained_average": 0.4905753374928193
        },
        "ACC-prefix": {
          "max": 0.4866666666666667,
          "median": 0.4866666666666667,
          "fine_grained_average": 0.4866666666666667,
          "coarse_grained_average": 0.4866666666666667
        },
        "ACC-in": {
          "max": 0.7733333333333333,
          "median": 0.7733333333333333,
          "fine_grained_average": 0.7733333333333333,
          "coarse_grained_average": 0.7733333333333333
        },
        "length": {
          "max": 150,
          "median": 150.0,
          "fine_grained_average": 150.0,
          "coarse_grained_average": 150.0
        }
      },
      "real-world_QA": {
        "BLEU": {
          "max": 0.008731963685963335,
          "median": 0.008731963685963335,
          "fine_grained_average": 0.008731963685963335,
          "coarse_grained_average": 0.008731963685963335
        },
        "F1": {
          "max": 0.0364963503649635,
          "median": 0.0364963503649635,
          "fine_grained_average": 0.0364963503649635,
          "coarse_grained_average": 0.0364963503649635
        },
        "ROUGE-1": {
          "max": 0.043795620170316296,
          "median": 0.043795620170316296,
          "fine_grained_average": 0.043795620170316296,
          "coarse_grained_average": 0.043795620170316296
        },
        "ROUGE-2": {
          "max": 0.0,
          "median": 0.0,
          "fine_grained_average": 0.0,
          "coarse_grained_average": 0.0
        },
        "ROUGE-L": {
          "max": 0.043795620170316296,
          "median": 0.043795620170316296,
          "fine_grained_average": 0.043795620170316296,
          "coarse_grained_average": 0.043795620170316296
        },
        "ACC-prefix": {
          "max": 0.029197080291970802,
          "median": 0.029197080291970802,