{
  "calculate": {
    "groups": {
      "factual-qa_QA": {
        "BLEU": {
          "max": 0.018278574164569492,
          "median": 0.018278574164569492,
          "fine_grained_average": 0.018278574164569492,
          "coarse_grained_average": 0.018278574164569492
        },
        "F1": {
          "max": 0.13177075102901117,
          "median": 0.13177075102901117,
          "fine_grained_average": 0.13177075102901117,
          "coarse_grained_average": 0.13177075102901117
        },
        "ROUGE-1": {
          "max": 0.13039579720393774,
          "median": 0.13039579720393774,
          "fine_grained_average": 0.13039579720393774,
          "coarse_grained_average": 0.13039579720393774
        },
        "ROUGE-2": {
          "max": 0.026769514146039657,
          "median": 0.026769514146039657,
          "fine_grained_average": 0.026769514146039657,
          "coarse_grained_average": 0.026769514146039657
        },
        "ROUGE-L": {
          "max": 0.11491713012537523,
          "median": 0.11491713012537523,
          "fine_grained_average": 0.11491713012537523,
          "coarse_grained_average": 0.11491713012537523
        },
        "ACC-prefix": {
          "max": 0.0,
          "median": 0.0,
          "fine_grained_average": 0.0,
          "coarse_grained_average": 0.0
        },
        "ACC-in": {
          "max": 0.0,
          "median": 0.0,
          "fine_grained_average": 0.0,
          "coarse_grained_average": 0.0
        },
        "length": {
          "max": 155,
          "median": 155.0,
          "fine_grained_average": 155.0,
          "coarse_grained_average": 155.0
        }
      },
      "inference_QA": {
        "BLEU": {
          "max": 0.030413155671435512,
          "median": 0.030413155671435512,
          "fine_grained_average": 0.030413155671435512,
          "coarse_grained_average": 0.030413155671435512
        },
        "F1": {
          "max": 0.16071428571428573,
          "median": 0.16071428571428573,
          "fine_grained_average": 0.16071428571428573,
          "coarse_grained_average": 0.16071428571428573
        },
        "ROUGE-1": {
          "max": 0.17857142723809524,
          "median": 0.17857142723809524,
          "fine_grained_average": 0.17857142723809524,
          "coarse_grained_average": 0.17857142723809524
        },
        "ROUGE-2": {
          "max": 0.0,
          "median": 0.0,
          "fine_grained_average": 0.0,
          "coarse_grained_average": 0.0
        },
        "ROUGE-L": {
          "max": 0.17857142723809524,
          "median": 0.17857142723809524,
          "fine_grained_average": 0.17857142723809524,
          "coarse_grained_average": 0.17857142723809524
        },
        "ACC-prefix": {
          "max": 0.375,
          "median": 0.375,
          "fine_grained_average": 0.375,
          "coarse_grained_average": 0.375
        },
        "ACC-in": {
          "max": 0.375,
          "median": 0.375,
          "fine_grained_average": 0.375,
          "coarse_grained_average": 0.375
        },
        "length": {
          "max": 112,
          "median": 112.0,
          "fine_grained_average": 112.0,
          "coarse_grained_average": 112.0
        }
      },
      "math_QA": {
        "BLEU": {
          "max": 0.014580531315413826,
          "median": 0.014580531315413826,
          "fine_grained_average": 0.014580531315413826,
          "coarse_grained_average": 0.014580531315413826
        },
        "F1": {
          "max": 0.05416024653312789,
          "median": 0.05416024653312789,
          "fine_grained_average": 0.05416024653312789,
          "coarse_grained_average": 0.05416024653312789
        },
        "ROUGE-1": {
          "max": 0.034369114539652655,
          "median": 0.034369114539652655,
          "fine_grained_average": 0.034369114539652655,
          "coarse_grained_average": 0.034369114539652655
        },
        "ROUGE-2": {
          "max": 0.006779660935593222,
          "median": 0.006779660935593222,
          "fine_grained_average": 0.006779660935593222,
          "coarse_grained_average": 0.006779660935593222
        },
        "ROUGE-L": {
          "max": 0.03197412559360799,
          "median": 0.03197412559360799,
          "fine_grained_average": 0.03197412559360799,
          "coarse_grained_average": 0.03197412559360799
        },
        "ACC-prefix": {
          "max": 0.0,
          "median": 0.0,
          "fine_grained_average": 0.0,
          "coarse_grained_average": 0.0
        },
        "ACC-in": {
          "max": 0.0,
          "median": 0.0,
          "fine_grained_average": 0.0,
          "coarse_grained_average": 0.0
        },
        "length": {
          "max": 59,
          "median": 59.0,
          "fine_grained_average": 59.0,
          "coarse_grained_average": 59.0
        }
      },
      "reading-comprehension_QA": {
        "BLEU": {
          "max": 0.17058543328750236,
          "median": 0.17058543328750236,
          "fine_grained_average": 0.17058543328750236,
          "coarse_grained_average": 0.17058543328750236
        },
        "F1": {
          "max": 0.4885863740473957,
          "median": 0.4885863740473957,
          "fine_grained_average": 0.4885863740473957,
          "coarse_grained_average": 0.4885863740473957
        },
        "ROUGE-1": {
          "max": 0.4885863708867092,
          "median": 0.4885863708867092,
          "fine_grained_average": 0.4885863708867092,
          "coarse_grained_average": 0.4885863708867092
        },
        "ROUGE-2": {
          "max": 0.25054725737728967,
          "median": 0.25054725737728967,
          "fine_grained_average": 0.25054725737728967,
          "coarse_grained_average": 0.25054725737728967
        },
        "ROUGE-L": {
          "max": 0.4831126912404721,
          "median": 0.4831126912404721,
          "fine_grained_average": 0.4831126912404721,
          "coarse_grained_average": 0.4831126912404721
        },
        "ACC-prefix": {
          "max": 0.4266666666666667,
          "median": 0.4266666666666667,
          "fine_grained_average": 0.4266666666666667,
          "coarse_grained_average": 0.4266666666666667
        },
        "ACC-in": {
          "max": 0.8066666666666666,
          "median": 0.8066666666666666,
          "fine_grained_average": 0.8066666666666666,
          "coarse_grained_average": 0.8066666666666666
        },
        "length": {
          "max": 150,
          "median": 150.0,
          "fine_grained_average": 150.0,
          "coarse_grained_average": 150.0
        }
      },
      "real-world_QA": {
        "BLEU": {
          "max": 0.003958517816126398,
          "median": 0.003958517816126398,
          "fine_grained_average": 0.003958517816126398,
          "coarse_grained_average": 0.003958517816126398
        },
        "F1": {
          "max": 0.0218978102189781,
          "median": 0.0218978102189781,
          "fine_grained_average": 0.0218978102189781,
          "coarse_grained_average": 0.0218978102189781
        },
        "ROUGE-1": {
          "max": 0.021897810085158148,
          "median": 0.021897810085158148,
          "fine_grained_average": 0.021897810085158148,
          "coarse_grained_average": 0.021897810085158148
        },
        "ROUGE-2": {
          "max": 0.0,
          "median": 0.0,
          "fine_grained_average": 0.0,
          "coarse_grained_average": 0.0
        },
        "ROUGE-L": {
          "max": 0.021897810085158148,
          "median": 0.021897810085158148,
          "fine_grained_average": 0.021897810085158148,
          "coarse_grained_average": 0.021897810085158148
        },
        "ACC-prefix": {
          "max": 0.021897810218978103,
          "median": 0.021897810218978103,
          "fine_grained_average": 0.021897810218978103,
          "coarse_grained_average": 0.021897810218978103
        },
        "ACC-in": {
          "max": 0.021897810218978103,
          "median": 0.021897810218978103,