{
  "calculate": {
    "groups": {
      "commonsense-qa_MUL": {
        "BLEU": {
          "max": 0.011346294659804098,
          "median": 0.011346294659804098,
          "fine_grained_average": 0.011346294659804098,
          "coarse_grained_average": 0.011346294659804098
        },
        "F1": {
          "max": 0.06168087586910057,
          "median": 0.06168087586910057,
          "fine_grained_average": 0.06168087586910057,
          "coarse_grained_average": 0.06168087586910057
        },
        "ROUGE-1": {
          "max": 0.0,
          "median": 0.0,
          "fine_grained_average": 0.0,
          "coarse_grained_average": 0.0
        },
        "ROUGE-2": {
          "max": 0.0,
          "median": 0.0,
          "fine_grained_average": 0.0,
          "coarse_grained_average": 0.0
        },
        "ROUGE-L": {
          "max": 0.0,
          "median": 0.0,
          "fine_grained_average": 0.0,
          "coarse_grained_average": 0.0
        },
        "ACC": {
          "max": 0.3288590604026846,
          "median": 0.3288590604026846,
          "fine_grained_average": 0.3288590604026846,
          "coarse_grained_average": 0.3288590604026846
        },
        "length": {
          "max": 149,
          "median": 149.0,
          "fine_grained_average": 149.0,
          "coarse_grained_average": 149.0
        }
      },
      "inference_MUL": {
        "BLEU": {
          "max": 0.009415117455981937,
          "median": 0.009415117455981937,
          "fine_grained_average": 0.009415117455981937,
          "coarse_grained_average": 0.009415117455981937
        },
        "F1": {
          "max": 0.053417848614124956,
          "median": 0.053417848614124956,
          "fine_grained_average": 0.053417848614124956,
          "coarse_grained_average": 0.053417848614124956
        },
        "ROUGE-1": {
          "max": 0.0,
          "median": 0.0,
          "fine_grained_average": 0.0,
          "coarse_grained_average": 0.0
        },
        "ROUGE-2": {
          "max": 0.0,
          "median": 0.0,
          "fine_grained_average": 0.0,
          "coarse_grained_average": 0.0
        },
        "ROUGE-L": {
          "max": 0.0,
          "median": 0.0,
          "fine_grained_average": 0.0,
          "coarse_grained_average": 0.0
        },
        "ACC": {
          "max": 0.18095238095238095,
          "median": 0.18095238095238095,
          "fine_grained_average": 0.18095238095238095,
          "coarse_grained_average": 0.18095238095238095
        },
        "length": {
          "max": 420,
          "median": 420.0,
          "fine_grained_average": 420.0,
          "coarse_grained_average": 420.0
        }
      },
      "math_MUL": {
        "BLEU": {
          "max": 0.022678482496489266,
          "median": 0.022678482496489266,
          "fine_grained_average": 0.022678482496489266,
          "coarse_grained_average": 0.022678482496489266
        },
        "F1": {
          "max": 0.10857142857142858,
          "median": 0.10857142857142858,
          "fine_grained_average": 0.10857142857142858,
          "coarse_grained_average": 0.10857142857142858
        },
        "ROUGE-1": {
          "max": 0.0,
          "median": 0.0,
          "fine_grained_average": 0.0,
          "coarse_grained_average": 0.0
        },
        "ROUGE-2": {
          "max": 0.0,
          "median": 0.0,
          "fine_grained_average": 0.0,
          "coarse_grained_average": 0.0
        },
        "ROUGE-L": {
          "max": 0.0,
          "median": 0.0,
          "fine_grained_average": 0.0,
          "coarse_grained_average": 0.0
        },
        "ACC": {
          "max": 0.34782608695652173,
          "median": 0.34782608695652173,
          "fine_grained_average": 0.34782608695652173,
          "coarse_grained_average": 0.34782608695652173
        },
        "length": {
          "max": 115,
          "median": 115.0,
          "fine_grained_average": 115.0,
          "coarse_grained_average": 115.0
        }
      },
      "real-world_MUL": {
        "BLEU": {
          "max": 0.030078369575031294,
          "median": 0.030078369575031294,
          "fine_grained_average": 0.030078369575031294,
          "coarse_grained_average": 0.030078369575031294
        },
        "F1": {
          "max": 0.1582716049382716,
          "median": 0.1582716049382716,
          "fine_grained_average": 0.1582716049382716,
          "coarse_grained_average": 0.1582716049382716
        },
        "ROUGE-1": {
          "max": 0.0,
          "median": 0.0,
          "fine_grained_average": 0.0,
          "coarse_grained_average": 0.0
        },
        "ROUGE-2": {
          "max": 0.0,
          "median": 0.0,
          "fine_grained_average": 0.0,
          "coarse_grained_average": 0.0
        },
        "ROUGE-L": {
          "max": 0.0,
          "median": 0.0,
          "fine_grained_average": 0.0,
          "coarse_grained_average": 0.0
        },
        "ACC": {
          "max": 0.3111111111111111,
          "median": 0.3111111111111111,
          "fine_grained_average": 0.3111111111111111,
          "coarse_grained_average": 0.3111111111111111
        },
        "length": {
          "max": 135,
          "median": 135.0,
          "fine_grained_average": 135.0,
          "coarse_grained_average": 135.0
        }
      },
      "science-qa_MUL": {
        "BLEU": {
          "max": 0.03024381481273908,
          "median": 0.03024381481273908,
          "fine_grained_average": 0.03024381481273908,
          "coarse_grained_average": 0.03024381481273908
        },
        "F1": {
          "max": 0.1736113850502177,
          "median": 0.1736113850502177,
          "fine_grained_average": 0.1736113850502177,
          "coarse_grained_average": 0.1736113850502177
        },
        "ROUGE-1": {
          "max": 0.0,
          "median": 0.0,
          "fine_grained_average": 0.0,
          "coarse_grained_average": 0.0
        },
        "ROUGE-2": {
          "max": 0.0,
          "median": 0.0,
          "fine_grained_average": 0.0,
          "coarse_grained_average": 0.0
        },
        "ROUGE-L": {
          "max": 0.0,
          "median": 0.0,
          "fine_grained_average": 0.0,
          "coarse_grained_average": 0.0
        },
        "ACC": {
          "max": 0.5454545454545454,
          "median": 0.5454545454545454,
          "fine_grained_average": 0.5454545454545454,
          "coarse_grained_average": 0.5454545454545454
        },
        "length": {
          "max": 121,
          "median": 121.0,
          "fine_grained_average": 121.0,
          "coarse_grained_average": 121.0
        }
      },
      "sentimental-analysis_MUL": {
        "BLEU": {
          "max": 0.017788512221631327,
          "median": 0.017788512221631327,
          "fine_grained_average": 0.017788512221631327,
          "coarse_grained_average": 0.017788512221631327
        },
        "F1": {
          "max": 0.11086106478624173,
          "median": 0.11086106478624173,
          "fine_grained_average": 0.11086106478624173,
          "coarse_grained_average": 0.11086106478624173
        },
        "ROUGE-1": {
          "max": 0.0,
          "median": 0.0,
          "fine_grained_average": 0.0,
          "coarse_grained_average": 0.0
        },
        "ROUGE-2": {
          "max": 0.0,
          "median": 0.0,
          "fine_grained_average": 0.0,
          "coarse_grained_average": 0.0
        },
        "ROUGE-L": {
          "max": 0.0,
          "median": 0.0,
          "fine_grained_average": 0.0,
          "coarse_grained_average": 0.0
        },
        "ACC": {
          "max": 0.3391304347826087,
          "median": 0.3391304347826087,
          "fine_grained_average": 0.3391304347826087,
          "coarse_grained_average": 0.3391304347826087
        },
        "length": {
          "max": 115,
          "median": 115.0,
          "fine_grained_average": 115.0,
          "coarse_grained_average": 115.0
        }
      }
    },