{
  "BLEU": 0.04421854775365124,
  "F1": 0.26892033542976934,
  "ROUGE-1": 0.0,
  "ROUGE-2": 0.0,
  "ROUGE-L": 0.0,
  "ACC": 0.5,
  "length": 424
}