{
  "BLEU": 0.054395404241094715,
  "F1": 0.31341425459072514,
  "ROUGE-1": 0.0,
  "ROUGE-2": 0.0,
  "ROUGE-L": 0.0,
  "ACC": 0.49673202614379086,
  "length": 153
}