{
  "BLEU": 0.12799520710155707,
  "F1": 0.7234159779614325,
  "ROUGE-1": 0.0,
  "ROUGE-2": 0.0,
  "ROUGE-L": 0.0,
  "ACC": 0.7851239669421488,
  "length": 121
}