{
  "BLEU": 0.1255522076286278,
  "F1": 0.7087670599120981,
  "ROUGE-1": 0.0,
  "ROUGE-2": 0.0,
  "ROUGE-L": 0.0,
  "ACC": 0.7251908396946565,
  "length": 131
}