{
  "BLEU": 0.020701736675844316,
  "F1": 0.12792397660818713,
  "ROUGE-1": 0.0,
  "ROUGE-2": 0.0,
  "ROUGE-L": 0.0,
  "ACC": 0.39473684210526316,
  "length": 114
}