{
  "BLEU": 0.004874077662526509,
  "F1": 0.030105930094661216,
  "ROUGE-1": 0.0,
  "ROUGE-2": 0.0,
  "ROUGE-L": 0.0,
  "ACC": 0.05228758169934641,
  "length": 153
}