{
  "BLEU": 0.005543848035272107,
  "F1": 0.03365902204101906,
  "ROUGE-1": 0.0,
  "ROUGE-2": 0.0,
  "ROUGE-L": 0.0,
  "ACC": 0.05736434108527132,
  "length": 645
}