{
  "calculate": {
    "groups": {
      "commonsense-qa_MUL": {
        "BLEU": {
          "max": 0.04655073575379162,
          "median": 0.04655073575379162,
          "fine_grained_average": 0.04655073575379162,
          "coarse_grained_average": 0.04655073575379162
        },
        "F1": {
          "max": 0.24319260163050893,
          "median": 0.24319260163050893,
          "fine_grained_average": 0.24319260163050893,
          "coarse_grained_average": 0.24319260163050893
        },
        "ROUGE-1": {
          "max": 0.0,
          "median": 0.0,
          "fine_grained_average": 0.0,
          "coarse_grained_average": 0.0
        },
        "ROUGE-2": {
          "max": 0.0,
          "median": 0.0,
          "fine_grained_average": 0.0,
          "coarse_grained_average": 0.0
        },
        "ROUGE-L": {
          "max": 0.0,
          "median": 0.0,
          "fine_grained_average": 0.0,
          "coarse_grained_average": 0.0
        },
        "ACC": {
          "max": 0.2550335570469799,
          "median": 0.2550335570469799,
          "fine_grained_average": 0.2550335570469799,
          "coarse_grained_average": 0.2550335570469799
        },
        "length": {
          "max": 149,
          "median": 149.0,
          "fine_grained_average": 149.0,
          "coarse_grained_average": 149.0
        }
      },
      "inference_MUL": {
        "BLEU": {
          "max": 0.017242969495511535,
          "median": 0.017242969495511535,
          "fine_grained_average": 0.017242969495511535,
          "coarse_grained_average": 0.017242969495511535
        },
        "F1": {
          "max": 0.09470998964666484,
          "median": 0.09470998964666484,
          "fine_grained_average": 0.09470998964666484,
          "coarse_grained_average": 0.09470998964666484
        },
        "ROUGE-1": {
          "max": 0.0,
          "median": 0.0,
          "fine_grained_average": 0.0,
          "coarse_grained_average": 0.0
        },
        "ROUGE-2": {
          "max": 0.0,
          "median": 0.0,
          "fine_grained_average": 0.0,
          "coarse_grained_average": 0.0
        },
        "ROUGE-L": {
          "max": 0.0,
          "median": 0.0,
          "fine_grained_average": 0.0,
          "coarse_grained_average": 0.0
        },
        "ACC": {
          "max": 0.15,
          "median": 0.15,
          "fine_grained_average": 0.15,
          "coarse_grained_average": 0.15
        },
        "length": {
          "max": 420,
          "median": 420.0,
          "fine_grained_average": 420.0,
          "coarse_grained_average": 420.0
        }
      },
      "math_MUL": {
        "BLEU": {
          "max": 0.01915838304353414,
          "median": 0.01915838304353414,
          "fine_grained_average": 0.01915838304353414,
          "coarse_grained_average": 0.01915838304353414
        },
        "F1": {
          "max": 0.10967027251924276,
          "median": 0.10967027251924276,
          "fine_grained_average": 0.10967027251924276,
          "coarse_grained_average": 0.10967027251924276
        },
        "ROUGE-1": {
          "max": 0.0,
          "median": 0.0,
          "fine_grained_average": 0.0,
          "coarse_grained_average": 0.0
        },
        "ROUGE-2": {
          "max": 0.0,
          "median": 0.0,
          "fine_grained_average": 0.0,
          "coarse_grained_average": 0.0
        },
        "ROUGE-L": {
          "max": 0.0,
          "median": 0.0,
          "fine_grained_average": 0.0,
          "coarse_grained_average": 0.0
        },
        "ACC": {
          "max": 0.21739130434782608,
          "median": 0.21739130434782608,
          "fine_grained_average": 0.21739130434782608,
          "coarse_grained_average": 0.21739130434782608
        },
        "length": {
          "max": 115,
          "median": 115.0,
          "fine_grained_average": 115.0,
          "coarse_grained_average": 115.0
        }
      },
      "real-world_MUL": {
        "BLEU": {
          "max": 0.013578047790734335,
          "median": 0.013578047790734335,
          "fine_grained_average": 0.013578047790734335,
          "coarse_grained_average": 0.013578047790734335
        },
        "F1": {
          "max": 0.06852578068264342,
          "median": 0.06852578068264342,
          "fine_grained_average": 0.06852578068264342,
          "coarse_grained_average": 0.06852578068264342
        },
        "ROUGE-1": {
          "max": 0.0,
          "median": 0.0,
          "fine_grained_average": 0.0,
          "coarse_grained_average": 0.0
        },
        "ROUGE-2": {
          "max": 0.0,
          "median": 0.0,
          "fine_grained_average": 0.0,
          "coarse_grained_average": 0.0
        },
        "ROUGE-L": {
          "max": 0.0,
          "median": 0.0,
          "fine_grained_average": 0.0,
          "coarse_grained_average": 0.0
        },
        "ACC": {
          "max": 0.25925925925925924,
          "median": 0.25925925925925924,
          "fine_grained_average": 0.25925925925925924,
          "coarse_grained_average": 0.25925925925925924
        },
        "length": {
          "max": 135,
          "median": 135.0,
          "fine_grained_average": 135.0,
          "coarse_grained_average": 135.0
        }
      },
      "science-qa_MUL": {
        "BLEU": {
          "max": 0.021987114549099924,
          "median": 0.021987114549099924,
          "fine_grained_average": 0.021987114549099924,
          "coarse_grained_average": 0.021987114549099924
        },
        "F1": {
          "max": 0.1121201813038087,
          "median": 0.1121201813038087,
          "fine_grained_average": 0.1121201813038087,
          "coarse_grained_average": 0.1121201813038087
        },
        "ROUGE-1": {
          "max": 0.0,
          "median": 0.0,
          "fine_grained_average": 0.0,
          "coarse_grained_average": 0.0
        },
        "ROUGE-2": {
          "max": 0.0,
          "median": 0.0,
          "fine_grained_average": 0.0,
          "coarse_grained_average": 0.0
        },
        "ROUGE-L": {
          "max": 0.0,
          "median": 0.0,
          "fine_grained_average": 0.0,
          "coarse_grained_average": 0.0
        },
        "ACC": {
          "max": 0.3140495867768595,
          "median": 0.3140495867768595,
          "fine_grained_average": 0.3140495867768595,
          "coarse_grained_average": 0.3140495867768595
        },
        "length": {
          "max": 121,
          "median": 121.0,
          "fine_grained_average": 121.0,
          "coarse_grained_average": 121.0
        }
      },
      "sentimental-analysis_MUL": {
        "BLEU": {
          "max": 0.004867134428055243,
          "median": 0.004867134428055243,
          "fine_grained_average": 0.004867134428055243,
          "coarse_grained_average": 0.004867134428055243
        },
        "F1": {
          "max": 0.027122153209109733,
          "median": 0.027122153209109733,
          "fine_grained_average": 0.027122153209109733,
          "coarse_grained_average": 0.027122153209109733
        },
        "ROUGE-1": {
          "max": 0.0,
          "median": 0.0,
          "fine_grained_average": 0.0,
          "coarse_grained_average": 0.0
        },
        "ROUGE-2": {
          "max": 0.0,
          "median": 0.0,
          "fine_grained_average": 0.0,
          "coarse_grained_average": 0.0
        },
        "ROUGE-L": {
          "max": 0.0,
          "median": 0.0,
          "fine_grained_average": 0.0,
          "coarse_grained_average": 0.0
        },
        "ACC": {
          "max": 0.2956521739130435,
          "median": 0.2956521739130435,
          "fine_grained_average": 0.2956521739130435,
          "coarse_grained_average": 0.2956521739130435
        },
        "length": {
          "max": 115,
          "median": 115.0,
          "fine_grained_average": 115.0,
          "coarse_grained_average": 115.0
        }
      }
    },