{
  "calculate": {
    "groups": {
      "K12_QA": {
        "BLEU": {
          "max": 0.027364538517481798,
          "median": 0.027364538517481798,
          "fine_grained_average": 0.027364538517481798,
          "coarse_grained_average": 0.027364538517481798
        },
        "F1": {
          "max": 0.1511330914350112,
          "median": 0.1511330914350112,
          "fine_grained_average": 0.1511330914350112,
          "coarse_grained_average": 0.1511330914350112
        },
        "ROUGE-1": {
          "max": 0.15299975894943643,
          "median": 0.15299975894943643,
          "fine_grained_average": 0.15299975894943643,
          "coarse_grained_average": 0.15299975894943643
        },
        "ROUGE-2": {
          "max": 0.027511513709088404,
          "median": 0.027511513709088404,
          "fine_grained_average": 0.027511513709088404,
          "coarse_grained_average": 0.027511513709088404
        },
        "ROUGE-L": {
          "max": 0.13185116865287064,
          "median": 0.13185116865287064,
          "fine_grained_average": 0.13185116865287064,
          "coarse_grained_average": 0.13185116865287064
        },
        "ACC-prefix": {
          "max": 0.016216216216216217,
          "median": 0.016216216216216217,
          "fine_grained_average": 0.016216216216216217,
          "coarse_grained_average": 0.016216216216216217
        },
        "ACC-in": {
          "max": 0.02702702702702703,
          "median": 0.02702702702702703,
          "fine_grained_average": 0.02702702702702703,
          "coarse_grained_average": 0.02702702702702703
        },
        "length": {
          "max": 185,
          "median": 185.0,
          "fine_grained_average": 185.0,
          "coarse_grained_average": 185.0
        }
      }
    },
    "overall": {
      "BLEU": {
        "max": 0.027364538517481798,
        "median": 0.027364538517481798,
        "fine_grained_average": 0.027364538517481798,
        "coarse_grained_average": 0.027364538517481798
      },
      "F1": {
        "max": 0.1511330914350112,
        "median": 0.1511330914350112,
        "fine_grained_average": 0.1511330914350112,
        "coarse_grained_average": 0.1511330914350112
      },
      "ROUGE-1": {
        "max": 0.15299975894943643,
        "median": 0.15299975894943643,
        "fine_grained_average": 0.15299975894943643,
        "coarse_grained_average": 0.15299975894943643
      },
      "ROUGE-2": {
        "max": 0.027511513709088404,
        "median": 0.027511513709088404,
        "fine_grained_average": 0.027511513709088404,
        "coarse_grained_average": 0.027511513709088404
      },
      "ROUGE-L": {
        "max": 0.13185116865287064,
        "median": 0.13185116865287064,
        "fine_grained_average": 0.13185116865287064,
        "coarse_grained_average": 0.13185116865287064
      },
      "ACC-prefix": {
        "max": 0.016216216216216217,
        "median": 0.016216216216216217,
        "fine_grained_average": 0.016216216216216217,
        "coarse_grained_average": 0.016216216216216217
      },
      "ACC-in": {
        "max": 0.02702702702702703,
        "median": 0.02702702702702703,
        "fine_grained_average": 0.02702702702702703,
        "coarse_grained_average": 0.02702702702702703
      },
      "length": {
        "max": 185,
        "median": 185.0,
        "fine_grained_average": 185.0,
        "coarse_grained_average": 185.0
      }
    }
  },
  "results": {
    "K12_QA": {
      "K12_QA.jsonl": {
        "BLEU": 0.027364538517481798,
        "F1": 0.1511330914350112,
        "ROUGE-1": 0.15299975894943643,
        "ROUGE-2": 0.027511513709088404,
        "ROUGE-L": 0.13185116865287064,
        "ACC-prefix": 0.016216216216216217,
        "ACC-in": 0.02702702702702703,
        "length": 185
      }
    }
  }
}