{
  "calculate": {
    "groups": {
      "factual-qa_QA": {
        "BLEU": {
          "max": 9.757511740516672e-05,
          "median": 9.757511740516672e-05,
          "fine_grained_average": 9.757511740516672e-05,
          "coarse_grained_average": 9.757511740516672e-05
        },
        "F1": {
          "max": 0.013888888888888888,
          "median": 0.013888888888888888,
          "fine_grained_average": 0.013888888888888888,
          "coarse_grained_average": 0.013888888888888888
        },
        "ROUGE-1": {
          "max": 0.013888888368055576,
          "median": 0.013888888368055576,
          "fine_grained_average": 0.013888888368055576,
          "coarse_grained_average": 0.013888888368055576
        },
        "ROUGE-2": {
          "max": 0.0,
          "median": 0.0,
          "fine_grained_average": 0.0,
          "coarse_grained_average": 0.0
        },
        "ROUGE-L": {
          "max": 0.013888888368055576,
          "median": 0.013888888368055576,
          "fine_grained_average": 0.013888888368055576,
          "coarse_grained_average": 0.013888888368055576
        },
        "ACC-prefix": {
          "max": 0.0,
          "median": 0.0,
          "fine_grained_average": 0.0,
          "coarse_grained_average": 0.0
        },
        "ACC-in": {
          "max": 0.0,
          "median": 0.0,
          "fine_grained_average": 0.0,
          "coarse_grained_average": 0.0
        },
        "length": {
          "max": 9,
          "median": 9.0,
          "fine_grained_average": 9.0,
          "coarse_grained_average": 9.0
        }
      },
      "logic_QA": {
        "BLEU": {
          "max": 0.003867016173031018,
          "median": 0.003867016173031018,
          "fine_grained_average": 0.003867016173031018,
          "coarse_grained_average": 0.003867016173031018
        },
        "F1": {
          "max": 0.08313262933503794,
          "median": 0.08313262933503794,
          "fine_grained_average": 0.08313262933503794,
          "coarse_grained_average": 0.08313262933503794
        },
        "ROUGE-1": {
          "max": 0.08313262880810562,
          "median": 0.08313262880810562,
          "fine_grained_average": 0.08313262880810562,
          "coarse_grained_average": 0.08313262880810562
        },
        "ROUGE-2": {
          "max": 0.027097680844991454,
          "median": 0.027097680844991454,
          "fine_grained_average": 0.027097680844991454,
          "coarse_grained_average": 0.027097680844991454
        },
        "ROUGE-L": {
          "max": 0.07348934485516068,
          "median": 0.07348934485516068,
          "fine_grained_average": 0.07348934485516068,
          "coarse_grained_average": 0.07348934485516068
        },
        "ACC-prefix": {
          "max": 0.0,
          "median": 0.0,
          "fine_grained_average": 0.0,
          "coarse_grained_average": 0.0
        },
        "ACC-in": {
          "max": 0.0,
          "median": 0.0,
          "fine_grained_average": 0.0,
          "coarse_grained_average": 0.0
        },
        "length": {
          "max": 83,
          "median": 83.0,
          "fine_grained_average": 83.0,
          "coarse_grained_average": 83.0
        }
      },
      "real-world_QA": {
        "BLEU": {
          "max": 0.0,
          "median": 0.0,
          "fine_grained_average": 0.0,
          "coarse_grained_average": 0.0
        },
        "F1": {
          "max": 0.0,
          "median": 0.0,
          "fine_grained_average": 0.0,
          "coarse_grained_average": 0.0
        },
        "ROUGE-1": {
          "max": 0.0,
          "median": 0.0,
          "fine_grained_average": 0.0,
          "coarse_grained_average": 0.0
        },
        "ROUGE-2": {
          "max": 0.0,
          "median": 0.0,
          "fine_grained_average": 0.0,
          "coarse_grained_average": 0.0
        },
        "ROUGE-L": {
          "max": 0.0,
          "median": 0.0,
          "fine_grained_average": 0.0,
          "coarse_grained_average": 0.0
        },
        "ACC-prefix": {
          "max": 0.0,
          "median": 0.0,
          "fine_grained_average": 0.0,
          "coarse_grained_average": 0.0
        },
        "ACC-in": {
          "max": 0.042105263157894736,
          "median": 0.042105263157894736,
          "fine_grained_average": 0.042105263157894736,
          "coarse_grained_average": 0.042105263157894736
        },
        "length": {
          "max": 190,
          "median": 190.0,
          "fine_grained_average": 190.0,
          "coarse_grained_average": 190.0
        }
      }
    },
    "overall": {
      "BLEU": {
        "max": 0.003867016173031018,
        "median": 9.757511740516672e-05,
        "fine_grained_average": 0.0011412784341071666,
        "coarse_grained_average": 0.0013215304301453948
      },
      "F1": {
        "max": 0.08313262933503794,
        "median": 0.013888888888888888,
        "fine_grained_average": 0.024911376719177834,
        "coarse_grained_average": 0.032340506074642277
      },
      "ROUGE-1": {
        "max": 0.08313262880810562,
        "median": 0.013888888368055576,
        "fine_grained_average": 0.024911376547465485,
        "coarse_grained_average": 0.03234050572538707
      },
      "ROUGE-2": {
        "max": 0.027097680844991454,
        "median": 0.0,
        "fine_grained_average": 0.007975558546575499,
        "coarse_grained_average": 0.009032560281663818
      },
      "ROUGE-L": {
        "max": 0.07348934485516068,
        "median": 0.013888888368055576,
        "fine_grained_average": 0.022073105029400127,
        "coarse_grained_average": 0.029126077741072082
      },
      "ACC-prefix": {
        "max": 0.0,
        "median": 0.0,
        "fine_grained_average": 0.0,
        "coarse_grained_average": 0.0
      },
      "ACC-in": {
        "max": 0.042105263157894736,
        "median": 0.0,
        "fine_grained_average": 0.028368794326241134,
        "coarse_grained_average": 0.014035087719298246
      },
      "length": {
        "max": 190,
        "median": 83.0,
        "fine_grained_average": 152.7304964539007,
        "coarse_grained_average": 94.0
      }
    }
  },
  "results": {
    "factual-qa_QA": {
      "factual-qa_QA.jsonl": {
        "BLEU": 9.757511740516672e-05,
        "F1": 0.013888888888888888,
        "ROUGE-1": 0.013888888368055576,
        "ROUGE-2": 0.0,
        "ROUGE-L": 0.013888888368055576,
        "ACC-prefix": 0.0,
        "ACC-in": 0.0,
        "length": 9
      }
    },
    "logic_QA": {
      "logic_QA.jsonl": {
        "BLEU": 0.003867016173031018,
        "F1": 0.08313262933503794,
        "ROUGE-1": 0.08313262880810562,
        "ROUGE-2": 0.027097680844991454,
        "ROUGE-L": 0.07348934485516068,
        "ACC-prefix": 0.0,
        "ACC-in": 0.0,
        "length": 83
      }
    },
    "real-world_QA": {
      "real-world_QA.jsonl": {
        "BLEU": 0.0,
        "F1": 0.0,
        "ROUGE-1": 0.0,
        "ROUGE-2": 0.0,
        "ROUGE-L": 0.0,
        "ACC-prefix": 0.0,
        "ACC-in": 0.042105263157894736,
        "length": 190
      }
    }
  }
}