{
  "calculate": {
    "groups": {
      "factual-qa_QA": {
        "BLEU": {
          "max": 0.016136250352717825,
          "median": 0.016136250352717825,
          "fine_grained_average": 0.016136250352717825,
          "coarse_grained_average": 0.016136250352717825
        },
        "F1": {
          "max": 0.14344503233392125,
          "median": 0.14344503233392125,
          "fine_grained_average": 0.14344503233392125,
          "coarse_grained_average": 0.14344503233392125
        },
        "ROUGE-1": {
          "max": 0.14344503080663726,
          "median": 0.14344503080663726,
          "fine_grained_average": 0.14344503080663726,
          "coarse_grained_average": 0.14344503080663726
        },
        "ROUGE-2": {
          "max": 0.06378600715668348,
          "median": 0.06378600715668348,
          "fine_grained_average": 0.06378600715668348,
          "coarse_grained_average": 0.06378600715668348
        },
        "ROUGE-L": {
          "max": 0.10640799376960025,
          "median": 0.10640799376960025,
          "fine_grained_average": 0.10640799376960025,
          "coarse_grained_average": 0.10640799376960025
        },
        "ACC-prefix": {
          "max": 0.0,
          "median": 0.0,
          "fine_grained_average": 0.0,
          "coarse_grained_average": 0.0
        },
        "ACC-in": {
          "max": 0.0,
          "median": 0.0,
          "fine_grained_average": 0.0,
          "coarse_grained_average": 0.0
        },
        "length": {
          "max": 9,
          "median": 9.0,
          "fine_grained_average": 9.0,
          "coarse_grained_average": 9.0
        }
      },
      "logic_QA": {
        "BLEU": {
          "max": 0.0035450103956838888,
          "median": 0.0035450103956838888,
          "fine_grained_average": 0.0035450103956838888,
          "coarse_grained_average": 0.0035450103956838888
        },
        "F1": {
          "max": 0.07375409224742924,
          "median": 0.07375409224742924,
          "fine_grained_average": 0.07375409224742924,
          "coarse_grained_average": 0.07375409224742924
        },
        "ROUGE-1": {
          "max": 0.07375409179081932,
          "median": 0.07375409179081932,
          "fine_grained_average": 0.07375409179081932,
          "coarse_grained_average": 0.07375409179081932
        },
        "ROUGE-2": {
          "max": 0.00811363278867485,
          "median": 0.00811363278867485,
          "fine_grained_average": 0.00811363278867485,
          "coarse_grained_average": 0.00811363278867485
        },
        "ROUGE-L": {
          "max": 0.05422962389582012,
          "median": 0.05422962389582012,
          "fine_grained_average": 0.05422962389582012,
          "coarse_grained_average": 0.05422962389582012
        },
        "ACC-prefix": {
          "max": 0.012048192771084338,
          "median": 0.012048192771084338,
          "fine_grained_average": 0.012048192771084338,
          "coarse_grained_average": 0.012048192771084338
        },
        "ACC-in": {
          "max": 0.04819277108433735,
          "median": 0.04819277108433735,
          "fine_grained_average": 0.04819277108433735,
          "coarse_grained_average": 0.04819277108433735
        },
        "length": {
          "max": 83,
          "median": 83.0,
          "fine_grained_average": 83.0,
          "coarse_grained_average": 83.0
        }
      },
      "real-world_QA": {
        "BLEU": {
          "max": 0.002252876265906864,
          "median": 0.002252876265906864,
          "fine_grained_average": 0.002252876265906864,
          "coarse_grained_average": 0.002252876265906864
        },
        "F1": {
          "max": 0.0129838485101643,
          "median": 0.0129838485101643,
          "fine_grained_average": 0.0129838485101643,
          "coarse_grained_average": 0.0129838485101643
        },
        "ROUGE-1": {
          "max": 0.012983848368084335,
          "median": 0.012983848368084335,
          "fine_grained_average": 0.012983848368084335,
          "coarse_grained_average": 0.012983848368084335
        },
        "ROUGE-2": {
          "max": 0.0,
          "median": 0.0,
          "fine_grained_average": 0.0,
          "coarse_grained_average": 0.0
        },
        "ROUGE-L": {
          "max": 0.012983848368084335,
          "median": 0.012983848368084335,
          "fine_grained_average": 0.012983848368084335,
          "coarse_grained_average": 0.012983848368084335
        },
        "ACC-prefix": {
          "max": 0.005263157894736842,
          "median": 0.005263157894736842,
          "fine_grained_average": 0.005263157894736842,
          "coarse_grained_average": 0.005263157894736842
        },
        "ACC-in": {
          "max": 0.021052631578947368,
          "median": 0.021052631578947368,
          "fine_grained_average": 0.021052631578947368,
          "coarse_grained_average": 0.021052631578947368
        },
        "length": {
          "max": 190,
          "median": 190.0,
          "fine_grained_average": 190.0,
          "coarse_grained_average": 190.0
        }
      }
    },
    "overall": {
      "BLEU": {
        "max": 0.016136250352717825,
        "median": 0.0035450103956838888,
        "fine_grained_average": 0.003076271654391941,
        "coarse_grained_average": 0.007311379004769526
      },
      "F1": {
        "max": 0.14344503233392125,
        "median": 0.07375409224742924,
        "fine_grained_average": 0.035033780725082043,
        "coarse_grained_average": 0.07672765769717159
      },
      "ROUGE-1": {
        "max": 0.14344503080663726,
        "median": 0.07375409179081932,
        "fine_grained_average": 0.035033780446219014,
        "coarse_grained_average": 0.07672765698851364
      },
      "ROUGE-2": {
        "max": 0.06378600715668348,
        "median": 0.00811363278867485,
        "fine_grained_average": 0.004423778673298453,
        "coarse_grained_average": 0.02396654664845278
      },
      "ROUGE-L": {
        "max": 0.10640799376960025,
        "median": 0.05422962389582012,
        "fine_grained_average": 0.02810518410360105,
        "coarse_grained_average": 0.05787382201116823
      },
      "ACC-prefix": {
        "max": 0.012048192771084338,
        "median": 0.005263157894736842,
        "fine_grained_average": 0.0070921985815602835,
        "coarse_grained_average": 0.005770450221940393
      },
      "ACC-in": {
        "max": 0.04819277108433735,
        "median": 0.021052631578947368,
        "fine_grained_average": 0.028368794326241134,
        "coarse_grained_average": 0.023081800887761572
      },
      "length": {
        "max": 190,
        "median": 83.0,
        "fine_grained_average": 152.7304964539007,
        "coarse_grained_average": 94.0
      }
    }
  },
  "results": {
    "factual-qa_QA": {
      "factual-qa_QA.jsonl": {
        "BLEU": 0.016136250352717825,
        "F1": 0.14344503233392125,
        "ROUGE-1": 0.14344503080663726,
        "ROUGE-2": 0.06378600715668348,
        "ROUGE-L": 0.10640799376960025,
        "ACC-prefix": 0.0,
        "ACC-in": 0.0,
        "length": 9
      }
    },
    "logic_QA": {
      "logic_QA.jsonl": {
        "BLEU": 0.0035450103956838888,
        "F1": 0.07375409224742924,
        "ROUGE-1": 0.07375409179081932,
        "ROUGE-2": 0.00811363278867485,
        "ROUGE-L": 0.05422962389582012,
        "ACC-prefix": 0.012048192771084338,
        "ACC-in": 0.04819277108433735,
        "length": 83
      }
    },
    "real-world_QA": {
      "real-world_QA.jsonl": {
        "BLEU": 0.002252876265906864,
        "F1": 0.0129838485101643,
        "ROUGE-1": 0.012983848368084335,
        "ROUGE-2": 0.0,
        "ROUGE-L": 0.012983848368084335,
        "ACC-prefix": 0.005263157894736842,
        "ACC-in": 0.021052631578947368,
        "length": 190
      }
    }
  }
}