{
  "calculate": {
    "groups": {
      "factual-qa_QA": {
        "BLEU": {
          "max": 0.0004614014620769545,
          "median": 0.0004614014620769545,
          "fine_grained_average": 0.0004614014620769545,
          "coarse_grained_average": 0.0004614014620769545
        },
        "F1": {
          "max": 0.08902116402116403,
          "median": 0.08902116402116403,
          "fine_grained_average": 0.08902116402116403,
          "coarse_grained_average": 0.08902116402116403
        },
        "ROUGE-1": {
          "max": 0.08902116240106456,
          "median": 0.08902116240106456,
          "fine_grained_average": 0.08902116240106456,
          "coarse_grained_average": 0.08902116240106456
        },
        "ROUGE-2": {
          "max": 0.018912529236959918,
          "median": 0.018912529236959918,
          "fine_grained_average": 0.018912529236959918,
          "coarse_grained_average": 0.018912529236959918
        },
        "ROUGE-L": {
          "max": 0.08346560684550898,
          "median": 0.08346560684550898,
          "fine_grained_average": 0.08346560684550898,
          "coarse_grained_average": 0.08346560684550898
        },
        "ACC-prefix": {
          "max": 0.0,
          "median": 0.0,
          "fine_grained_average": 0.0,
          "coarse_grained_average": 0.0
        },
        "ACC-in": {
          "max": 0.0,
          "median": 0.0,
          "fine_grained_average": 0.0,
          "coarse_grained_average": 0.0
        },
        "length": {
          "max": 9,
          "median": 9.0,
          "fine_grained_average": 9.0,
          "coarse_grained_average": 9.0
        }
      },
      "logic_QA": {
        "BLEU": {
          "max": 0.0006282976236939267,
          "median": 0.0006282976236939267,
          "fine_grained_average": 0.0006282976236939267,
          "coarse_grained_average": 0.0006282976236939267
        },
        "F1": {
          "max": 0.16592012926416713,
          "median": 0.16592012926416713,
          "fine_grained_average": 0.16592012926416713,
          "coarse_grained_average": 0.16592012926416713
        },
        "ROUGE-1": {
          "max": 0.16592012827963984,
          "median": 0.16592012827963984,
          "fine_grained_average": 0.16592012827963984,
          "coarse_grained_average": 0.16592012827963984
        },
        "ROUGE-2": {
          "max": 0.009765569175323998,
          "median": 0.009765569175323998,
          "fine_grained_average": 0.009765569175323998,
          "coarse_grained_average": 0.009765569175323998
        },
        "ROUGE-L": {
          "max": 0.14522848458042872,
          "median": 0.14522848458042872,
          "fine_grained_average": 0.14522848458042872,
          "coarse_grained_average": 0.14522848458042872
        },
        "ACC-prefix": {
          "max": 0.0,
          "median": 0.0,
          "fine_grained_average": 0.0,
          "coarse_grained_average": 0.0
        },
        "ACC-in": {
          "max": 0.0,
          "median": 0.0,
          "fine_grained_average": 0.0,
          "coarse_grained_average": 0.0
        },
        "length": {
          "max": 83,
          "median": 83.0,
          "fine_grained_average": 83.0,
          "coarse_grained_average": 83.0
        }
      },
      "real-world_QA": {
        "BLEU": {
          "max": 5.6049591931561036e-05,
          "median": 5.6049591931561036e-05,
          "fine_grained_average": 5.6049591931561036e-05,
          "coarse_grained_average": 5.6049591931561036e-05
        },
        "F1": {
          "max": 0.009365692622571564,
          "median": 0.009365692622571564,
          "fine_grained_average": 0.009365692622571564,
          "coarse_grained_average": 0.009365692622571564
        },
        "ROUGE-1": {
          "max": 0.009365692437733213,
          "median": 0.009365692437733213,
          "fine_grained_average": 0.009365692437733213,
          "coarse_grained_average": 0.009365692437733213
        },
        "ROUGE-2": {
          "max": 0.0,
          "median": 0.0,
          "fine_grained_average": 0.0,
          "coarse_grained_average": 0.0
        },
        "ROUGE-L": {
          "max": 0.009365692437733213,
          "median": 0.009365692437733213,
          "fine_grained_average": 0.009365692437733213,
          "coarse_grained_average": 0.009365692437733213
        },
        "ACC-prefix": {
          "max": 0.0,
          "median": 0.0,
          "fine_grained_average": 0.0,
          "coarse_grained_average": 0.0
        },
        "ACC-in": {
          "max": 0.02631578947368421,
          "median": 0.02631578947368421,
          "fine_grained_average": 0.02631578947368421,
          "coarse_grained_average": 0.02631578947368421
        },
        "length": {
          "max": 190,
          "median": 190.0,
          "fine_grained_average": 190.0,
          "coarse_grained_average": 190.0
        }
      }
    },
    "overall": {
      "BLEU": {
        "max": 0.0006282976236939267,
        "median": 0.0004614014620769545,
        "fine_grained_average": 0.00023741396593008902,
        "coarse_grained_average": 0.0003819162259008141
      },
      "F1": {
        "max": 0.16592012926416713,
        "median": 0.08902116402116403,
        "fine_grained_average": 0.0579859673879608,
        "coarse_grained_average": 0.08810232863596758
      },
      "ROUGE-1": {
        "max": 0.16592012827963984,
        "median": 0.08902116240106456,
        "fine_grained_average": 0.0579859669219468,
        "coarse_grained_average": 0.08810232770614586
      },
      "ROUGE-2": {
        "max": 0.018912529236959918,
        "median": 0.009765569175323998,
        "fine_grained_average": 0.0034778546265408906,
        "coarse_grained_average": 0.009559366137427971
      },
      "ROUGE-L": {
        "max": 0.14522848458042872,
        "median": 0.08346560684550898,
        "fine_grained_average": 0.05171856824451941,
        "coarse_grained_average": 0.07935326128789032
      },
      "ACC-prefix": {
        "max": 0.0,
        "median": 0.0,
        "fine_grained_average": 0.0,
        "coarse_grained_average": 0.0
      },
      "ACC-in": {
        "max": 0.02631578947368421,
        "median": 0.0,
        "fine_grained_average": 0.01773049645390071,
        "coarse_grained_average": 0.008771929824561403
      },
      "length": {
        "max": 190,
        "median": 83.0,
        "fine_grained_average": 152.7304964539007,
        "coarse_grained_average": 94.0
      }
    }
  },
  "results": {
    "factual-qa_QA": {
      "factual-qa_QA.jsonl": {
        "BLEU": 0.0004614014620769545,
        "F1": 0.08902116402116403,
        "ROUGE-1": 0.08902116240106456,
        "ROUGE-2": 0.018912529236959918,
        "ROUGE-L": 0.08346560684550898,
        "ACC-prefix": 0.0,
        "ACC-in": 0.0,
        "length": 9
      }
    },
    "logic_QA": {
      "logic_QA.jsonl": {
        "BLEU": 0.0006282976236939267,
        "F1": 0.16592012926416713,
        "ROUGE-1": 0.16592012827963984,
        "ROUGE-2": 0.009765569175323998,
        "ROUGE-L": 0.14522848458042872,
        "ACC-prefix": 0.0,
        "ACC-in": 0.0,
        "length": 83
      }
    },
    "real-world_QA": {
      "real-world_QA.jsonl": {
        "BLEU": 5.6049591931561036e-05,
        "F1": 0.009365692622571564,
        "ROUGE-1": 0.009365692437733213,
        "ROUGE-2": 0.0,
        "ROUGE-L": 0.009365692437733213,
        "ACC-prefix": 0.0,
        "ACC-in": 0.02631578947368421,
        "length": 190
      }
    }
  }
}