{
  "BLEU": 0.02821122835372569,
  "F1": 0.16743750401645138,
  "ROUGE-1": 0.16743750275641672,
  "ROUGE-2": 0.010526315719298247,
  "ROUGE-L": 0.16743750275641672,
  "ACC-prefix": 0.06842105263157895,
  "ACC-in": 0.07368421052631578,
  "length": 190
}