{
  "BLEU": 0.08448105412025131,
  "F1": 0.2661648169352006,
  "ROUGE-1": 0.26616481543931775,
  "ROUGE-2": 0.10532352230451268,
  "ROUGE-L": 0.23061461234233685,
  "ACC-prefix": 0.060240963855421686,
  "ACC-in": 0.060240963855421686,
  "length": 83
}