{
  "BLEU": 0.023047274248828513,
  "F1": 0.1282051282051282,
  "ROUGE-1": 0.12820512725509536,
  "ROUGE-2": 0.06944444388888889,
  "ROUGE-L": 0.07882241120571264,
  "ACC-prefix": 0.0,
  "ACC-in": 0.0,
  "length": 9
}