{
  "BLEU": 0.003952138909195315,
  "F1": 0.023803823630169384,
  "ROUGE-1": 0.0,
  "ROUGE-2": 0.0,
  "ROUGE-L": 0.0,
  "ACC": 0.09523809523809523,
  "length": 420
}