{
  "BLEU": 0.02164861890482167,
  "F1": 0.12173913043478261,
  "ROUGE-1": 0.0,
  "ROUGE-2": 0.0,
  "ROUGE-L": 0.0,
  "ACC": 0.13043478260869565,
  "length": 115
}