{
  "BLEU": 0.008752959460952591,
  "F1": 0.044439418399149944,
  "ROUGE-1": 0.0,
  "ROUGE-2": 0.0,
  "ROUGE-L": 0.0,
  "ACC": 0.10067114093959731,
  "length": 149
}