{
  "BLEU": 0.009087832711192794,
  "F1": 0.04992496670324552,
  "ROUGE-1": 0.0,
  "ROUGE-2": 0.0,
  "ROUGE-L": 0.0,
  "ACC": 0.22962962962962963,
  "length": 135
}