{
  "BLEU": 0.005183487074337629,
  "F1": 0.035881702247431264,
  "ROUGE-1": 0.0,
  "ROUGE-2": 0.0,
  "ROUGE-L": 0.0,
  "ACC": 0.2644628099173554,
  "length": 121
}