{
  "BLEU": 0.004488893127650686,
  "F1": 0.02539924950724214,
  "ROUGE-1": 0.0,
  "ROUGE-2": 0.0,
  "ROUGE-L": 0.0,
  "ACC": 0.043478260869565216,
  "length": 115
}