{
  "calculate": {
    "groups": {
      "commonsense-qa_MUL": {
        "BLEU": {
          "max": 0.0011934761141200825,
          "median": 0.0011934761141200825,
          "fine_grained_average": 0.0011934761141200825,
          "coarse_grained_average": 0.0011934761141200825
        },
        "F1": {
          "max": 0.006711409395973154,
          "median": 0.006711409395973154,
          "fine_grained_average": 0.006711409395973154,
          "coarse_grained_average": 0.006711409395973154
        },
        "ROUGE-1": {
          "max": 0.0,
          "median": 0.0,
          "fine_grained_average": 0.0,
          "coarse_grained_average": 0.0
        },
        "ROUGE-2": {
          "max": 0.0,
          "median": 0.0,
          "fine_grained_average": 0.0,
          "coarse_grained_average": 0.0
        },
        "ROUGE-L": {
          "max": 0.0,
          "median": 0.0,
          "fine_grained_average": 0.0,
          "coarse_grained_average": 0.0
        },
        "ACC": {
          "max": 0.31543624161073824,
          "median": 0.31543624161073824,
          "fine_grained_average": 0.31543624161073824,
          "coarse_grained_average": 0.31543624161073824
        },
        "length": {
          "max": 149,
          "median": 149.0,
          "fine_grained_average": 149.0,
          "coarse_grained_average": 149.0
        }
      },
      "inference_MUL": {
        "BLEU": {
          "max": 0.0016935994381323076,
          "median": 0.0016935994381323076,
          "fine_grained_average": 0.0016935994381323076,
          "coarse_grained_average": 0.0016935994381323076
        },
        "F1": {
          "max": 0.009523809523809525,
          "median": 0.009523809523809525,
          "fine_grained_average": 0.009523809523809525,
          "coarse_grained_average": 0.009523809523809525
        },
        "ROUGE-1": {
          "max": 0.0,
          "median": 0.0,
          "fine_grained_average": 0.0,
          "coarse_grained_average": 0.0
        },
        "ROUGE-2": {
          "max": 0.0,
          "median": 0.0,
          "fine_grained_average": 0.0,
          "coarse_grained_average": 0.0
        },
        "ROUGE-L": {
          "max": 0.0,
          "median": 0.0,
          "fine_grained_average": 0.0,
          "coarse_grained_average": 0.0
        },
        "ACC": {
          "max": 0.11190476190476191,
          "median": 0.11190476190476191,
          "fine_grained_average": 0.11190476190476191,
          "coarse_grained_average": 0.11190476190476191
        },
        "length": {
          "max": 420,
          "median": 420.0,
          "fine_grained_average": 420.0,
          "coarse_grained_average": 420.0
        }
      },
      "math_MUL": {
        "BLEU": {
          "max": 0.0,
          "median": 0.0,
          "fine_grained_average": 0.0,
          "coarse_grained_average": 0.0
        },
        "F1": {
          "max": 0.0,
          "median": 0.0,
          "fine_grained_average": 0.0,
          "coarse_grained_average": 0.0
        },
        "ROUGE-1": {
          "max": 0.0,
          "median": 0.0,
          "fine_grained_average": 0.0,
          "coarse_grained_average": 0.0
        },
        "ROUGE-2": {
          "max": 0.0,
          "median": 0.0,
          "fine_grained_average": 0.0,
          "coarse_grained_average": 0.0
        },
        "ROUGE-L": {
          "max": 0.0,
          "median": 0.0,
          "fine_grained_average": 0.0,
          "coarse_grained_average": 0.0
        },
        "ACC": {
          "max": 0.14782608695652175,
          "median": 0.14782608695652175,
          "fine_grained_average": 0.14782608695652175,
          "coarse_grained_average": 0.14782608695652175
        },
        "length": {
          "max": 115,
          "median": 115.0,
          "fine_grained_average": 115.0,
          "coarse_grained_average": 115.0
        }
      },
      "real-world_MUL": {
        "BLEU": {
          "max": 0.0,
          "median": 0.0,
          "fine_grained_average": 0.0,
          "coarse_grained_average": 0.0
        },
        "F1": {
          "max": 0.0,
          "median": 0.0,
          "fine_grained_average": 0.0,
          "coarse_grained_average": 0.0
        },
        "ROUGE-1": {
          "max": 0.0,
          "median": 0.0,
          "fine_grained_average": 0.0,
          "coarse_grained_average": 0.0
        },
        "ROUGE-2": {
          "max": 0.0,
          "median": 0.0,
          "fine_grained_average": 0.0,
          "coarse_grained_average": 0.0
        },
        "ROUGE-L": {
          "max": 0.0,
          "median": 0.0,
          "fine_grained_average": 0.0,
          "coarse_grained_average": 0.0
        },
        "ACC": {
          "max": 0.2814814814814815,
          "median": 0.2814814814814815,
          "fine_grained_average": 0.2814814814814815,
          "coarse_grained_average": 0.2814814814814815
        },
        "length": {
          "max": 135,
          "median": 135.0,
          "fine_grained_average": 135.0,
          "coarse_grained_average": 135.0
        }
      },
      "science-qa_MUL": {
        "BLEU": {
          "max": 0.0014696524049908454,
          "median": 0.0014696524049908454,
          "fine_grained_average": 0.0014696524049908454,
          "coarse_grained_average": 0.0014696524049908454
        },
        "F1": {
          "max": 0.008264462809917356,
          "median": 0.008264462809917356,
          "fine_grained_average": 0.008264462809917356,
          "coarse_grained_average": 0.008264462809917356
        },
        "ROUGE-1": {
          "max": 0.0,
          "median": 0.0,
          "fine_grained_average": 0.0,
          "coarse_grained_average": 0.0
        },
        "ROUGE-2": {
          "max": 0.0,
          "median": 0.0,
          "fine_grained_average": 0.0,
          "coarse_grained_average": 0.0
        },
        "ROUGE-L": {
          "max": 0.0,
          "median": 0.0,
          "fine_grained_average": 0.0,
          "coarse_grained_average": 0.0
        },
        "ACC": {
          "max": 0.2975206611570248,
          "median": 0.2975206611570248,
          "fine_grained_average": 0.2975206611570248,
          "coarse_grained_average": 0.2975206611570248
        },
        "length": {
          "max": 121,
          "median": 121.0,
          "fine_grained_average": 121.0,
          "coarse_grained_average": 121.0
        }
      },
      "sentimental-analysis_MUL": {
        "BLEU": {
          "max": 0.0,
          "median": 0.0,
          "fine_grained_average": 0.0,
          "coarse_grained_average": 0.0
        },
        "F1": {
          "max": 0.0,
          "median": 0.0,
          "fine_grained_average": 0.0,
          "coarse_grained_average": 0.0
        },
        "ROUGE-1": {
          "max": 0.0,
          "median": 0.0,
          "fine_grained_average": 0.0,
          "coarse_grained_average": 0.0
        },
        "ROUGE-2": {
          "max": 0.0,
          "median": 0.0,
          "fine_grained_average": 0.0,
          "coarse_grained_average": 0.0
        },
        "ROUGE-L": {
          "max": 0.0,
          "median": 0.0,
          "fine_grained_average": 0.0,
          "coarse_grained_average": 0.0
        },
        "ACC": {
          "max": 0.5565217391304348,
          "median": 0.5565217391304348,
          "fine_grained_average": 0.5565217391304348,
          "coarse_grained_average": 0.5565217391304348
        },
        "length": {
          "max": 115,
          "median": 115.0,
          "fine_grained_average": 115.0,
          "coarse_grained_average": 115.0
        }
      }
    },
    "overall": {
      "BLEU": {
        "max": 0.0016935994381323076,
        "median": 0.0005967380570600412,
        "fine_grained_average": 0.0010113437403064965,
        "coarse_grained_average": 0.0007261213262072059
      },
      "F1": {
        "max": 0.009523809523809525,
        "median": 0.003355704697986577,