{
  "calculate": {
    "groups": {
      "K12_QA": {
        "BLEU": {
          "max": 0.022895289682798872,
          "median": 0.022895289682798872,
          "fine_grained_average": 0.022895289682798872,
          "coarse_grained_average": 0.022895289682798872
        },
        "F1": {
          "max": 0.11124890168906562,
          "median": 0.11124890168906562,
          "fine_grained_average": 0.11124890168906562,
          "coarse_grained_average": 0.11124890168906562
        },
        "ROUGE-1": {
          "max": 0.10952158814918422,
          "median": 0.10952158814918422,
          "fine_grained_average": 0.10952158814918422,
          "coarse_grained_average": 0.10952158814918422
        },
        "ROUGE-2": {
          "max": 0.039814818810612926,
          "median": 0.039814818810612926,
          "fine_grained_average": 0.039814818810612926,
          "coarse_grained_average": 0.039814818810612926
        },
        "ROUGE-L": {
          "max": 0.08353753356298049,
          "median": 0.08353753356298049,
          "fine_grained_average": 0.08353753356298049,
          "coarse_grained_average": 0.08353753356298049
        },
        "ACC-prefix": {
          "max": 0.032432432432432434,
          "median": 0.032432432432432434,
          "fine_grained_average": 0.032432432432432434,
          "coarse_grained_average": 0.032432432432432434
        },
        "ACC-in": {
          "max": 0.05405405405405406,
          "median": 0.05405405405405406,
          "fine_grained_average": 0.05405405405405406,
          "coarse_grained_average": 0.05405405405405406
        },
        "length": {
          "max": 185,
          "median": 185.0,
          "fine_grained_average": 185.0,
          "coarse_grained_average": 185.0
        }
      }
    },
    "overall": {
      "BLEU": {
        "max": 0.022895289682798872,
        "median": 0.022895289682798872,
        "fine_grained_average": 0.022895289682798872,
        "coarse_grained_average": 0.022895289682798872
      },
      "F1": {
        "max": 0.11124890168906562,
        "median": 0.11124890168906562,
        "fine_grained_average": 0.11124890168906562,
        "coarse_grained_average": 0.11124890168906562
      },
      "ROUGE-1": {
        "max": 0.10952158814918422,
        "median": 0.10952158814918422,
        "fine_grained_average": 0.10952158814918422,
        "coarse_grained_average": 0.10952158814918422
      },
      "ROUGE-2": {
        "max": 0.039814818810612926,
        "median": 0.039814818810612926,
        "fine_grained_average": 0.039814818810612926,
        "coarse_grained_average": 0.039814818810612926
      },
      "ROUGE-L": {
        "max": 0.08353753356298049,
        "median": 0.08353753356298049,
        "fine_grained_average": 0.08353753356298049,
        "coarse_grained_average": 0.08353753356298049
      },
      "ACC-prefix": {
        "max": 0.032432432432432434,
        "median": 0.032432432432432434,
        "fine_grained_average": 0.032432432432432434,
        "coarse_grained_average": 0.032432432432432434
      },
      "ACC-in": {
        "max": 0.05405405405405406,
        "median": 0.05405405405405406,
        "fine_grained_average": 0.05405405405405406,
        "coarse_grained_average": 0.05405405405405406
      },
      "length": {
        "max": 185,
        "median": 185.0,
        "fine_grained_average": 185.0,
        "coarse_grained_average": 185.0
      }
    }
  },
  "results": {
    "K12_QA": {
      "K12_QA.jsonl": {
        "BLEU": 0.022895289682798872,
        "F1": 0.11124890168906562,
        "ROUGE-1": 0.10952158814918422,
        "ROUGE-2": 0.039814818810612926,
        "ROUGE-L": 0.08353753356298049,
        "ACC-prefix": 0.032432432432432434,
        "ACC-in": 0.05405405405405406,
        "length": 185
      }
    }
  }
}