{
  "calculate": {
    "groups": {
      "factual-qa_QA": {
        "BLEU": {
          "max": 0.011433805350377923,
          "median": 0.011433805350377923,
          "fine_grained_average": 0.011433805350377923,
          "coarse_grained_average": 0.011433805350377923
        },
        "F1": {
          "max": 0.08148119816174841,
          "median": 0.08148119816174841,
          "fine_grained_average": 0.08148119816174841,
          "coarse_grained_average": 0.08148119816174841
        },
        "ROUGE-1": {
          "max": 0.0807563331389974,
          "median": 0.0807563331389974,
          "fine_grained_average": 0.0807563331389974,
          "coarse_grained_average": 0.0807563331389974
        },
        "ROUGE-2": {
          "max": 0.011099136833060979,
          "median": 0.011099136833060979,
          "fine_grained_average": 0.011099136833060979,
          "coarse_grained_average": 0.011099136833060979
        },
        "ROUGE-L": {
          "max": 0.06619008118731563,
          "median": 0.06619008118731563,
          "fine_grained_average": 0.06619008118731563,
          "coarse_grained_average": 0.06619008118731563
        },
        "ACC-prefix": {
          "max": 0.0,
          "median": 0.0,
          "fine_grained_average": 0.0,
          "coarse_grained_average": 0.0
        },
        "ACC-in": {
          "max": 0.012903225806451613,
          "median": 0.012903225806451613,
          "fine_grained_average": 0.012903225806451613,
          "coarse_grained_average": 0.012903225806451613
        },
        "length": {
          "max": 155,
          "median": 155.0,
          "fine_grained_average": 155.0,
          "coarse_grained_average": 155.0
        }
      },
      "inference_QA": {
        "BLEU": {
          "max": 0.028277342659558984,
          "median": 0.028277342659558984,
          "fine_grained_average": 0.028277342659558984,
          "coarse_grained_average": 0.028277342659558984
        },
        "F1": {
          "max": 0.13349358974358974,
          "median": 0.13349358974358974,
          "fine_grained_average": 0.13349358974358974,
          "coarse_grained_average": 0.13349358974358974
        },
        "ROUGE-1": {
          "max": 0.1805294476360755,
          "median": 0.1805294476360755,
          "fine_grained_average": 0.1805294476360755,
          "coarse_grained_average": 0.1805294476360755
        },
        "ROUGE-2": {
          "max": 0.0,
          "median": 0.0,
          "fine_grained_average": 0.0,
          "coarse_grained_average": 0.0
        },
        "ROUGE-L": {
          "max": 0.18013181895282873,
          "median": 0.18013181895282873,
          "fine_grained_average": 0.18013181895282873,
          "coarse_grained_average": 0.18013181895282873
        },
        "ACC-prefix": {
          "max": 0.05357142857142857,
          "median": 0.05357142857142857,
          "fine_grained_average": 0.05357142857142857,
          "coarse_grained_average": 0.05357142857142857
        },
        "ACC-in": {
          "max": 0.21428571428571427,
          "median": 0.21428571428571427,
          "fine_grained_average": 0.21428571428571427,
          "coarse_grained_average": 0.21428571428571427
        },
        "length": {
          "max": 112,
          "median": 112.0,
          "fine_grained_average": 112.0,
          "coarse_grained_average": 112.0
        }
      },
      "math_QA": {
        "BLEU": {
          "max": 0.004286542154826365,
          "median": 0.004286542154826365,
          "fine_grained_average": 0.004286542154826365,
          "coarse_grained_average": 0.004286542154826365
        },
        "F1": {
          "max": 0.05324891127483351,
          "median": 0.05324891127483351,
          "fine_grained_average": 0.05324891127483351,
          "coarse_grained_average": 0.05324891127483351
        },
        "ROUGE-1": {
          "max": 0.028820802171592205,
          "median": 0.028820802171592205,
          "fine_grained_average": 0.028820802171592205,
          "coarse_grained_average": 0.028820802171592205
        },
        "ROUGE-2": {
          "max": 0.0032284099388908117,
          "median": 0.0032284099388908117,
          "fine_grained_average": 0.0032284099388908117,
          "coarse_grained_average": 0.0032284099388908117
        },
        "ROUGE-L": {
          "max": 0.014420374549007088,
          "median": 0.014420374549007088,
          "fine_grained_average": 0.014420374549007088,
          "coarse_grained_average": 0.014420374549007088
        },
        "ACC-prefix": {
          "max": 0.01694915254237288,
          "median": 0.01694915254237288,
          "fine_grained_average": 0.01694915254237288,
          "coarse_grained_average": 0.01694915254237288
        },
        "ACC-in": {
          "max": 0.05084745762711865,
          "median": 0.05084745762711865,
          "fine_grained_average": 0.05084745762711865,
          "coarse_grained_average": 0.05084745762711865
        },
        "length": {
          "max": 59,
          "median": 59.0,
          "fine_grained_average": 59.0,
          "coarse_grained_average": 59.0
        }
      },
      "reading-comprehension_QA": {
        "BLEU": {
          "max": 0.11802891441903732,
          "median": 0.11802891441903732,
          "fine_grained_average": 0.11802891441903732,
          "coarse_grained_average": 0.11802891441903732
        },
        "F1": {
          "max": 0.42609670151159446,
          "median": 0.42609670151159446,
          "fine_grained_average": 0.42609670151159446,
          "coarse_grained_average": 0.42609670151159446
        },
        "ROUGE-1": {
          "max": 0.43255401188492054,
          "median": 0.43255401188492054,
          "fine_grained_average": 0.43255401188492054,
          "coarse_grained_average": 0.43255401188492054
        },
        "ROUGE-2": {
          "max": 0.18313412067930282,
          "median": 0.18313412067930282,
          "fine_grained_average": 0.18313412067930282,
          "coarse_grained_average": 0.18313412067930282
        },
        "ROUGE-L": {
          "max": 0.35343939985101624,
          "median": 0.35343939985101624,
          "fine_grained_average": 0.35343939985101624,
          "coarse_grained_average": 0.35343939985101624
        },
        "ACC-prefix": {
          "max": 0.52,
          "median": 0.52,
          "fine_grained_average": 0.52,
          "coarse_grained_average": 0.52
        },
        "ACC-in": {
          "max": 0.7066666666666667,
          "median": 0.7066666666666667,
          "fine_grained_average": 0.7066666666666667,
          "coarse_grained_average": 0.7066666666666667
        },
        "length": {
          "max": 150,
          "median": 150.0,
          "fine_grained_average": 150.0,
          "coarse_grained_average": 150.0
        }
      },
      "real-world_QA": {
        "BLEU": {
          "max": 0.0013043615203186688,
          "median": 0.0013043615203186688,
          "fine_grained_average": 0.0013043615203186688,
          "coarse_grained_average": 0.0013043615203186688
        },
        "F1": {
          "max": 0.008110300081103002,
          "median": 0.008110300081103002,
          "fine_grained_average": 0.008110300081103002,
          "coarse_grained_average": 0.008110300081103002
        },
        "ROUGE-1": {
          "max": 0.008158007684060314,
          "median": 0.008158007684060314,
          "fine_grained_average": 0.008158007684060314,
          "coarse_grained_average": 0.008158007684060314
        },
        "ROUGE-2": {
          "max": 0.0,
          "median": 0.0,
          "fine_grained_average": 0.0,
          "coarse_grained_average": 0.0
        },
        "ROUGE-L": {
          "max": 0.007401357728811182,
          "median": 0.007401357728811182,
          "fine_grained_average": 0.007401357728811182,
          "coarse_grained_average": 0.007401357728811182
        },
        "ACC-prefix": {
          "max": 0.0072992700729927005,