{
  "calculate": {
    "groups": {
      "K12_MUL": {
        "BLEU": {
          "max": 0.031923229302792434,
          "median": 0.031923229302792434,
          "fine_grained_average": 0.031923229302792434,
          "coarse_grained_average": 0.031923229302792434
        },
        "F1": {
          "max": 0.16711736727457524,
          "median": 0.16711736727457524,
          "fine_grained_average": 0.16711736727457524,
          "coarse_grained_average": 0.16711736727457524
        },
        "ROUGE-1": {
          "max": 0.0,
          "median": 0.0,
          "fine_grained_average": 0.0,
          "coarse_grained_average": 0.0
        },
        "ROUGE-2": {
          "max": 0.0,
          "median": 0.0,
          "fine_grained_average": 0.0,
          "coarse_grained_average": 0.0
        },
        "ROUGE-L": {
          "max": 0.0,
          "median": 0.0,
          "fine_grained_average": 0.0,
          "coarse_grained_average": 0.0
        },
        "ACC": {
          "max": 0.30697674418604654,
          "median": 0.30697674418604654,
          "fine_grained_average": 0.30697674418604654,
          "coarse_grained_average": 0.30697674418604654
        },
        "length": {
          "max": 645,
          "median": 645.0,
          "fine_grained_average": 645.0,
          "coarse_grained_average": 645.0
        }
      },
      "chinese-gov-test_MUL": {
        "BLEU": {
          "max": 0.022944922141166765,
          "median": 0.022944922141166765,
          "fine_grained_average": 0.022944922141166765,
          "coarse_grained_average": 0.022944922141166765
        },
        "F1": {
          "max": 0.12957831593393557,
          "median": 0.12957831593393557,
          "fine_grained_average": 0.12957831593393557,
          "coarse_grained_average": 0.12957831593393557
        },
        "ROUGE-1": {
          "max": 0.0,
          "median": 0.0,
          "fine_grained_average": 0.0,
          "coarse_grained_average": 0.0
        },
        "ROUGE-2": {
          "max": 0.0,
          "median": 0.0,
          "fine_grained_average": 0.0,
          "coarse_grained_average": 0.0
        },
        "ROUGE-L": {
          "max": 0.0,
          "median": 0.0,
          "fine_grained_average": 0.0,
          "coarse_grained_average": 0.0
        },
        "ACC": {
          "max": 0.26143790849673204,
          "median": 0.26143790849673204,
          "fine_grained_average": 0.26143790849673204,
          "coarse_grained_average": 0.26143790849673204
        },
        "length": {
          "max": 153,
          "median": 153.0,
          "fine_grained_average": 153.0,
          "coarse_grained_average": 153.0
        }
      }
    },
    "overall": {
      "BLEU": {
        "max": 0.031923229302792434,
        "median": 0.0274340757219796,
        "fine_grained_average": 0.030201824546240142,
        "coarse_grained_average": 0.0274340757219796
      },
      "F1": {
        "max": 0.16711736727457524,
        "median": 0.1483478416042554,
        "fine_grained_average": 0.15992003036339997,
        "coarse_grained_average": 0.1483478416042554
      },
      "ROUGE-1": {
        "max": 0.0,
        "median": 0.0,
        "fine_grained_average": 0.0,
        "coarse_grained_average": 0.0
      },
      "ROUGE-2": {
        "max": 0.0,
        "median": 0.0,
        "fine_grained_average": 0.0,
        "coarse_grained_average": 0.0
      },
      "ROUGE-L": {
        "max": 0.0,
        "median": 0.0,
        "fine_grained_average": 0.0,
        "coarse_grained_average": 0.0
      },
      "ACC": {
        "max": 0.30697674418604654,
        "median": 0.2842073263413893,
        "fine_grained_average": 0.29824561403508776,
        "coarse_grained_average": 0.2842073263413893
      },
      "length": {
        "max": 645,
        "median": 399.0,
        "fine_grained_average": 550.6691729323309,
        "coarse_grained_average": 399.0
      }
    }
  },
  "results": {
    "K12_MUL": {
      "K12_MUL.jsonl": {
        "BLEU": 0.031923229302792434,
        "F1": 0.16711736727457524,
        "ROUGE-1": 0.0,
        "ROUGE-2": 0.0,
        "ROUGE-L": 0.0,
        "ACC": 0.30697674418604654,
        "length": 645
      }
    },
    "chinese-gov-test_MUL": {
      "chinese-gov-test_MUL.jsonl": {
        "BLEU": 0.022944922141166765,
        "F1": 0.12957831593393557,
        "ROUGE-1": 0.0,
        "ROUGE-2": 0.0,
        "ROUGE-L": 0.0,
        "ACC": 0.26143790849673204,
        "length": 153
      }
    }
  }
}