{
  "BLEU": 0.01404785183363313,
  "F1": 0.10265144277064174,
  "ROUGE-1": 0.10515817115247635,
  "ROUGE-2": 0.02055803662902164,
  "ROUGE-L": 0.08424612191012537,
  "ACC-prefix": 0.0,
  "ACC-in": 0.0,
  "length": 155
}