{
  "BLEU": 0.016354119041894637,
  "F1": 0.048524356998933274,
  "ROUGE-1": 0.03907721248280237,
  "ROUGE-2": 0.011299434943502827,
  "ROUGE-L": 0.034389584560362445,
  "ACC-prefix": 0.01694915254237288,
  "ACC-in": 0.01694915254237288,
  "length": 59
}