{
  "BLEU": 0.11147642175596933,
  "F1": 0.3683846603361756,
  "ROUGE-1": 0.36925707396585067,
  "ROUGE-2": 0.1596723193624837,
  "ROUGE-L": 0.34325256645018065,
  "ACC-prefix": 0.35333333333333333,
  "ACC-in": 0.5933333333333334,
  "length": 150
}