{
  "BLEU": 0.029010468680697947,
  "F1": 0.1345734126984127,
  "ROUGE-1": 0.14212240982596702,
  "ROUGE-2": 0.0,
  "ROUGE-L": 0.1415993956761074,
  "ACC-prefix": 0.19642857142857142,
  "ACC-in": 0.25,
  "length": 112
}