{
  "BLEU": 0.0033384460901095202,
  "F1": 0.02309203142536476,
  "ROUGE-1": 0.02363315681554658,
  "ROUGE-2": 0.0,
  "ROUGE-L": 0.022390572249429478,
  "ACC": 0.015151515151515152,
  "length": 66
}