{
  "BLEU": 0.12477893562741658,
  "F1": 0.5610087719298246,
  "ROUGE-1": 0.5610087688524633,
  "ROUGE-2": 0.13508771859941518,
  "ROUGE-L": 0.5610087688524633,
  "ACC-prefix": 0.47368421052631576,
  "ACC-in": 0.5421052631578948,
  "length": 190
}