{
  "BLEU": 0.10609081613541473,
  "F1": 0.1802530993280085,
  "ROUGE-1": 0.1802530981703848,
  "ROUGE-2": 0.13667347119314402,
  "ROUGE-L": 0.16978936799851174,
  "ACC-prefix": 0.0,
  "ACC-in": 0.0,
  "length": 83
}