{
  "BLEU": 0.024943247974518336,
  "F1": 0.13015873015873017,
  "ROUGE-1": 0.13015872853741503,
  "ROUGE-2": 0.06944444388888889,
  "ROUGE-L": 0.08077601248803233,
  "ACC-prefix": 0.0,
  "ACC-in": 0.0,
  "length": 9
}