{
  "BLEU": 0.0003633378297246531,
  "F1": 0.004329004329004329,
  "ROUGE-1": 0.00505050500841751,
  "ROUGE-2": 0.0,
  "ROUGE-L": 0.00505050500841751,
  "ACC": 0.0,
  "length": 66
}