{
  "BLEU": 0.0023903154894087705,
  "F1": 0.021720647773279353,
  "ROUGE-1": 0.021720647536084572,
  "ROUGE-2": 0.0,
  "ROUGE-L": 0.021720647536084572,
  "ACC-prefix": 0.005263157894736842,
  "ACC-in": 0.042105263157894736,
  "length": 190
}