{
  "BLEU": 0.021363045157373823,
  "F1": 0.158160552897395,
  "ROUGE-1": 0.1581605514700272,
  "ROUGE-2": 0.07142857038503404,
  "ROUGE-L": 0.08997873328820902,
  "ACC-prefix": 0.0,
  "ACC-in": 0.0,
  "length": 9
}