{
  "BLEU": 0.009684920152442463,
  "F1": 0.046924540266328474,
  "ROUGE-1": 0.04692454002553149,
  "ROUGE-2": 0.004016064196973078,
  "ROUGE-L": 0.04438807838951374,
  "ACC-prefix": 0.03614457831325301,
  "ACC-in": 0.03614457831325301,
  "length": 83
}