{
  "calculate": {
    "groups": {
      "commonsense-qa_MUL": {
        "BLEU": {
          "max": 0.02636223622111085,
          "median": 0.02636223622111085,
          "fine_grained_average": 0.02636223622111085,
          "coarse_grained_average": 0.02636223622111085
        },
        "F1": {
          "max": 0.14544629842257845,
          "median": 0.14544629842257845,
          "fine_grained_average": 0.14544629842257845,
          "coarse_grained_average": 0.14544629842257845
        },
        "ROUGE-1": {
          "max": 0.0,
          "median": 0.0,
          "fine_grained_average": 0.0,
          "coarse_grained_average": 0.0
        },
        "ROUGE-2": {
          "max": 0.0,
          "median": 0.0,
          "fine_grained_average": 0.0,
          "coarse_grained_average": 0.0
        },
        "ROUGE-L": {
          "max": 0.0,
          "median": 0.0,
          "fine_grained_average": 0.0,
          "coarse_grained_average": 0.0
        },
        "ACC": {
          "max": 0.3660130718954248,
          "median": 0.3660130718954248,
          "fine_grained_average": 0.3660130718954248,
          "coarse_grained_average": 0.3660130718954248
        },
        "length": {
          "max": 153,
          "median": 153.0,
          "fine_grained_average": 153.0,
          "coarse_grained_average": 153.0
        }
      },
      "logic_MUL": {
        "BLEU": {
          "max": 0.006171850028229215,
          "median": 0.006171850028229215,
          "fine_grained_average": 0.006171850028229215,
          "coarse_grained_average": 0.006171850028229215
        },
        "F1": {
          "max": 0.03495369577686651,
          "median": 0.03495369577686651,
          "fine_grained_average": 0.03495369577686651,
          "coarse_grained_average": 0.03495369577686651
        },
        "ROUGE-1": {
          "max": 0.0,
          "median": 0.0,
          "fine_grained_average": 0.0,
          "coarse_grained_average": 0.0
        },
        "ROUGE-2": {
          "max": 0.0,
          "median": 0.0,
          "fine_grained_average": 0.0,
          "coarse_grained_average": 0.0
        },
        "ROUGE-L": {
          "max": 0.0,
          "median": 0.0,
          "fine_grained_average": 0.0,
          "coarse_grained_average": 0.0
        },
        "ACC": {
          "max": 0.1721698113207547,
          "median": 0.1721698113207547,
          "fine_grained_average": 0.1721698113207547,
          "coarse_grained_average": 0.1721698113207547
        },
        "length": {
          "max": 424,
          "median": 424.0,
          "fine_grained_average": 424.0,
          "coarse_grained_average": 424.0
        }
      },
      "math_MUL": {
        "BLEU": {
          "max": 0.017052110302272563,
          "median": 0.017052110302272563,
          "fine_grained_average": 0.017052110302272563,
          "coarse_grained_average": 0.017052110302272563
        },
        "F1": {
          "max": 0.08800357374918778,
          "median": 0.08800357374918778,
          "fine_grained_average": 0.08800357374918778,
          "coarse_grained_average": 0.08800357374918778
        },
        "ROUGE-1": {
          "max": 0.0,
          "median": 0.0,
          "fine_grained_average": 0.0,
          "coarse_grained_average": 0.0
        },
        "ROUGE-2": {
          "max": 0.0,
          "median": 0.0,
          "fine_grained_average": 0.0,
          "coarse_grained_average": 0.0
        },
        "ROUGE-L": {
          "max": 0.0,
          "median": 0.0,
          "fine_grained_average": 0.0,
          "coarse_grained_average": 0.0
        },
        "ACC": {
          "max": 0.18421052631578946,
          "median": 0.18421052631578946,
          "fine_grained_average": 0.18421052631578946,
          "coarse_grained_average": 0.18421052631578946
        },
        "length": {
          "max": 114,
          "median": 114.0,
          "fine_grained_average": 114.0,
          "coarse_grained_average": 114.0
        }
      },
      "reading-comprehension_MUL": {
        "BLEU": {
          "max": 0.009493220573999744,
          "median": 0.009493220573999744,
          "fine_grained_average": 0.009493220573999744,
          "coarse_grained_average": 0.009493220573999744
        },
        "F1": {
          "max": 0.05012841725266047,
          "median": 0.05012841725266047,
          "fine_grained_average": 0.05012841725266047,
          "coarse_grained_average": 0.05012841725266047
        },
        "ROUGE-1": {
          "max": 0.0,
          "median": 0.0,
          "fine_grained_average": 0.0,
          "coarse_grained_average": 0.0
        },
        "ROUGE-2": {
          "max": 0.0,
          "median": 0.0,
          "fine_grained_average": 0.0,
          "coarse_grained_average": 0.0
        },
        "ROUGE-L": {
          "max": 0.0,
          "median": 0.0,
          "fine_grained_average": 0.0,
          "coarse_grained_average": 0.0
        },
        "ACC": {
          "max": 0.3893129770992366,
          "median": 0.3893129770992366,
          "fine_grained_average": 0.3893129770992366,
          "coarse_grained_average": 0.3893129770992366
        },
        "length": {
          "max": 131,
          "median": 131.0,
          "fine_grained_average": 131.0,
          "coarse_grained_average": 131.0
        }
      },
      "real-world_MUL": {
        "BLEU": {
          "max": 0.026464028625368386,
          "median": 0.026464028625368386,
          "fine_grained_average": 0.026464028625368386,
          "coarse_grained_average": 0.026464028625368386
        },
        "F1": {
          "max": 0.146,
          "median": 0.146,
          "fine_grained_average": 0.146,
          "coarse_grained_average": 0.146
        },
        "ROUGE-1": {
          "max": 0.0,
          "median": 0.0,
          "fine_grained_average": 0.0,
          "coarse_grained_average": 0.0
        },
        "ROUGE-2": {
          "max": 0.0,
          "median": 0.0,
          "fine_grained_average": 0.0,
          "coarse_grained_average": 0.0
        },
        "ROUGE-L": {
          "max": 0.0,
          "median": 0.0,
          "fine_grained_average": 0.0,
          "coarse_grained_average": 0.0
        },
        "ACC": {
          "max": 0.288,
          "median": 0.288,
          "fine_grained_average": 0.288,
          "coarse_grained_average": 0.288
        },
        "length": {
          "max": 125,
          "median": 125.0,
          "fine_grained_average": 125.0,
          "coarse_grained_average": 125.0
        }
      },
      "science-qa_MUL": {
        "BLEU": {
          "max": 0.020780082396045955,
          "median": 0.020780082396045955,
          "fine_grained_average": 0.020780082396045955,
          "coarse_grained_average": 0.020780082396045955
        },
        "F1": {
          "max": 0.11004890909197129,
          "median": 0.11004890909197129,
          "fine_grained_average": 0.11004890909197129,
          "coarse_grained_average": 0.11004890909197129
        },
        "ROUGE-1": {
          "max": 0.0,
          "median": 0.0,
          "fine_grained_average": 0.0,
          "coarse_grained_average": 0.0
        },
        "ROUGE-2": {
          "max": 0.0,
          "median": 0.0,
          "fine_grained_average": 0.0,
          "coarse_grained_average": 0.0
        },
        "ROUGE-L": {
          "max": 0.0,
          "median": 0.0,
          "fine_grained_average": 0.0,
          "coarse_grained_average": 0.0
        },
        "ACC": {
          "max": 0.34710743801652894,
          "median": 0.34710743801652894,
          "fine_grained_average": 0.34710743801652894,
          "coarse_grained_average": 0.34710743801652894
        },
        "length": {
          "max": 121,
          "median": 121.0,
          "fine_grained_average": 121.0,
          "coarse_grained_average": 121.0
        }
      },
      "sentimental-analysis_MUL": {
        "BLEU": {
          "max": 0.06239380623865369,