{
  "BLEU": 0.23595053203638736,
  "F1": 0.5927537040774353,
  "ROUGE-1": 0.5930711607076,
  "ROUGE-2": 0.3404120215087795,
  "ROUGE-L": 0.5892901009525277,
  "ACC-prefix": 0.58,
  "ACC-in": 0.8266666666666667,
  "length": 150
}