{
  "BLEU": 0.009170875133785669,
  "F1": 0.05039972193256865,
  "ROUGE-1": 0.05109489016220601,
  "ROUGE-2": 0.0,
  "ROUGE-L": 0.04914841816090836,
  "ACC-prefix": 0.0364963503649635,
  "ACC-in": 0.0364963503649635,
  "length": 137
}