{
  "BLEU": 0.034060679891738575,
  "F1": 0.18596938775510205,
  "ROUGE-1": 0.1859693866094874,
  "ROUGE-2": 0.0,
  "ROUGE-L": 0.1859693866094874,
  "ACC-prefix": 0.25892857142857145,
  "ACC-in": 0.30357142857142855,
  "length": 112
}