{
  "BLEU": 0.023858620148841908,
  "F1": 0.1428469741565507,
  "ROUGE-1": 0.14225623171295118,
  "ROUGE-2": 0.030934937152473647,
  "ROUGE-L": 0.12899779368836434,
  "ACC-prefix": 0.0,
  "ACC-in": 0.0064516129032258064,
  "length": 155
}