{
  "BLEU": 0.011836015210101433,
  "F1": 0.05069871896366098,
  "ROUGE-1": 0.030008250859225826,
  "ROUGE-2": 0.003988035814908218,
  "ROUGE-L": 0.029076850864830486,
  "ACC-prefix": 0.0,
  "ACC-in": 0.0,
  "length": 59
}