{
  "BLEU": 0.019209007528812112,
  "F1": 0.09770598327492787,
  "ROUGE-1": 0.0,
  "ROUGE-2": 0.0,
  "ROUGE-L": 0.0,
  "ACC": 0.18449612403100776,
  "length": 645
}