{
  "BLEU": 0.02353632459991476,
  "F1": 0.11590179303436896,
  "ROUGE-1": 0.0,
  "ROUGE-2": 0.0,
  "ROUGE-L": 0.0,
  "ACC": 0.20915032679738563,
  "length": 153
}