{
  "BLEU": 0.0026290178012719576,
  "F1": 0.013468013468013467,
  "ROUGE-1": 0.018939393830492424,
  "ROUGE-2": 0.0,
  "ROUGE-L": 0.018939393830492424,
  "ACC": 0.06060606060606061,
  "length": 66
}