{
  "BLEU": 0.006548972764472501,
  "F1": 0.02798053527980535,
  "ROUGE-1": 0.027980535081103,
  "ROUGE-2": 0.0,
  "ROUGE-L": 0.027980535081103,
  "ACC-prefix": 0.0364963503649635,
  "ACC-in": 0.0364963503649635,
  "length": 137
}