{
  "BLEU": 0.018433632173147082,
  "F1": 0.06407048695184289,
  "ROUGE-1": 0.04721549594603944,
  "ROUGE-2": 0.006779660935593222,
  "ROUGE-L": 0.04758395578407731,
  "ACC-prefix": 0.01694915254237288,
  "ACC-in": 0.01694915254237288,
  "length": 59
}