{
  "BLEU": 0.02161587965397857,
  "F1": 0.1263197941180124,
  "ROUGE-1": 0.1268910883697784,
  "ROUGE-2": 0.022261665346604776,
  "ROUGE-L": 0.11614968903803335,
  "ACC-prefix": 0.0064516129032258064,
  "ACC-in": 0.012903225806451613,
  "length": 155
}