{
  "BLEU": 0.2953575816861036,
  "F1": 0.736216803123077,
  "ROUGE-1": 0.736216798912594,
  "ROUGE-2": 0.40409126740159745,
  "ROUGE-L": 0.7325559169699055,
  "ACC-prefix": 0.7866666666666666,
  "ACC-in": 0.86,
  "length": 150
}