{
  "BLEU": 0.05625614625265739,
  "F1": 0.2619047619047619,
  "ROUGE-1": 0.2619047602480159,
  "ROUGE-2": 0.0,
  "ROUGE-L": 0.2619047602480159,
  "ACC-prefix": 0.36607142857142855,
  "ACC-in": 0.36607142857142855,
  "length": 112
}