{
  "BLEU": 0.024867376109430964,
  "F1": 0.11941667949179476,
  "ROUGE-1": 0.0,
  "ROUGE-2": 0.0,
  "ROUGE-L": 0.0,
  "ACC": 0.3111111111111111,
  "length": 135
}