{
  "BLEU": 0.017648913013351124,
  "F1": 0.09212749982936318,
  "ROUGE-1": 0.0,
  "ROUGE-2": 0.0,
  "ROUGE-L": 0.0,
  "ACC": 0.34782608695652173,
  "length": 115
}