{
  "BLEU": 0.04587157747955932,
  "F1": 0.2378169650936555,
  "ROUGE-1": 0.0,
  "ROUGE-2": 0.0,
  "ROUGE-L": 0.0,
  "ACC": 0.4793388429752066,
  "length": 121
}