{
  "BLEU": 0.010459454904436314,
  "F1": 0.06874423409961579,
  "ROUGE-1": 0.0,
  "ROUGE-2": 0.0,
  "ROUGE-L": 0.0,
  "ACC": 0.43478260869565216,
  "length": 115
}