{
  "BLEU": 0.027192682866137168,
  "F1": 0.14004048083880014,
  "ROUGE-1": 0.0,
  "ROUGE-2": 0.0,
  "ROUGE-L": 0.0,
  "ACC": 0.24761904761904763,
  "length": 420
}