{
  "BLEU": 0.027468439430635306,
  "F1": 0.14486522957321712,
  "ROUGE-1": 0.0,
  "ROUGE-2": 0.0,
  "ROUGE-L": 0.0,
  "ACC": 0.38926174496644295,
  "length": 149
}