{
  "calculate": {
    "groups": {
      "math_MATH": {
        "BLEU": {
          "max": 0.00268653134033697,
          "median": 0.00268653134033697,
          "fine_grained_average": 0.00268653134033697,
          "coarse_grained_average": 0.00268653134033697
        },
        "F1": {
          "max": 0.013468013468013467,
          "median": 0.013468013468013467,
          "fine_grained_average": 0.013468013468013467,
          "coarse_grained_average": 0.013468013468013467
        },
        "ROUGE-1": {
          "max": 0.013468013370744483,
          "median": 0.013468013370744483,
          "fine_grained_average": 0.013468013370744483,
          "coarse_grained_average": 0.013468013370744483
        },
        "ROUGE-2": {
          "max": 0.0,
          "median": 0.0,
          "fine_grained_average": 0.0,
          "coarse_grained_average": 0.0
        },
        "ROUGE-L": {
          "max": 0.013468013370744483,
          "median": 0.013468013370744483,
          "fine_grained_average": 0.013468013370744483,
          "coarse_grained_average": 0.013468013370744483
        },
        "ACC": {
          "max": 0.015151515151515152,
          "median": 0.015151515151515152,
          "fine_grained_average": 0.015151515151515152,
          "coarse_grained_average": 0.015151515151515152
        },
        "length": {
          "max": 66,
          "median": 66.0,
          "fine_grained_average": 66.0,
          "coarse_grained_average": 66.0
        }
      }
    },
    "overall": {
      "BLEU": {
        "max": 0.00268653134033697,
        "median": 0.00268653134033697,
        "fine_grained_average": 0.00268653134033697,
        "coarse_grained_average": 0.00268653134033697
      },
      "F1": {
        "max": 0.013468013468013467,
        "median": 0.013468013468013467,
        "fine_grained_average": 0.013468013468013467,
        "coarse_grained_average": 0.013468013468013467
      },
      "ROUGE-1": {
        "max": 0.013468013370744483,
        "median": 0.013468013370744483,
        "fine_grained_average": 0.013468013370744483,
        "coarse_grained_average": 0.013468013370744483
      },
      "ROUGE-2": {
        "max": 0.0,
        "median": 0.0,
        "fine_grained_average": 0.0,
        "coarse_grained_average": 0.0
      },
      "ROUGE-L": {
        "max": 0.013468013370744483,
        "median": 0.013468013370744483,
        "fine_grained_average": 0.013468013370744483,
        "coarse_grained_average": 0.013468013370744483
      },
      "ACC": {
        "max": 0.015151515151515152,
        "median": 0.015151515151515152,
        "fine_grained_average": 0.015151515151515152,
        "coarse_grained_average": 0.015151515151515152
      },
      "length": {
        "max": 66,
        "median": 66.0,
        "fine_grained_average": 66.0,
        "coarse_grained_average": 66.0
      }
    }
  },
  "results": {
    "math_MATH": {
      "math_MATH.jsonl": {
        "BLEU": 0.00268653134033697,
        "F1": 0.013468013468013467,
        "ROUGE-1": 0.013468013370744483,
        "ROUGE-2": 0.0,
        "ROUGE-L": 0.013468013370744483,
        "ACC": 0.015151515151515152,
        "length": 66
      }
    }
  }
}