{
  "BLEU": 0.044517583364307736,
  "F1": 0.2505446623093682,
  "ROUGE-1": 0.0,
  "ROUGE-2": 0.0,
  "ROUGE-L": 0.0,
  "ACC": 0.3137254901960784,
  "length": 153
}