{
  "BLEU": 0.032390510109306825,
  "F1": 0.18227762803234498,
  "ROUGE-1": 0.0,
  "ROUGE-2": 0.0,
  "ROUGE-L": 0.0,
  "ACC": 0.18396226415094338,
  "length": 424
}