{
  "BLEU": 0.10762202084570682,
  "F1": 0.6056670602125147,
  "ROUGE-1": 0.0,
  "ROUGE-2": 0.0,
  "ROUGE-L": 0.0,
  "ACC": 0.628099173553719,
  "length": 121
}