{
  "BLEU": 0.0711086988454383,
  "F1": 0.39669211195928755,
  "ROUGE-1": 0.0,
  "ROUGE-2": 0.0,
  "ROUGE-L": 0.0,
  "ACC": 0.6106870229007634,
  "length": 131
}