{
  "BLEU": 0.03094969962452698,
  "F1": 0.17251461988304093,
  "ROUGE-1": 0.0,
  "ROUGE-2": 0.0,
  "ROUGE-L": 0.0,
  "ACC": 0.19298245614035087,
  "length": 114
}