{
  "calculate": {
    "groups": {
      "K12_MUL": {
        "BLEU": {
          "max": 0.011416371797268713,
          "median": 0.011416371797268713,
          "fine_grained_average": 0.011416371797268713,
          "coarse_grained_average": 0.011416371797268713
        },
        "F1": {
          "max": 0.06578664197859244,
          "median": 0.06578664197859244,
          "fine_grained_average": 0.06578664197859244,
          "coarse_grained_average": 0.06578664197859244
        },
        "ROUGE-1": {
          "max": 0.0,
          "median": 0.0,
          "fine_grained_average": 0.0,
          "coarse_grained_average": 0.0
        },
        "ROUGE-2": {
          "max": 0.0,
          "median": 0.0,
          "fine_grained_average": 0.0,
          "coarse_grained_average": 0.0
        },
        "ROUGE-L": {
          "max": 0.0,
          "median": 0.0,
          "fine_grained_average": 0.0,
          "coarse_grained_average": 0.0
        },
        "ACC": {
          "max": 0.13333333333333333,
          "median": 0.13333333333333333,
          "fine_grained_average": 0.13333333333333333,
          "coarse_grained_average": 0.13333333333333333
        },
        "length": {
          "max": 645,
          "median": 645.0,
          "fine_grained_average": 645.0,
          "coarse_grained_average": 645.0
        }
      },
      "chinese-gov-test_MUL": {
        "BLEU": {
          "max": 0.011900927091319699,
          "median": 0.011900927091319699,
          "fine_grained_average": 0.011900927091319699,
          "coarse_grained_average": 0.011900927091319699
        },
        "F1": {
          "max": 0.0672476397966594,
          "median": 0.0672476397966594,
          "fine_grained_average": 0.0672476397966594,
          "coarse_grained_average": 0.0672476397966594
        },
        "ROUGE-1": {
          "max": 0.0,
          "median": 0.0,
          "fine_grained_average": 0.0,
          "coarse_grained_average": 0.0
        },
        "ROUGE-2": {
          "max": 0.0,
          "median": 0.0,
          "fine_grained_average": 0.0,
          "coarse_grained_average": 0.0
        },
        "ROUGE-L": {
          "max": 0.0,
          "median": 0.0,
          "fine_grained_average": 0.0,
          "coarse_grained_average": 0.0
        },
        "ACC": {
          "max": 0.1503267973856209,
          "median": 0.1503267973856209,
          "fine_grained_average": 0.1503267973856209,
          "coarse_grained_average": 0.1503267973856209
        },
        "length": {
          "max": 153,
          "median": 153.0,
          "fine_grained_average": 153.0,
          "coarse_grained_average": 153.0
        }
      }
    },
    "overall": {
      "BLEU": {
        "max": 0.011900927091319699,
        "median": 0.011658649444294206,
        "fine_grained_average": 0.011509275255902549,
        "coarse_grained_average": 0.011658649444294206
      },
      "F1": {
        "max": 0.0672476397966594,
        "median": 0.06651714088762592,
        "fine_grained_average": 0.06606675810160528,
        "coarse_grained_average": 0.06651714088762592
      },
      "ROUGE-1": {
        "max": 0.0,
        "median": 0.0,
        "fine_grained_average": 0.0,
        "coarse_grained_average": 0.0
      },
      "ROUGE-2": {
        "max": 0.0,
        "median": 0.0,
        "fine_grained_average": 0.0,
        "coarse_grained_average": 0.0
      },
      "ROUGE-L": {
        "max": 0.0,
        "median": 0.0,
        "fine_grained_average": 0.0,
        "coarse_grained_average": 0.0
      },
      "ACC": {
        "max": 0.1503267973856209,
        "median": 0.14183006535947712,
        "fine_grained_average": 0.13659147869674185,
        "coarse_grained_average": 0.14183006535947712
      },
      "length": {
        "max": 645,
        "median": 399.0,
        "fine_grained_average": 550.6691729323309,
        "coarse_grained_average": 399.0
      }
    }
  },
  "results": {
    "K12_MUL": {
      "K12_MUL.jsonl": {
        "BLEU": 0.011416371797268713,
        "F1": 0.06578664197859244,
        "ROUGE-1": 0.0,
        "ROUGE-2": 0.0,
        "ROUGE-L": 0.0,
        "ACC": 0.13333333333333333,
        "length": 645
      }
    },
    "chinese-gov-test_MUL": {
      "chinese-gov-test_MUL.jsonl": {
        "BLEU": 0.011900927091319699,
        "F1": 0.0672476397966594,
        "ROUGE-1": 0.0,
        "ROUGE-2": 0.0,
        "ROUGE-L": 0.0,
        "ACC": 0.1503267973856209,
        "length": 153
      }
    }
  }
}