{
  "BLEU": 0.07430912046961412,
  "F1": 0.4182379721914605,
  "ROUGE-1": 0.0,
  "ROUGE-2": 0.0,
  "ROUGE-L": 0.0,
  "ACC": 0.42170542635658914,
  "length": 645
}