{
  "BLEU": 0.051986624196552825,
  "F1": 0.2903545256486433,
  "ROUGE-1": 0.0,
  "ROUGE-2": 0.0,
  "ROUGE-L": 0.0,
  "ACC": 0.3006535947712418,
  "length": 153
}