{
  "calculate": {
    "groups": {
      "factual-qa_QA": {
        "BLEU": {
          "max": 0.014428787286989493,
          "median": 0.014428787286989493,
          "fine_grained_average": 0.014428787286989493,
          "coarse_grained_average": 0.014428787286989493
        },
        "F1": {
          "max": 0.12744986313613765,
          "median": 0.12744986313613765,
          "fine_grained_average": 0.12744986313613765,
          "coarse_grained_average": 0.12744986313613765
        },
        "ROUGE-1": {
          "max": 0.12744986125292526,
          "median": 0.12744986125292526,
          "fine_grained_average": 0.12744986125292526,
          "coarse_grained_average": 0.12744986125292526
        },
        "ROUGE-2": {
          "max": 0.03666666557777782,
          "median": 0.03666666557777782,
          "fine_grained_average": 0.03666666557777782,
          "coarse_grained_average": 0.03666666557777782
        },
        "ROUGE-L": {
          "max": 0.09041282421588823,
          "median": 0.09041282421588823,
          "fine_grained_average": 0.09041282421588823,
          "coarse_grained_average": 0.09041282421588823
        },
        "ACC-prefix": {
          "max": 0.0,
          "median": 0.0,
          "fine_grained_average": 0.0,
          "coarse_grained_average": 0.0
        },
        "ACC-in": {
          "max": 0.0,
          "median": 0.0,
          "fine_grained_average": 0.0,
          "coarse_grained_average": 0.0
        },
        "length": {
          "max": 9,
          "median": 9.0,
          "fine_grained_average": 9.0,
          "coarse_grained_average": 9.0
        }
      },
      "logic_QA": {
        "BLEU": {
          "max": 0.00797073164634346,
          "median": 0.00797073164634346,
          "fine_grained_average": 0.00797073164634346,
          "coarse_grained_average": 0.00797073164634346
        },
        "F1": {
          "max": 0.12845685135227974,
          "median": 0.12845685135227974,
          "fine_grained_average": 0.12845685135227974,
          "coarse_grained_average": 0.12845685135227974
        },
        "ROUGE-1": {
          "max": 0.12845685048176614,
          "median": 0.12845685048176614,
          "fine_grained_average": 0.12845685048176614,
          "coarse_grained_average": 0.12845685048176614
        },
        "ROUGE-2": {
          "max": 0.019325669493521287,
          "median": 0.019325669493521287,
          "fine_grained_average": 0.019325669493521287,
          "coarse_grained_average": 0.019325669493521287
        },
        "ROUGE-L": {
          "max": 0.06681785730820843,
          "median": 0.06681785730820843,
          "fine_grained_average": 0.06681785730820843,
          "coarse_grained_average": 0.06681785730820843
        },
        "ACC-prefix": {
          "max": 0.0,
          "median": 0.0,
          "fine_grained_average": 0.0,
          "coarse_grained_average": 0.0
        },
        "ACC-in": {
          "max": 0.024096385542168676,
          "median": 0.024096385542168676,
          "fine_grained_average": 0.024096385542168676,
          "coarse_grained_average": 0.024096385542168676
        },
        "length": {
          "max": 83,
          "median": 83.0,
          "fine_grained_average": 83.0,
          "coarse_grained_average": 83.0
        }
      },
      "real-world_QA": {
        "BLEU": {
          "max": 0.00524306972154751,
          "median": 0.00524306972154751,
          "fine_grained_average": 0.00524306972154751,
          "coarse_grained_average": 0.00524306972154751
        },
        "F1": {
          "max": 0.028149920255183414,
          "median": 0.028149920255183414,
          "fine_grained_average": 0.028149920255183414,
          "coarse_grained_average": 0.028149920255183414
        },
        "ROUGE-1": {
          "max": 0.028149920004115078,
          "median": 0.028149920004115078,
          "fine_grained_average": 0.028149920004115078,
          "coarse_grained_average": 0.028149920004115078
        },
        "ROUGE-2": {
          "max": 0.0,
          "median": 0.0,
          "fine_grained_average": 0.0,
          "coarse_grained_average": 0.0
        },
        "ROUGE-L": {
          "max": 0.028149920004115078,
          "median": 0.028149920004115078,
          "fine_grained_average": 0.028149920004115078,
          "coarse_grained_average": 0.028149920004115078
        },
        "ACC-prefix": {
          "max": 0.010526315789473684,
          "median": 0.010526315789473684,
          "fine_grained_average": 0.010526315789473684,
          "coarse_grained_average": 0.010526315789473684
        },
        "ACC-in": {
          "max": 0.02631578947368421,
          "median": 0.02631578947368421,
          "fine_grained_average": 0.02631578947368421,
          "coarse_grained_average": 0.02631578947368421
        },
        "length": {
          "max": 190,
          "median": 190.0,
          "fine_grained_average": 190.0,
          "coarse_grained_average": 190.0
        }
      }
    },
    "overall": {
      "BLEU": {
        "max": 0.014428787286989493,
        "median": 0.00797073164634346,
        "fine_grained_average": 0.006339053401856168,
        "coarse_grained_average": 0.009214196218293487
      },
      "F1": {
        "max": 0.12845685135227974,
        "median": 0.12744986313613765,
        "fine_grained_average": 0.06084202935797625,
        "coarse_grained_average": 0.09468554491453361
      },
      "ROUGE-1": {
        "max": 0.12845685048176614,
        "median": 0.12744986125292526,
        "fine_grained_average": 0.060842028872499225,
        "coarse_grained_average": 0.09468554391293549
      },
      "ROUGE-2": {
        "max": 0.03666666557777782,
        "median": 0.019325669493521287,
        "fine_grained_average": 0.0068582643906463375,
        "coarse_grained_average": 0.018664111690433038
      },
      "ROUGE-L": {
        "max": 0.09041282421588823,
        "median": 0.06681785730820843,
        "fine_grained_average": 0.041518022607468646,
        "coarse_grained_average": 0.061793533842737246
      },
      "ACC-prefix": {
        "max": 0.010526315789473684,
        "median": 0.0,
        "fine_grained_average": 0.0070921985815602835,
        "coarse_grained_average": 0.0035087719298245615
      },
      "ACC-in": {
        "max": 0.02631578947368421,
        "median": 0.024096385542168676,
        "fine_grained_average": 0.024822695035460994,
        "coarse_grained_average": 0.016804058338617627
      },
      "length": {
        "max": 190,
        "median": 83.0,
        "fine_grained_average": 152.7304964539007,
        "coarse_grained_average": 94.0
      }
    }
  },
  "results": {
    "factual-qa_QA": {
      "factual-qa_QA.jsonl": {
        "BLEU": 0.014428787286989493,
        "F1": 0.12744986313613765,
        "ROUGE-1": 0.12744986125292526,
        "ROUGE-2": 0.03666666557777782,
        "ROUGE-L": 0.09041282421588823,
        "ACC-prefix": 0.0,
        "ACC-in": 0.0,
        "length": 9
      }
    },
    "logic_QA": {
      "logic_QA.jsonl": {
        "BLEU": 0.00797073164634346,
        "F1": 0.12845685135227974,
        "ROUGE-1": 0.12845685048176614,
        "ROUGE-2": 0.019325669493521287,
        "ROUGE-L": 0.06681785730820843,
        "ACC-prefix": 0.0,
        "ACC-in": 0.024096385542168676,
        "length": 83
      }
    },
    "real-world_QA": {
      "real-world_QA.jsonl": {
        "BLEU": 0.00524306972154751,
        "F1": 0.028149920255183414,
        "ROUGE-1": 0.028149920004115078,
        "ROUGE-2": 0.0,
        "ROUGE-L": 0.028149920004115078,
        "ACC-prefix": 0.010526315789473684,
        "ACC-in": 0.02631578947368421,
        "length": 190
      }
    }
  }
}