{
  "BLEU": 0.050338931084589866,
  "F1": 0.23095238095238094,
  "ROUGE-1": 0.2321428555238095,
  "ROUGE-2": 0.0,
  "ROUGE-L": 0.2321428555238095,
  "ACC-prefix": 0.4017857142857143,
  "ACC-in": 0.4017857142857143,
  "length": 112
}