{
  "BLEU": 0.030791836597913253,
  "F1": 0.09864749186783084,
  "ROUGE-1": 0.09222491183569209,
  "ROUGE-2": 0.011299434943502827,
  "ROUGE-L": 0.08816744470345333,
  "ACC-prefix": 0.0847457627118644,
  "ACC-in": 0.1016949152542373,
  "length": 59
}