{
  "BLEU": 0.025962931416885195,
  "F1": 0.16883102826066446,
  "ROUGE-1": 0.16816975622586436,
  "ROUGE-2": 0.035211946364535895,
  "ROUGE-L": 0.1521096504007789,
  "ACC-prefix": 0.0064516129032258064,
  "ACC-in": 0.012903225806451613,
  "length": 155
}