{
  "BLEU": 0.2611545666906002,
  "F1": 0.6261716747471266,
  "ROUGE-1": 0.626171670739629,
  "ROUGE-2": 0.37381403880411934,
  "ROUGE-L": 0.6223934766437078,
  "ACC-prefix": 0.6266666666666667,
  "ACC-in": 0.8933333333333333,
  "length": 150
}