{
  "BLEU": 0.013097945528945002,
  "F1": 0.05474452554744526,
  "ROUGE-1": 0.05474452514598541,
  "ROUGE-2": 0.0,
  "ROUGE-L": 0.05474452514598541,
  "ACC-prefix": 0.06569343065693431,
  "ACC-in": 0.06569343065693431,
  "length": 137
}