{
  "BLEU": 0.05170694052243074,
  "F1": 0.2934598081656905,
  "ROUGE-1": 0.0,
  "ROUGE-2": 0.0,
  "ROUGE-L": 0.0,
  "ACC": 0.3006535947712418,
  "length": 153
}