{
  "BLEU": 0.018937628786498694,
  "F1": 0.10084803312629398,
  "ROUGE-1": 0.0,
  "ROUGE-2": 0.0,
  "ROUGE-L": 0.0,
  "ACC": 0.312,
  "length": 125
}