{
  "BLEU": 0.020724906097896182,
  "F1": 0.12943650793650793,
  "ROUGE-1": 0.0,
  "ROUGE-2": 0.0,
  "ROUGE-L": 0.0,
  "ACC": 0.35,
  "length": 100
}