{
  "BLEU": 0.03509436388701717,
  "F1": 0.20065194012076706,
  "ROUGE-1": 0.0,
  "ROUGE-2": 0.0,
  "ROUGE-L": 0.0,
  "ACC": 0.20754716981132076,
  "length": 424
}