{
  "BLEU": 0.013767149734257996,
  "F1": 0.08296270777037339,
  "ROUGE-1": 0.0,
  "ROUGE-2": 0.0,
  "ROUGE-L": 0.0,
  "ACC": 0.13157894736842105,
  "length": 114
}