{
  "BLEU": 0.03660814545881773,
  "F1": 0.2114593395585131,
  "ROUGE-1": 0.0,
  "ROUGE-2": 0.0,
  "ROUGE-L": 0.0,
  "ACC": 0.2231404958677686,
  "length": 121
}