{
  "BLEU": 0.03823713357146876,
  "F1": 0.2174789965121786,
  "ROUGE-1": 0.0,
  "ROUGE-2": 0.0,
  "ROUGE-L": 0.0,
  "ACC": 0.3053435114503817,
  "length": 131
}