{
  "BLEU": 0.008640918541212224,
  "F1": 0.045693290422056075,
  "ROUGE-1": 0.0,
  "ROUGE-2": 0.0,
  "ROUGE-L": 0.0,
  "ACC": 0.16521739130434782,
  "length": 115
}