{
  "BLEU": 0.07094672659009701,
  "F1": 0.39979338842975204,
  "ROUGE-1": 0.0,
  "ROUGE-2": 0.0,
  "ROUGE-L": 0.0,
  "ACC": 0.4132231404958678,
  "length": 121
}