{
  "BLEU": 0.08470393334016199,
  "F1": 0.4776014109347443,
  "ROUGE-1": 0.0,
  "ROUGE-2": 0.0,
  "ROUGE-L": 0.0,
  "ACC": 0.5037037037037037,
  "length": 135
}