{
  "BLEU": 0.013359537798371776,
  "F1": 0.07397959183673469,
  "ROUGE-1": 0.0,
  "ROUGE-2": 0.0,
  "ROUGE-L": 0.0,
  "ACC": 0.1,
  "length": 420
}