{
  "BLEU": 0.022679576934815343,
  "F1": 0.12177871148459384,
  "ROUGE-1": 0.0,
  "ROUGE-2": 0.0,
  "ROUGE-L": 0.0,
  "ACC": 0.2348993288590604,
  "length": 149
}