{
  "BLEU": 0.027172556277769596,
  "F1": 0.15516563146997933,
  "ROUGE-1": 0.0,
  "ROUGE-2": 0.0,
  "ROUGE-L": 0.0,
  "ACC": 0.26956521739130435,
  "length": 115
}