{
  "BLEU": 0.041258854620361315,
  "F1": 0.2289855072463768,
  "ROUGE-1": 0.0,
  "ROUGE-2": 0.0,
  "ROUGE-L": 0.0,
  "ACC": 0.23478260869565218,
  "length": 115
}