{
  "BLEU": 0.024750263918879325,
  "F1": 0.1377410468319559,
  "ROUGE-1": 0.0,
  "ROUGE-2": 0.0,
  "ROUGE-L": 0.0,
  "ACC": 0.15702479338842976,
  "length": 121
}