{
  "BLEU": 0.03403876594977356,
  "F1": 0.19012345679012344,
  "ROUGE-1": 0.0,
  "ROUGE-2": 0.0,
  "ROUGE-L": 0.0,
  "ACC": 0.1925925925925926,
  "length": 135
}