{
  "BLEU": 0.009246176853408445,
  "F1": 0.05208900226757369,
  "ROUGE-1": 0.0,
  "ROUGE-2": 0.0,
  "ROUGE-L": 0.0,
  "ACC": 0.06190476190476191,
  "length": 420
}