{
  "BLEU": 0.05036144810405889,
  "F1": 0.23825503355704697,
  "ROUGE-1": 0.0,
  "ROUGE-2": 0.0,
  "ROUGE-L": 0.0,
  "ACC": 0.436241610738255,
  "length": 149
}