{
  "BLEU": 0.005633223023410718,
  "F1": 0.028787878787878786,
  "ROUGE-1": 0.032828282628367005,
  "ROUGE-2": 0.0,
  "ROUGE-L": 0.032828282628367005,
  "ACC": 0.045454545454545456,
  "length": 66
}