{
  "calculate": {
    "groups": {
      "commonsense-qa_MUL": {
        "BLEU": {
          "max": 0.009334992185242448,
          "median": 0.009334992185242448,
          "fine_grained_average": 0.009334992185242448,
          "coarse_grained_average": 0.009334992185242448
        },
        "F1": {
          "max": 0.05722585330428468,
          "median": 0.05722585330428468,
          "fine_grained_average": 0.05722585330428468,
          "coarse_grained_average": 0.05722585330428468
        },
        "ROUGE-1": {
          "max": 0.0,
          "median": 0.0,
          "fine_grained_average": 0.0,
          "coarse_grained_average": 0.0
        },
        "ROUGE-2": {
          "max": 0.0,
          "median": 0.0,
          "fine_grained_average": 0.0,
          "coarse_grained_average": 0.0
        },
        "ROUGE-L": {
          "max": 0.0,
          "median": 0.0,
          "fine_grained_average": 0.0,
          "coarse_grained_average": 0.0
        },
        "ACC": {
          "max": 0.17647058823529413,
          "median": 0.17647058823529413,
          "fine_grained_average": 0.17647058823529413,
          "coarse_grained_average": 0.17647058823529413
        },
        "length": {
          "max": 153,
          "median": 153.0,
          "fine_grained_average": 153.0,
          "coarse_grained_average": 153.0
        }
      },
      "logic_MUL": {
        "BLEU": {
          "max": 0.006171772748607844,
          "median": 0.006171772748607844,
          "fine_grained_average": 0.006171772748607844,
          "coarse_grained_average": 0.006171772748607844
        },
        "F1": {
          "max": 0.038867779440023724,
          "median": 0.038867779440023724,
          "fine_grained_average": 0.038867779440023724,
          "coarse_grained_average": 0.038867779440023724
        },
        "ROUGE-1": {
          "max": 0.0,
          "median": 0.0,
          "fine_grained_average": 0.0,
          "coarse_grained_average": 0.0
        },
        "ROUGE-2": {
          "max": 0.0,
          "median": 0.0,
          "fine_grained_average": 0.0,
          "coarse_grained_average": 0.0
        },
        "ROUGE-L": {
          "max": 0.0,
          "median": 0.0,
          "fine_grained_average": 0.0,
          "coarse_grained_average": 0.0
        },
        "ACC": {
          "max": 0.14858490566037735,
          "median": 0.14858490566037735,
          "fine_grained_average": 0.14858490566037735,
          "coarse_grained_average": 0.14858490566037735
        },
        "length": {
          "max": 424,
          "median": 424.0,
          "fine_grained_average": 424.0,
          "coarse_grained_average": 424.0
        }
      },
      "math_MUL": {
        "BLEU": {
          "max": 0.017884062717825968,
          "median": 0.017884062717825968,
          "fine_grained_average": 0.017884062717825968,
          "coarse_grained_average": 0.017884062717825968
        },
        "F1": {
          "max": 0.10103199174406605,
          "median": 0.10103199174406605,
          "fine_grained_average": 0.10103199174406605,
          "coarse_grained_average": 0.10103199174406605
        },
        "ROUGE-1": {
          "max": 0.0,
          "median": 0.0,
          "fine_grained_average": 0.0,
          "coarse_grained_average": 0.0
        },
        "ROUGE-2": {
          "max": 0.0,
          "median": 0.0,
          "fine_grained_average": 0.0,
          "coarse_grained_average": 0.0
        },
        "ROUGE-L": {
          "max": 0.0,
          "median": 0.0,
          "fine_grained_average": 0.0,
          "coarse_grained_average": 0.0
        },
        "ACC": {
          "max": 0.19298245614035087,
          "median": 0.19298245614035087,
          "fine_grained_average": 0.19298245614035087,
          "coarse_grained_average": 0.19298245614035087
        },
        "length": {
          "max": 114,
          "median": 114.0,
          "fine_grained_average": 114.0,
          "coarse_grained_average": 114.0
        }
      },
      "reading-comprehension_MUL": {
        "BLEU": {
          "max": 0.004135423579852743,
          "median": 0.004135423579852743,
          "fine_grained_average": 0.004135423579852743,
          "coarse_grained_average": 0.004135423579852743
        },
        "F1": {
          "max": 0.02868250284031838,
          "median": 0.02868250284031838,
          "fine_grained_average": 0.02868250284031838,
          "coarse_grained_average": 0.02868250284031838
        },
        "ROUGE-1": {
          "max": 0.0,
          "median": 0.0,
          "fine_grained_average": 0.0,
          "coarse_grained_average": 0.0
        },
        "ROUGE-2": {
          "max": 0.0,
          "median": 0.0,
          "fine_grained_average": 0.0,
          "coarse_grained_average": 0.0
        },
        "ROUGE-L": {
          "max": 0.0,
          "median": 0.0,
          "fine_grained_average": 0.0,
          "coarse_grained_average": 0.0
        },
        "ACC": {
          "max": 0.22137404580152673,
          "median": 0.22137404580152673,
          "fine_grained_average": 0.22137404580152673,
          "coarse_grained_average": 0.22137404580152673
        },
        "length": {
          "max": 131,
          "median": 131.0,
          "fine_grained_average": 131.0,
          "coarse_grained_average": 131.0
        }
      },
      "real-world_MUL": {
        "BLEU": {
          "max": 0.014226235280311382,
          "median": 0.014226235280311382,
          "fine_grained_average": 0.014226235280311382,
          "coarse_grained_average": 0.014226235280311382
        },
        "F1": {
          "max": 0.08,
          "median": 0.08,
          "fine_grained_average": 0.08,
          "coarse_grained_average": 0.08
        },
        "ROUGE-1": {
          "max": 0.0,
          "median": 0.0,
          "fine_grained_average": 0.0,
          "coarse_grained_average": 0.0
        },
        "ROUGE-2": {
          "max": 0.0,
          "median": 0.0,
          "fine_grained_average": 0.0,
          "coarse_grained_average": 0.0
        },
        "ROUGE-L": {
          "max": 0.0,
          "median": 0.0,
          "fine_grained_average": 0.0,
          "coarse_grained_average": 0.0
        },
        "ACC": {
          "max": 0.328,
          "median": 0.328,
          "fine_grained_average": 0.328,
          "coarse_grained_average": 0.328
        },
        "length": {
          "max": 125,
          "median": 125.0,
          "fine_grained_average": 125.0,
          "coarse_grained_average": 125.0
        }
      },
      "science-qa_MUL": {
        "BLEU": {
          "max": 0.013991123060617219,
          "median": 0.013991123060617219,
          "fine_grained_average": 0.013991123060617219,
          "coarse_grained_average": 0.013991123060617219
        },
        "F1": {
          "max": 0.08469005741733014,
          "median": 0.08469005741733014,
          "fine_grained_average": 0.08469005741733014,
          "coarse_grained_average": 0.08469005741733014
        },
        "ROUGE-1": {
          "max": 0.0,
          "median": 0.0,
          "fine_grained_average": 0.0,
          "coarse_grained_average": 0.0
        },
        "ROUGE-2": {
          "max": 0.0,
          "median": 0.0,
          "fine_grained_average": 0.0,
          "coarse_grained_average": 0.0
        },
        "ROUGE-L": {
          "max": 0.0,
          "median": 0.0,
          "fine_grained_average": 0.0,
          "coarse_grained_average": 0.0
        },
        "ACC": {
          "max": 0.2975206611570248,
          "median": 0.2975206611570248,
          "fine_grained_average": 0.2975206611570248,
          "coarse_grained_average": 0.2975206611570248
        },
        "length": {
          "max": 121,
          "median": 121.0,
          "fine_grained_average": 121.0,
          "coarse_grained_average": 121.0
        }
      },
      "sentimental-analysis_MUL": {
        "BLEU": {
          "max": 0.009797958971132713,