{
  "calculate": {
    "groups": {
      "factual-qa_QA": {
        "BLEU": {
          "max": 0.01063472986395793,
          "median": 0.01063472986395793,
          "fine_grained_average": 0.01063472986395793,
          "coarse_grained_average": 0.01063472986395793
        },
        "F1": {
          "max": 0.10830999066293184,
          "median": 0.10830999066293184,
          "fine_grained_average": 0.10830999066293184,
          "coarse_grained_average": 0.10830999066293184
        },
        "ROUGE-1": {
          "max": 0.10830998958045966,
          "median": 0.10830998958045966,
          "fine_grained_average": 0.10830998958045966,
          "coarse_grained_average": 0.10830998958045966
        },
        "ROUGE-2": {
          "max": 0.04678362518928902,
          "median": 0.04678362518928902,
          "fine_grained_average": 0.04678362518928902,
          "coarse_grained_average": 0.04678362518928902
        },
        "ROUGE-L": {
          "max": 0.07656395783442792,
          "median": 0.07656395783442792,
          "fine_grained_average": 0.07656395783442792,
          "coarse_grained_average": 0.07656395783442792
        },
        "ACC-prefix": {
          "max": 0.0,
          "median": 0.0,
          "fine_grained_average": 0.0,
          "coarse_grained_average": 0.0
        },
        "ACC-in": {
          "max": 0.0,
          "median": 0.0,
          "fine_grained_average": 0.0,
          "coarse_grained_average": 0.0
        },
        "length": {
          "max": 9,
          "median": 9.0,
          "fine_grained_average": 9.0,
          "coarse_grained_average": 9.0
        }
      },
      "logic_QA": {
        "BLEU": {
          "max": 0.01921015171699516,
          "median": 0.01921015171699516,
          "fine_grained_average": 0.01921015171699516,
          "coarse_grained_average": 0.01921015171699516
        },
        "F1": {
          "max": 0.1937589000306086,
          "median": 0.1937589000306086,
          "fine_grained_average": 0.1937589000306086,
          "coarse_grained_average": 0.1937589000306086
        },
        "ROUGE-1": {
          "max": 0.19375889890080714,
          "median": 0.19375889890080714,
          "fine_grained_average": 0.19375889890080714,
          "coarse_grained_average": 0.19375889890080714
        },
        "ROUGE-2": {
          "max": 0.030306175617119638,
          "median": 0.030306175617119638,
          "fine_grained_average": 0.030306175617119638,
          "coarse_grained_average": 0.030306175617119638
        },
        "ROUGE-L": {
          "max": 0.09418359982928644,
          "median": 0.09418359982928644,
          "fine_grained_average": 0.09418359982928644,
          "coarse_grained_average": 0.09418359982928644
        },
        "ACC-prefix": {
          "max": 0.0,
          "median": 0.0,
          "fine_grained_average": 0.0,
          "coarse_grained_average": 0.0
        },
        "ACC-in": {
          "max": 0.012048192771084338,
          "median": 0.012048192771084338,
          "fine_grained_average": 0.012048192771084338,
          "coarse_grained_average": 0.012048192771084338
        },
        "length": {
          "max": 83,
          "median": 83.0,
          "fine_grained_average": 83.0,
          "coarse_grained_average": 83.0
        }
      },
      "real-world_QA": {
        "BLEU": {
          "max": 0.0018800083288046103,
          "median": 0.0018800083288046103,
          "fine_grained_average": 0.0018800083288046103,
          "coarse_grained_average": 0.0018800083288046103
        },
        "F1": {
          "max": 0.018500417710944028,
          "median": 0.018500417710944028,
          "fine_grained_average": 0.018500417710944028,
          "coarse_grained_average": 0.018500417710944028
        },
        "ROUGE-1": {
          "max": 0.018500417537084746,
          "median": 0.018500417537084746,
          "fine_grained_average": 0.018500417537084746,
          "coarse_grained_average": 0.018500417537084746
        },
        "ROUGE-2": {
          "max": 0.0,
          "median": 0.0,
          "fine_grained_average": 0.0,
          "coarse_grained_average": 0.0
        },
        "ROUGE-L": {
          "max": 0.018500417537084746,
          "median": 0.018500417537084746,
          "fine_grained_average": 0.018500417537084746,
          "coarse_grained_average": 0.018500417537084746
        },
        "ACC-prefix": {
          "max": 0.0,
          "median": 0.0,
          "fine_grained_average": 0.0,
          "coarse_grained_average": 0.0
        },
        "ACC-in": {
          "max": 0.07368421052631578,
          "median": 0.07368421052631578,
          "fine_grained_average": 0.07368421052631578,
          "coarse_grained_average": 0.07368421052631578
        },
        "length": {
          "max": 190,
          "median": 190.0,
          "fine_grained_average": 190.0,
          "coarse_grained_average": 190.0
        }
      }
    },
    "overall": {
      "BLEU": {
        "max": 0.01921015171699516,
        "median": 0.01063472986395793,
        "fine_grained_average": 0.007260130297018069,
        "coarse_grained_average": 0.010574963303252567
      },
      "F1": {
        "max": 0.1937589000306086,
        "median": 0.10830999066293184,
        "fine_grained_average": 0.07294985100562505,
        "coarse_grained_average": 0.10685643613482816
      },
      "ROUGE-1": {
        "max": 0.19375889890080714,
        "median": 0.10830998958045966,
        "fine_grained_average": 0.07294985052140862,
        "coarse_grained_average": 0.10685643533945051
      },
      "ROUGE-2": {
        "max": 0.04678362518928902,
        "median": 0.030306175617119638,
        "fine_grained_average": 0.010412997173491244,
        "coarse_grained_average": 0.025696600268802883
      },
      "ROUGE-L": {
        "max": 0.09418359982928644,
        "median": 0.07656395783442792,
        "fine_grained_average": 0.042629055809882015,
        "coarse_grained_average": 0.06308265840026638
      },
      "ACC-prefix": {
        "max": 0.0,
        "median": 0.0,
        "fine_grained_average": 0.0,
        "coarse_grained_average": 0.0
      },
      "ACC-in": {
        "max": 0.07368421052631578,
        "median": 0.012048192771084338,
        "fine_grained_average": 0.05319148936170212,
        "coarse_grained_average": 0.02857746776580004
      },
      "length": {
        "max": 190,
        "median": 83.0,
        "fine_grained_average": 152.7304964539007,
        "coarse_grained_average": 94.0
      }
    }
  },
  "results": {
    "factual-qa_QA": {
      "factual-qa_QA.jsonl": {
        "BLEU": 0.01063472986395793,
        "F1": 0.10830999066293184,
        "ROUGE-1": 0.10830998958045966,
        "ROUGE-2": 0.04678362518928902,
        "ROUGE-L": 0.07656395783442792,
        "ACC-prefix": 0.0,
        "ACC-in": 0.0,
        "length": 9
      }
    },
    "logic_QA": {
      "logic_QA.jsonl": {
        "BLEU": 0.01921015171699516,
        "F1": 0.1937589000306086,
        "ROUGE-1": 0.19375889890080714,
        "ROUGE-2": 0.030306175617119638,
        "ROUGE-L": 0.09418359982928644,
        "ACC-prefix": 0.0,
        "ACC-in": 0.012048192771084338,
        "length": 83
      }
    },
    "real-world_QA": {
      "real-world_QA.jsonl": {
        "BLEU": 0.0018800083288046103,
        "F1": 0.018500417710944028,
        "ROUGE-1": 0.018500417537084746,
        "ROUGE-2": 0.0,
        "ROUGE-L": 0.018500417537084746,
        "ACC-prefix": 0.0,
        "ACC-in": 0.07368421052631578,
        "length": 190
      }
    }
  }
}