{
  "BLEU": 0.003276452871328193,
  "F1": 0.029855172554181006,
  "ROUGE-1": 0.0,
  "ROUGE-2": 0.0,
  "ROUGE-L": 0.0,
  "ACC": 0.17543859649122806,
  "length": 114
}