{
  "BLEU": 0.02029035694348963,
  "F1": 0.12008802372621019,
  "ROUGE-1": 0.0,
  "ROUGE-2": 0.0,
  "ROUGE-L": 0.0,
  "ACC": 0.2028301886792453,
  "length": 424
}