{
  "BLEU": 0.02000897688899333,
  "F1": 0.13343139444164953,
  "ROUGE-1": 0.0,
  "ROUGE-2": 0.0,
  "ROUGE-L": 0.0,
  "ACC": 0.32679738562091504,
  "length": 153
}