{
  "BLEU": 0.035668461539839616,
  "F1": 0.21418598835672004,
  "ROUGE-1": 0.0,
  "ROUGE-2": 0.0,
  "ROUGE-L": 0.0,
  "ACC": 0.39,
  "length": 100
}