{
  "BLEU": 0.0030908728880780405,
  "F1": 0.042589481506387104,
  "ROUGE-1": 0.0,
  "ROUGE-2": 0.0,
  "ROUGE-L": 0.0,
  "ACC": 0.2809917355371901,
  "length": 121
}