{
  "BLEU": 0.002957066514520612,
  "F1": 0.0270599079397841,
  "ROUGE-1": 0.0,
  "ROUGE-2": 0.0,
  "ROUGE-L": 0.0,
  "ACC": 0.28,
  "length": 125
}