{
  "BLEU": 0.00011175129827568038,
  "F1": 0.01632092368003874,
  "ROUGE-1": 0.0,
  "ROUGE-2": 0.0,
  "ROUGE-L": 0.0,
  "ACC": 0.26717557251908397,
  "length": 131
}