{
  "BLEU": 0.028999714843849382,
  "F1": 0.15072992700729926,
  "ROUGE-1": 0.15585679427777283,
  "ROUGE-2": 0.004866180016220601,
  "ROUGE-L": 0.15525921667967024,
  "ACC-prefix": 0.10948905109489052,
  "ACC-in": 0.13138686131386862,
  "length": 137
}