{
  "BLEU": 0.1703028548247586,
  "F1": 0.49116059806361817,
  "ROUGE-1": 0.4911605945765074,
  "ROUGE-2": 0.26487369759129337,
  "ROUGE-L": 0.4859726018957551,
  "ACC-prefix": 0.3933333333333333,
  "ACC-in": 0.7866666666666666,
  "length": 150
}