{
  "BLEU": 0.02233404466960624,
  "F1": 0.13471173925934743,
  "ROUGE-1": 0.1334696733076578,
  "ROUGE-2": 0.025024625874614615,
  "ROUGE-L": 0.12307313244213991,
  "ACC-prefix": 0.0064516129032258064,
  "ACC-in": 0.0064516129032258064,
  "length": 155
}