{
  "BLEU": 0.044844744719900693,
  "F1": 0.21547619047619046,
  "ROUGE-1": 0.26309523668888884,
  "ROUGE-2": 0.0,
  "ROUGE-L": 0.26309523668888884,
  "ACC-prefix": 0.15178571428571427,
  "ACC-in": 0.29464285714285715,
  "length": 112
}