{
  "BLEU": 0.018071565321670934,
  "F1": 0.06049233252623083,
  "ROUGE-1": 0.03987086320777894,
  "ROUGE-2": 0.013559321952542374,
  "ROUGE-L": 0.03670192391679254,
  "ACC-prefix": 0.01694915254237288,
  "ACC-in": 0.03389830508474576,
  "length": 59
}