{
  "BLEU": 0.027232583227703153,
  "F1": 0.16896407685881373,
  "ROUGE-1": 0.0,
  "ROUGE-2": 0.0,
  "ROUGE-L": 0.0,
  "ACC": 0.45217391304347826,
  "length": 115
}