{
  "BLEU": 0.017559846632708723,
  "F1": 0.08968115942028985,
  "ROUGE-1": 0.0,
  "ROUGE-2": 0.0,
  "ROUGE-L": 0.0,
  "ACC": 0.34782608695652173,
  "length": 115
}