{
  "BLEU": 0.012175598456202842,
  "F1": 0.06527150547413492,
  "ROUGE-1": 0.0,
  "ROUGE-2": 0.0,
  "ROUGE-L": 0.0,
  "ACC": 0.1619047619047619,
  "length": 420
}