{
  "BLEU": 0.04271388751804442,
  "F1": 0.24505702078058775,
  "ROUGE-1": 0.0,
  "ROUGE-2": 0.0,
  "ROUGE-L": 0.0,
  "ACC": 0.47107438016528924,
  "length": 121
}