{
  "BLEU": 0.017837541262515706,
  "F1": 0.09082225630544181,
  "ROUGE-1": 0.0,
  "ROUGE-2": 0.0,
  "ROUGE-L": 0.0,
  "ACC": 0.30201342281879195,
  "length": 149
}