{
  "BLEU": 0.02458688176681233,
  "F1": 0.12925865109773158,
  "ROUGE-1": 0.0,
  "ROUGE-2": 0.0,
  "ROUGE-L": 0.0,
  "ACC": 0.3851851851851852,
  "length": 135
}