{
  "calculate": {
    "groups": {
      "math_MATH": {
        "BLEU": {
          "max": 0.01582561375667021,
          "median": 0.01582561375667021,
          "fine_grained_average": 0.01582561375667021,
          "coarse_grained_average": 0.01582561375667021
        },
        "F1": {
          "max": 0.07154882154882156,
          "median": 0.07154882154882156,
          "fine_grained_average": 0.07154882154882156,
          "coarse_grained_average": 0.07154882154882156
        },
        "ROUGE-1": {
          "max": 0.07154882103278151,
          "median": 0.07154882103278151,
          "fine_grained_average": 0.07154882103278151,
          "coarse_grained_average": 0.07154882103278151
        },
        "ROUGE-2": {
          "max": 0.0,
          "median": 0.0,
          "fine_grained_average": 0.0,
          "coarse_grained_average": 0.0
        },
        "ROUGE-L": {
          "max": 0.07154882103278151,
          "median": 0.07154882103278151,
          "fine_grained_average": 0.07154882103278151,
          "coarse_grained_average": 0.07154882103278151
        },
        "ACC": {
          "max": 0.10606060606060606,
          "median": 0.10606060606060606,
          "fine_grained_average": 0.10606060606060606,
          "coarse_grained_average": 0.10606060606060606
        },
        "length": {
          "max": 66,
          "median": 66.0,
          "fine_grained_average": 66.0,
          "coarse_grained_average": 66.0
        }
      }
    },
    "overall": {
      "BLEU": {
        "max": 0.01582561375667021,
        "median": 0.01582561375667021,
        "fine_grained_average": 0.01582561375667021,
        "coarse_grained_average": 0.01582561375667021
      },
      "F1": {
        "max": 0.07154882154882156,
        "median": 0.07154882154882156,
        "fine_grained_average": 0.07154882154882156,
        "coarse_grained_average": 0.07154882154882156
      },
      "ROUGE-1": {
        "max": 0.07154882103278151,
        "median": 0.07154882103278151,
        "fine_grained_average": 0.07154882103278151,
        "coarse_grained_average": 0.07154882103278151
      },
      "ROUGE-2": {
        "max": 0.0,
        "median": 0.0,
        "fine_grained_average": 0.0,
        "coarse_grained_average": 0.0
      },
      "ROUGE-L": {
        "max": 0.07154882103278151,
        "median": 0.07154882103278151,
        "fine_grained_average": 0.07154882103278151,
        "coarse_grained_average": 0.07154882103278151
      },
      "ACC": {
        "max": 0.10606060606060606,
        "median": 0.10606060606060606,
        "fine_grained_average": 0.10606060606060606,
        "coarse_grained_average": 0.10606060606060606
      },
      "length": {
        "max": 66,
        "median": 66.0,
        "fine_grained_average": 66.0,
        "coarse_grained_average": 66.0
      }
    }
  },
  "results": {
    "math_MATH": {
      "math_MATH.jsonl": {
        "BLEU": 0.01582561375667021,
        "F1": 0.07154882154882156,
        "ROUGE-1": 0.07154882103278151,
        "ROUGE-2": 0.0,
        "ROUGE-L": 0.07154882103278151,
        "ACC": 0.10606060606060606,
        "length": 66
      }
    }
  }
}