{
  "BLEU": 8.9757660721409e-06,
  "F1": 0.0012307692307692308,
  "ROUGE-1": 0.0,
  "ROUGE-2": 0.0,
  "ROUGE-L": 0.0,
  "ACC": 0.384,
  "length": 125
}