{
  "BLEU": 0.0012269344101493076,
  "F1": 0.007983684245156506,
  "ROUGE-1": 0.0,
  "ROUGE-2": 0.0,
  "ROUGE-L": 0.0,
  "ACC": 0.13725490196078433,
  "length": 153
}