{
  "BLEU": 0.002657269649236528,
  "F1": 0.015246500304321365,
  "ROUGE-1": 0.0,
  "ROUGE-2": 0.0,
  "ROUGE-L": 0.0,
  "ACC": 0.08490566037735849,
  "length": 424
}