{
  "BLEU": 0.009374845230213539,
  "F1": 0.05323236534986841,
  "ROUGE-1": 0.0,
  "ROUGE-2": 0.0,
  "ROUGE-L": 0.0,
  "ACC": 0.13157894736842105,
  "length": 114
}