{
  "BLEU": 0.009230026970517608,
  "F1": 0.04269972451790633,
  "ROUGE-1": 0.0,
  "ROUGE-2": 0.0,
  "ROUGE-L": 0.0,
  "ACC": 0.3140495867768595,
  "length": 121
}