{
  "BLEU": 0.008586003548619063,
  "F1": 0.04892611586721165,
  "ROUGE-1": 0.0,
  "ROUGE-2": 0.0,
  "ROUGE-L": 0.0,
  "ACC": 0.2366412213740458,
  "length": 131
}