{
  "calculate": {
    "groups": {
      "commonsense-qa_MUL": {
        "BLEU": {
          "max": 0.07047226689974889,
          "median": 0.07047226689974889,
          "fine_grained_average": 0.07047226689974889,
          "coarse_grained_average": 0.07047226689974889
        },
        "F1": {
          "max": 0.38366890380313196,
          "median": 0.38366890380313196,
          "fine_grained_average": 0.38366890380313196,
          "coarse_grained_average": 0.38366890380313196
        },
        "ROUGE-1": {
          "max": 0.0,
          "median": 0.0,
          "fine_grained_average": 0.0,
          "coarse_grained_average": 0.0
        },
        "ROUGE-2": {
          "max": 0.0,
          "median": 0.0,
          "fine_grained_average": 0.0,
          "coarse_grained_average": 0.0
        },
        "ROUGE-L": {
          "max": 0.0,
          "median": 0.0,
          "fine_grained_average": 0.0,
          "coarse_grained_average": 0.0
        },
        "ACC": {
          "max": 0.436241610738255,
          "median": 0.436241610738255,
          "fine_grained_average": 0.436241610738255,
          "coarse_grained_average": 0.436241610738255
        },
        "length": {
          "max": 149,
          "median": 149.0,
          "fine_grained_average": 149.0,
          "coarse_grained_average": 149.0
        }
      },
      "inference_MUL": {
        "BLEU": {
          "max": 0.0455258816067666,
          "median": 0.0455258816067666,
          "fine_grained_average": 0.0455258816067666,
          "coarse_grained_average": 0.0455258816067666
        },
        "F1": {
          "max": 0.26404667422524564,
          "median": 0.26404667422524564,
          "fine_grained_average": 0.26404667422524564,
          "coarse_grained_average": 0.26404667422524564
        },
        "ROUGE-1": {
          "max": 0.0,
          "median": 0.0,
          "fine_grained_average": 0.0,
          "coarse_grained_average": 0.0
        },
        "ROUGE-2": {
          "max": 0.0,
          "median": 0.0,
          "fine_grained_average": 0.0,
          "coarse_grained_average": 0.0
        },
        "ROUGE-L": {
          "max": 0.0,
          "median": 0.0,
          "fine_grained_average": 0.0,
          "coarse_grained_average": 0.0
        },
        "ACC": {
          "max": 0.3619047619047619,
          "median": 0.3619047619047619,
          "fine_grained_average": 0.3619047619047619,
          "coarse_grained_average": 0.3619047619047619
        },
        "length": {
          "max": 420,
          "median": 420.0,
          "fine_grained_average": 420.0,
          "coarse_grained_average": 420.0
        }
      },
      "math_MUL": {
        "BLEU": {
          "max": 0.04028450414632833,
          "median": 0.04028450414632833,
          "fine_grained_average": 0.04028450414632833,
          "coarse_grained_average": 0.04028450414632833
        },
        "F1": {
          "max": 0.2174784788057099,
          "median": 0.2174784788057099,
          "fine_grained_average": 0.2174784788057099,
          "coarse_grained_average": 0.2174784788057099
        },
        "ROUGE-1": {
          "max": 0.0,
          "median": 0.0,
          "fine_grained_average": 0.0,
          "coarse_grained_average": 0.0
        },
        "ROUGE-2": {
          "max": 0.0,
          "median": 0.0,
          "fine_grained_average": 0.0,
          "coarse_grained_average": 0.0
        },
        "ROUGE-L": {
          "max": 0.0,
          "median": 0.0,
          "fine_grained_average": 0.0,
          "coarse_grained_average": 0.0
        },
        "ACC": {
          "max": 0.3652173913043478,
          "median": 0.3652173913043478,
          "fine_grained_average": 0.3652173913043478,
          "coarse_grained_average": 0.3652173913043478
        },
        "length": {
          "max": 115,
          "median": 115.0,
          "fine_grained_average": 115.0,
          "coarse_grained_average": 115.0
        }
      },
      "real-world_MUL": {
        "BLEU": {
          "max": 0.08388445998878197,
          "median": 0.08388445998878197,
          "fine_grained_average": 0.08388445998878197,
          "coarse_grained_average": 0.08388445998878197
        },
        "F1": {
          "max": 0.4691358024691358,
          "median": 0.4691358024691358,
          "fine_grained_average": 0.4691358024691358,
          "coarse_grained_average": 0.4691358024691358
        },
        "ROUGE-1": {
          "max": 0.0,
          "median": 0.0,
          "fine_grained_average": 0.0,
          "coarse_grained_average": 0.0
        },
        "ROUGE-2": {
          "max": 0.0,
          "median": 0.0,
          "fine_grained_average": 0.0,
          "coarse_grained_average": 0.0
        },
        "ROUGE-L": {
          "max": 0.0,
          "median": 0.0,
          "fine_grained_average": 0.0,
          "coarse_grained_average": 0.0
        },
        "ACC": {
          "max": 0.4962962962962963,
          "median": 0.4962962962962963,
          "fine_grained_average": 0.4962962962962963,
          "coarse_grained_average": 0.4962962962962963
        },
        "length": {
          "max": 135,
          "median": 135.0,
          "fine_grained_average": 135.0,
          "coarse_grained_average": 135.0
        }
      },
      "science-qa_MUL": {
        "BLEU": {
          "max": 0.10648625153419904,
          "median": 0.10648625153419904,
          "fine_grained_average": 0.10648625153419904,
          "coarse_grained_average": 0.10648625153419904
        },
        "F1": {
          "max": 0.5889807162534436,
          "median": 0.5889807162534436,
          "fine_grained_average": 0.5889807162534436,
          "coarse_grained_average": 0.5889807162534436
        },
        "ROUGE-1": {
          "max": 0.0,
          "median": 0.0,
          "fine_grained_average": 0.0,
          "coarse_grained_average": 0.0
        },
        "ROUGE-2": {
          "max": 0.0,
          "median": 0.0,
          "fine_grained_average": 0.0,
          "coarse_grained_average": 0.0
        },
        "ROUGE-L": {
          "max": 0.0,
          "median": 0.0,
          "fine_grained_average": 0.0,
          "coarse_grained_average": 0.0
        },
        "ACC": {
          "max": 0.6198347107438017,
          "median": 0.6198347107438017,
          "fine_grained_average": 0.6198347107438017,
          "coarse_grained_average": 0.6198347107438017
        },
        "length": {
          "max": 121,
          "median": 121.0,
          "fine_grained_average": 121.0,
          "coarse_grained_average": 121.0
        }
      },
      "sentimental-analysis_MUL": {
        "BLEU": {
          "max": 0.0726775063233299,
          "median": 0.0726775063233299,
          "fine_grained_average": 0.0726775063233299,
          "coarse_grained_average": 0.0726775063233299
        },
        "F1": {
          "max": 0.40869565217391307,
          "median": 0.40869565217391307,
          "fine_grained_average": 0.40869565217391307,
          "coarse_grained_average": 0.40869565217391307
        },
        "ROUGE-1": {
          "max": 0.0,
          "median": 0.0,
          "fine_grained_average": 0.0,
          "coarse_grained_average": 0.0
        },
        "ROUGE-2": {
          "max": 0.0,
          "median": 0.0,
          "fine_grained_average": 0.0,
          "coarse_grained_average": 0.0
        },
        "ROUGE-L": {
          "max": 0.0,
          "median": 0.0,
          "fine_grained_average": 0.0,
          "coarse_grained_average": 0.0
        },
        "ACC": {
          "max": 0.40869565217391307,
          "median": 0.40869565217391307,
          "fine_grained_average": 0.40869565217391307,
          "coarse_grained_average": 0.40869565217391307
        },
        "length": {
          "max": 115,
          "median": 115.0,
          "fine_grained_average": 115.0,
          "coarse_grained_average": 115.0
        }
      }
    },