{
  "calculate": {
    "groups": {
      "K12_MUL": {
        "BLEU": {
          "max": 0.014778769049212536,
          "median": 0.014778769049212536,
          "fine_grained_average": 0.014778769049212536,
          "coarse_grained_average": 0.014778769049212536
        },
        "F1": {
          "max": 0.08144253984829261,
          "median": 0.08144253984829261,
          "fine_grained_average": 0.08144253984829261,
          "coarse_grained_average": 0.08144253984829261
        },
        "ROUGE-1": {
          "max": 0.0,
          "median": 0.0,
          "fine_grained_average": 0.0,
          "coarse_grained_average": 0.0
        },
        "ROUGE-2": {
          "max": 0.0,
          "median": 0.0,
          "fine_grained_average": 0.0,
          "coarse_grained_average": 0.0
        },
        "ROUGE-L": {
          "max": 0.0,
          "median": 0.0,
          "fine_grained_average": 0.0,
          "coarse_grained_average": 0.0
        },
        "ACC": {
          "max": 0.10697674418604651,
          "median": 0.10697674418604651,
          "fine_grained_average": 0.10697674418604651,
          "coarse_grained_average": 0.10697674418604651
        },
        "length": {
          "max": 645,
          "median": 645.0,
          "fine_grained_average": 645.0,
          "coarse_grained_average": 645.0
        }
      },
      "chinese-gov-test_MUL": {
        "BLEU": {
          "max": 0.020239392950623308,
          "median": 0.020239392950623308,
          "fine_grained_average": 0.020239392950623308,
          "coarse_grained_average": 0.020239392950623308
        },
        "F1": {
          "max": 0.11030110049717892,
          "median": 0.11030110049717892,
          "fine_grained_average": 0.11030110049717892,
          "coarse_grained_average": 0.11030110049717892
        },
        "ROUGE-1": {
          "max": 0.0,
          "median": 0.0,
          "fine_grained_average": 0.0,
          "coarse_grained_average": 0.0
        },
        "ROUGE-2": {
          "max": 0.0,
          "median": 0.0,
          "fine_grained_average": 0.0,
          "coarse_grained_average": 0.0
        },
        "ROUGE-L": {
          "max": 0.0,
          "median": 0.0,
          "fine_grained_average": 0.0,
          "coarse_grained_average": 0.0
        },
        "ACC": {
          "max": 0.13725490196078433,
          "median": 0.13725490196078433,
          "fine_grained_average": 0.13725490196078433,
          "coarse_grained_average": 0.13725490196078433
        },
        "length": {
          "max": 153,
          "median": 153.0,
          "fine_grained_average": 153.0,
          "coarse_grained_average": 153.0
        }
      }
    },
    "overall": {
      "BLEU": {
        "max": 0.020239392950623308,
        "median": 0.017509080999917923,
        "fine_grained_average": 0.01582573077467099,
        "coarse_grained_average": 0.017509080999917923
      },
      "F1": {
        "max": 0.11030110049717892,
        "median": 0.09587182017273577,
        "fine_grained_average": 0.08697557215315428,
        "coarse_grained_average": 0.09587182017273577
      },
      "ROUGE-1": {
        "max": 0.0,
        "median": 0.0,
        "fine_grained_average": 0.0,
        "coarse_grained_average": 0.0
      },
      "ROUGE-2": {
        "max": 0.0,
        "median": 0.0,
        "fine_grained_average": 0.0,
        "coarse_grained_average": 0.0
      },
      "ROUGE-L": {
        "max": 0.0,
        "median": 0.0,
        "fine_grained_average": 0.0,
        "coarse_grained_average": 0.0
      },
      "ACC": {
        "max": 0.13725490196078433,
        "median": 0.12211582307341542,
        "fine_grained_average": 0.11278195488721804,
        "coarse_grained_average": 0.12211582307341542
      },
      "length": {
        "max": 645,
        "median": 399.0,
        "fine_grained_average": 550.6691729323309,
        "coarse_grained_average": 399.0
      }
    }
  },
  "results": {
    "K12_MUL": {
      "K12_MUL.jsonl": {
        "BLEU": 0.014778769049212536,
        "F1": 0.08144253984829261,
        "ROUGE-1": 0.0,
        "ROUGE-2": 0.0,
        "ROUGE-L": 0.0,
        "ACC": 0.10697674418604651,
        "length": 645
      }
    },
    "chinese-gov-test_MUL": {
      "chinese-gov-test_MUL.jsonl": {
        "BLEU": 0.020239392950623308,
        "F1": 0.11030110049717892,
        "ROUGE-1": 0.0,
        "ROUGE-2": 0.0,
        "ROUGE-L": 0.0,
        "ACC": 0.13725490196078433,
        "length": 153
      }
    }
  }
}