{
  "calculate": {
    "groups": {
      "K12_QA": {
        "BLEU": {
          "max": 0.044636610919715186,
          "median": 0.044636610919715186,
          "fine_grained_average": 0.044636610919715186,
          "coarse_grained_average": 0.044636610919715186
        },
        "F1": {
          "max": 0.19201027301725215,
          "median": 0.19201027301725215,
          "fine_grained_average": 0.19201027301725215,
          "coarse_grained_average": 0.19201027301725215
        },
        "ROUGE-1": {
          "max": 0.19636057751077302,
          "median": 0.19636057751077302,
          "fine_grained_average": 0.19636057751077302,
          "coarse_grained_average": 0.19636057751077302
        },
        "ROUGE-2": {
          "max": 0.07534280263720912,
          "median": 0.07534280263720912,
          "fine_grained_average": 0.07534280263720912,
          "coarse_grained_average": 0.07534280263720912
        },
        "ROUGE-L": {
          "max": 0.17538959751509056,
          "median": 0.17538959751509056,
          "fine_grained_average": 0.17538959751509056,
          "coarse_grained_average": 0.17538959751509056
        },
        "ACC-prefix": {
          "max": 0.005405405405405406,
          "median": 0.005405405405405406,
          "fine_grained_average": 0.005405405405405406,
          "coarse_grained_average": 0.005405405405405406
        },
        "ACC-in": {
          "max": 0.010810810810810811,
          "median": 0.010810810810810811,
          "fine_grained_average": 0.010810810810810811,
          "coarse_grained_average": 0.010810810810810811
        },
        "length": {
          "max": 185,
          "median": 185.0,
          "fine_grained_average": 185.0,
          "coarse_grained_average": 185.0
        }
      }
    },
    "overall": {
      "BLEU": {
        "max": 0.044636610919715186,
        "median": 0.044636610919715186,
        "fine_grained_average": 0.044636610919715186,
        "coarse_grained_average": 0.044636610919715186
      },
      "F1": {
        "max": 0.19201027301725215,
        "median": 0.19201027301725215,
        "fine_grained_average": 0.19201027301725215,
        "coarse_grained_average": 0.19201027301725215
      },
      "ROUGE-1": {
        "max": 0.19636057751077302,
        "median": 0.19636057751077302,
        "fine_grained_average": 0.19636057751077302,
        "coarse_grained_average": 0.19636057751077302
      },
      "ROUGE-2": {
        "max": 0.07534280263720912,
        "median": 0.07534280263720912,
        "fine_grained_average": 0.07534280263720912,
        "coarse_grained_average": 0.07534280263720912
      },
      "ROUGE-L": {
        "max": 0.17538959751509056,
        "median": 0.17538959751509056,
        "fine_grained_average": 0.17538959751509056,
        "coarse_grained_average": 0.17538959751509056
      },
      "ACC-prefix": {
        "max": 0.005405405405405406,
        "median": 0.005405405405405406,
        "fine_grained_average": 0.005405405405405406,
        "coarse_grained_average": 0.005405405405405406
      },
      "ACC-in": {
        "max": 0.010810810810810811,
        "median": 0.010810810810810811,
        "fine_grained_average": 0.010810810810810811,
        "coarse_grained_average": 0.010810810810810811
      },
      "length": {
        "max": 185,
        "median": 185.0,
        "fine_grained_average": 185.0,
        "coarse_grained_average": 185.0
      }
    }
  },
  "results": {
    "K12_QA": {
      "K12_QA.jsonl": {
        "BLEU": 0.044636610919715186,
        "F1": 0.19201027301725215,
        "ROUGE-1": 0.19636057751077302,
        "ROUGE-2": 0.07534280263720912,
        "ROUGE-L": 0.17538959751509056,
        "ACC-prefix": 0.005405405405405406,
        "ACC-in": 0.010810810810810811,
        "length": 185
      }
    }
  }
}