{
  "calculate": {
    "groups": {
      "commonsense-qa_MUL": {
        "BLEU": {
          "max": 0.012692458649515346,
          "median": 0.012692458649515346,
          "fine_grained_average": 0.012692458649515346,
          "coarse_grained_average": 0.012692458649515346
        },
        "F1": {
          "max": 0.06812282415132924,
          "median": 0.06812282415132924,
          "fine_grained_average": 0.06812282415132924,
          "coarse_grained_average": 0.06812282415132924
        },
        "ROUGE-1": {
          "max": 0.0,
          "median": 0.0,
          "fine_grained_average": 0.0,
          "coarse_grained_average": 0.0
        },
        "ROUGE-2": {
          "max": 0.0,
          "median": 0.0,
          "fine_grained_average": 0.0,
          "coarse_grained_average": 0.0
        },
        "ROUGE-L": {
          "max": 0.0,
          "median": 0.0,
          "fine_grained_average": 0.0,
          "coarse_grained_average": 0.0
        },
        "ACC": {
          "max": 0.28104575163398693,
          "median": 0.28104575163398693,
          "fine_grained_average": 0.28104575163398693,
          "coarse_grained_average": 0.28104575163398693
        },
        "length": {
          "max": 153,
          "median": 153.0,
          "fine_grained_average": 153.0,
          "coarse_grained_average": 153.0
        }
      },
      "logic_MUL": {
        "BLEU": {
          "max": 0.01780063774926402,
          "median": 0.01780063774926402,
          "fine_grained_average": 0.01780063774926402,
          "coarse_grained_average": 0.01780063774926402
        },
        "F1": {
          "max": 0.10180471737775612,
          "median": 0.10180471737775612,
          "fine_grained_average": 0.10180471737775612,
          "coarse_grained_average": 0.10180471737775612
        },
        "ROUGE-1": {
          "max": 0.0,
          "median": 0.0,
          "fine_grained_average": 0.0,
          "coarse_grained_average": 0.0
        },
        "ROUGE-2": {
          "max": 0.0,
          "median": 0.0,
          "fine_grained_average": 0.0,
          "coarse_grained_average": 0.0
        },
        "ROUGE-L": {
          "max": 0.0,
          "median": 0.0,
          "fine_grained_average": 0.0,
          "coarse_grained_average": 0.0
        },
        "ACC": {
          "max": 0.16037735849056603,
          "median": 0.16037735849056603,
          "fine_grained_average": 0.16037735849056603,
          "coarse_grained_average": 0.16037735849056603
        },
        "length": {
          "max": 424,
          "median": 424.0,
          "fine_grained_average": 424.0,
          "coarse_grained_average": 424.0
        }
      },
      "math_MUL": {
        "BLEU": {
          "max": 0.019388517120290515,
          "median": 0.019388517120290515,
          "fine_grained_average": 0.019388517120290515,
          "coarse_grained_average": 0.019388517120290515
        },
        "F1": {
          "max": 0.10164717611605621,
          "median": 0.10164717611605621,
          "fine_grained_average": 0.10164717611605621,
          "coarse_grained_average": 0.10164717611605621
        },
        "ROUGE-1": {
          "max": 0.0,
          "median": 0.0,
          "fine_grained_average": 0.0,
          "coarse_grained_average": 0.0
        },
        "ROUGE-2": {
          "max": 0.0,
          "median": 0.0,
          "fine_grained_average": 0.0,
          "coarse_grained_average": 0.0
        },
        "ROUGE-L": {
          "max": 0.0,
          "median": 0.0,
          "fine_grained_average": 0.0,
          "coarse_grained_average": 0.0
        },
        "ACC": {
          "max": 0.2631578947368421,
          "median": 0.2631578947368421,
          "fine_grained_average": 0.2631578947368421,
          "coarse_grained_average": 0.2631578947368421
        },
        "length": {
          "max": 114,
          "median": 114.0,
          "fine_grained_average": 114.0,
          "coarse_grained_average": 114.0
        }
      },
      "reading-comprehension_MUL": {
        "BLEU": {
          "max": 0.018648783669082656,
          "median": 0.018648783669082656,
          "fine_grained_average": 0.018648783669082656,
          "coarse_grained_average": 0.018648783669082656
        },
        "F1": {
          "max": 0.10770082958003928,
          "median": 0.10770082958003928,
          "fine_grained_average": 0.10770082958003928,
          "coarse_grained_average": 0.10770082958003928
        },
        "ROUGE-1": {
          "max": 0.0,
          "median": 0.0,
          "fine_grained_average": 0.0,
          "coarse_grained_average": 0.0
        },
        "ROUGE-2": {
          "max": 0.0,
          "median": 0.0,
          "fine_grained_average": 0.0,
          "coarse_grained_average": 0.0
        },
        "ROUGE-L": {
          "max": 0.0,
          "median": 0.0,
          "fine_grained_average": 0.0,
          "coarse_grained_average": 0.0
        },
        "ACC": {
          "max": 0.45038167938931295,
          "median": 0.45038167938931295,
          "fine_grained_average": 0.45038167938931295,
          "coarse_grained_average": 0.45038167938931295
        },
        "length": {
          "max": 131,
          "median": 131.0,
          "fine_grained_average": 131.0,
          "coarse_grained_average": 131.0
        }
      },
      "real-world_MUL": {
        "BLEU": {
          "max": 0.01648165527254564,
          "median": 0.01648165527254564,
          "fine_grained_average": 0.01648165527254564,
          "coarse_grained_average": 0.01648165527254564
        },
        "F1": {
          "max": 0.08906666666666667,
          "median": 0.08906666666666667,
          "fine_grained_average": 0.08906666666666667,
          "coarse_grained_average": 0.08906666666666667
        },
        "ROUGE-1": {
          "max": 0.0,
          "median": 0.0,
          "fine_grained_average": 0.0,
          "coarse_grained_average": 0.0
        },
        "ROUGE-2": {
          "max": 0.0,
          "median": 0.0,
          "fine_grained_average": 0.0,
          "coarse_grained_average": 0.0
        },
        "ROUGE-L": {
          "max": 0.0,
          "median": 0.0,
          "fine_grained_average": 0.0,
          "coarse_grained_average": 0.0
        },
        "ACC": {
          "max": 0.232,
          "median": 0.232,
          "fine_grained_average": 0.232,
          "coarse_grained_average": 0.232
        },
        "length": {
          "max": 125,
          "median": 125.0,
          "fine_grained_average": 125.0,
          "coarse_grained_average": 125.0
        }
      },
      "science-qa_MUL": {
        "BLEU": {
          "max": 0.020209299142082013,
          "median": 0.020209299142082013,
          "fine_grained_average": 0.020209299142082013,
          "coarse_grained_average": 0.020209299142082013
        },
        "F1": {
          "max": 0.11617908711158662,
          "median": 0.11617908711158662,
          "fine_grained_average": 0.11617908711158662,
          "coarse_grained_average": 0.11617908711158662
        },
        "ROUGE-1": {
          "max": 0.0,
          "median": 0.0,
          "fine_grained_average": 0.0,
          "coarse_grained_average": 0.0
        },
        "ROUGE-2": {
          "max": 0.0,
          "median": 0.0,
          "fine_grained_average": 0.0,
          "coarse_grained_average": 0.0
        },
        "ROUGE-L": {
          "max": 0.0,
          "median": 0.0,
          "fine_grained_average": 0.0,
          "coarse_grained_average": 0.0
        },
        "ACC": {
          "max": 0.33884297520661155,
          "median": 0.33884297520661155,
          "fine_grained_average": 0.33884297520661155,
          "coarse_grained_average": 0.33884297520661155
        },
        "length": {
          "max": 121,
          "median": 121.0,
          "fine_grained_average": 121.0,
          "coarse_grained_average": 121.0
        }
      },