{
  "BLEU": 0.005527971313667833,
  "F1": 0.027056277056277056,
  "ROUGE-1": 0.03535353510942761,
  "ROUGE-2": 0.0,
  "ROUGE-L": 0.03535353510942761,
  "ACC": 0.06060606060606061,
  "length": 66
}