{
  "BLEU": 0.02811251086309514,
  "F1": 0.16115204951895548,
  "ROUGE-1": 0.0,
  "ROUGE-2": 0.0,
  "ROUGE-L": 0.0,
  "ACC": 0.2740740740740741,
  "length": 135
}