{
  "BLEU": 0.02024930661752431,
  "F1": 0.11062006320241739,
  "ROUGE-1": 0.0,
  "ROUGE-2": 0.0,
  "ROUGE-L": 0.0,
  "ACC": 0.22818791946308725,
  "length": 149
}