{
  "BLEU": 0.00931972837665337,
  "F1": 0.07417030535762112,
  "ROUGE-1": 0.0,
  "ROUGE-2": 0.0,
  "ROUGE-L": 0.0,
  "ACC": 0.06428571428571428,
  "length": 420
}