{
  "BLEU": 0.02191262429006073,
  "F1": 0.14448148869102614,
  "ROUGE-1": 0.0,
  "ROUGE-2": 0.0,
  "ROUGE-L": 0.0,
  "ACC": 0.2066115702479339,
  "length": 121
}