{
  "BLEU": 0.02443180227969783,
  "F1": 0.1299410468010352,
  "ROUGE-1": 0.0,
  "ROUGE-2": 0.0,
  "ROUGE-L": 0.0,
  "ACC": 0.2,
  "length": 115
}