{
  "BLEU": 0.001787259095571463,
  "F1": 0.04310556810600926,
  "ROUGE-1": 0.0,
  "ROUGE-2": 0.0,
  "ROUGE-L": 0.0,
  "ACC": 0.05217391304347826,
  "length": 115
}