{
  "BLEU": 0.009179944725020315,
  "F1": 0.051761788201913655,
  "ROUGE-1": 0.0,
  "ROUGE-2": 0.0,
  "ROUGE-L": 0.0,
  "ACC": 0.19607843137254902,
  "length": 153
}