{
  "BLEU": 0.010032352636879271,
  "F1": 0.06057462245290155,
  "ROUGE-1": 0.0,
  "ROUGE-2": 0.0,
  "ROUGE-L": 0.0,
  "ACC": 0.24806201550387597,
  "length": 645
}