{
  "calculate": {
    "groups": {
      "K12_MUL": {
        "BLEU": {
          "max": 0.019241666518480787,
          "median": 0.019241666518480787,
          "fine_grained_average": 0.019241666518480787,
          "coarse_grained_average": 0.019241666518480787
        },
        "F1": {
          "max": 0.10508182601205857,
          "median": 0.10508182601205857,
          "fine_grained_average": 0.10508182601205857,
          "coarse_grained_average": 0.10508182601205857
        },
        "ROUGE-1": {
          "max": 0.0,
          "median": 0.0,
          "fine_grained_average": 0.0,
          "coarse_grained_average": 0.0
        },
        "ROUGE-2": {
          "max": 0.0,
          "median": 0.0,
          "fine_grained_average": 0.0,
          "coarse_grained_average": 0.0
        },
        "ROUGE-L": {
          "max": 0.0,
          "median": 0.0,
          "fine_grained_average": 0.0,
          "coarse_grained_average": 0.0
        },
        "ACC": {
          "max": 0.12558139534883722,
          "median": 0.12558139534883722,
          "fine_grained_average": 0.12558139534883722,
          "coarse_grained_average": 0.12558139534883722
        },
        "length": {
          "max": 645,
          "median": 645.0,
          "fine_grained_average": 645.0,
          "coarse_grained_average": 645.0
        }
      },
      "chinese-gov-test_MUL": {
        "BLEU": {
          "max": 0.022309155140195585,
          "median": 0.022309155140195585,
          "fine_grained_average": 0.022309155140195585,
          "coarse_grained_average": 0.022309155140195585
        },
        "F1": {
          "max": 0.12483660130718956,
          "median": 0.12483660130718956,
          "fine_grained_average": 0.12483660130718956,
          "coarse_grained_average": 0.12483660130718956
        },
        "ROUGE-1": {
          "max": 0.0,
          "median": 0.0,
          "fine_grained_average": 0.0,
          "coarse_grained_average": 0.0
        },
        "ROUGE-2": {
          "max": 0.0,
          "median": 0.0,
          "fine_grained_average": 0.0,
          "coarse_grained_average": 0.0
        },
        "ROUGE-L": {
          "max": 0.0,
          "median": 0.0,
          "fine_grained_average": 0.0,
          "coarse_grained_average": 0.0
        },
        "ACC": {
          "max": 0.1437908496732026,
          "median": 0.1437908496732026,
          "fine_grained_average": 0.1437908496732026,
          "coarse_grained_average": 0.1437908496732026
        },
        "length": {
          "max": 153,
          "median": 153.0,
          "fine_grained_average": 153.0,
          "coarse_grained_average": 153.0
        }
      }
    },
    "overall": {
      "BLEU": {
        "max": 0.022309155140195585,
        "median": 0.020775410829338186,
        "fine_grained_average": 0.019829794036177986,
        "coarse_grained_average": 0.020775410829338186
      },
      "F1": {
        "max": 0.12483660130718956,
        "median": 0.11495921365962405,
        "fine_grained_average": 0.10886939571150096,
        "coarse_grained_average": 0.11495921365962405
      },
      "ROUGE-1": {
        "max": 0.0,
        "median": 0.0,
        "fine_grained_average": 0.0,
        "coarse_grained_average": 0.0
      },
      "ROUGE-2": {
        "max": 0.0,
        "median": 0.0,
        "fine_grained_average": 0.0,
        "coarse_grained_average": 0.0
      },
      "ROUGE-L": {
        "max": 0.0,
        "median": 0.0,
        "fine_grained_average": 0.0,
        "coarse_grained_average": 0.0
      },
      "ACC": {
        "max": 0.1437908496732026,
        "median": 0.1346861225110199,
        "fine_grained_average": 0.12907268170426067,
        "coarse_grained_average": 0.1346861225110199
      },
      "length": {
        "max": 645,
        "median": 399.0,
        "fine_grained_average": 550.6691729323309,
        "coarse_grained_average": 399.0
      }
    }
  },
  "results": {
    "K12_MUL": {
      "K12_MUL.jsonl": {
        "BLEU": 0.019241666518480787,
        "F1": 0.10508182601205857,
        "ROUGE-1": 0.0,
        "ROUGE-2": 0.0,
        "ROUGE-L": 0.0,
        "ACC": 0.12558139534883722,
        "length": 645
      }
    },
    "chinese-gov-test_MUL": {
      "chinese-gov-test_MUL.jsonl": {
        "BLEU": 0.022309155140195585,
        "F1": 0.12483660130718956,
        "ROUGE-1": 0.0,
        "ROUGE-2": 0.0,
        "ROUGE-L": 0.0,
        "ACC": 0.1437908496732026,
        "length": 153
      }
    }
  }
}