{
  "BLEU": 0.00268653134033697,
  "F1": 0.013468013468013467,
  "ROUGE-1": 0.013468013370744483,
  "ROUGE-2": 0.0,
  "ROUGE-L": 0.013468013370744483,
  "ACC": 0.015151515151515152,
  "length": 66
}