{
  "calculate": {
    "groups": {
      "commonsense-qa_MUL": {
        "BLEU": {
          "max": 0.03832287657244939,
          "median": 0.03832287657244939,
          "fine_grained_average": 0.03832287657244939,
          "coarse_grained_average": 0.03832287657244939
        },
        "F1": {
          "max": 0.18758169934640523,
          "median": 0.18758169934640523,
          "fine_grained_average": 0.18758169934640523,
          "coarse_grained_average": 0.18758169934640523
        },
        "ROUGE-1": {
          "max": 0.0,
          "median": 0.0,
          "fine_grained_average": 0.0,
          "coarse_grained_average": 0.0
        },
        "ROUGE-2": {
          "max": 0.0,
          "median": 0.0,
          "fine_grained_average": 0.0,
          "coarse_grained_average": 0.0
        },
        "ROUGE-L": {
          "max": 0.0,
          "median": 0.0,
          "fine_grained_average": 0.0,
          "coarse_grained_average": 0.0
        },
        "ACC": {
          "max": 0.2875816993464052,
          "median": 0.2875816993464052,
          "fine_grained_average": 0.2875816993464052,
          "coarse_grained_average": 0.2875816993464052
        },
        "length": {
          "max": 153,
          "median": 153.0,
          "fine_grained_average": 153.0,
          "coarse_grained_average": 153.0
        }
      },
      "logic_MUL": {
        "BLEU": {
          "max": 0.018129435699352953,
          "median": 0.018129435699352953,
          "fine_grained_average": 0.018129435699352953,
          "coarse_grained_average": 0.018129435699352953
        },
        "F1": {
          "max": 0.10427638399336511,
          "median": 0.10427638399336511,
          "fine_grained_average": 0.10427638399336511,
          "coarse_grained_average": 0.10427638399336511
        },
        "ROUGE-1": {
          "max": 0.0,
          "median": 0.0,
          "fine_grained_average": 0.0,
          "coarse_grained_average": 0.0
        },
        "ROUGE-2": {
          "max": 0.0,
          "median": 0.0,
          "fine_grained_average": 0.0,
          "coarse_grained_average": 0.0
        },
        "ROUGE-L": {
          "max": 0.0,
          "median": 0.0,
          "fine_grained_average": 0.0,
          "coarse_grained_average": 0.0
        },
        "ACC": {
          "max": 0.2641509433962264,
          "median": 0.2641509433962264,
          "fine_grained_average": 0.2641509433962264,
          "coarse_grained_average": 0.2641509433962264
        },
        "length": {
          "max": 424,
          "median": 424.0,
          "fine_grained_average": 424.0,
          "coarse_grained_average": 424.0
        }
      },
      "math_MUL": {
        "BLEU": {
          "max": 0.054090432031194145,
          "median": 0.054090432031194145,
          "fine_grained_average": 0.054090432031194145,
          "coarse_grained_average": 0.054090432031194145
        },
        "F1": {
          "max": 0.2729741019214703,
          "median": 0.2729741019214703,
          "fine_grained_average": 0.2729741019214703,
          "coarse_grained_average": 0.2729741019214703
        },
        "ROUGE-1": {
          "max": 0.0,
          "median": 0.0,
          "fine_grained_average": 0.0,
          "coarse_grained_average": 0.0
        },
        "ROUGE-2": {
          "max": 0.0,
          "median": 0.0,
          "fine_grained_average": 0.0,
          "coarse_grained_average": 0.0
        },
        "ROUGE-L": {
          "max": 0.0,
          "median": 0.0,
          "fine_grained_average": 0.0,
          "coarse_grained_average": 0.0
        },
        "ACC": {
          "max": 0.37719298245614036,
          "median": 0.37719298245614036,
          "fine_grained_average": 0.37719298245614036,
          "coarse_grained_average": 0.37719298245614036
        },
        "length": {
          "max": 114,
          "median": 114.0,
          "fine_grained_average": 114.0,
          "coarse_grained_average": 114.0
        }
      },
      "reading-comprehension_MUL": {
        "BLEU": {
          "max": 0.055618289823753206,
          "median": 0.055618289823753206,
          "fine_grained_average": 0.055618289823753206,
          "coarse_grained_average": 0.055618289823753206
        },
        "F1": {
          "max": 0.3017185592185592,
          "median": 0.3017185592185592,
          "fine_grained_average": 0.3017185592185592,
          "coarse_grained_average": 0.3017185592185592
        },
        "ROUGE-1": {
          "max": 0.0,
          "median": 0.0,
          "fine_grained_average": 0.0,
          "coarse_grained_average": 0.0
        },
        "ROUGE-2": {
          "max": 0.0,
          "median": 0.0,
          "fine_grained_average": 0.0,
          "coarse_grained_average": 0.0
        },
        "ROUGE-L": {
          "max": 0.0,
          "median": 0.0,
          "fine_grained_average": 0.0,
          "coarse_grained_average": 0.0
        },
        "ACC": {
          "max": 0.5801526717557252,
          "median": 0.5801526717557252,
          "fine_grained_average": 0.5801526717557252,
          "coarse_grained_average": 0.5801526717557252
        },
        "length": {
          "max": 131,
          "median": 131.0,
          "fine_grained_average": 131.0,
          "coarse_grained_average": 131.0
        }
      },
      "real-world_MUL": {
        "BLEU": {
          "max": 0.028637109539091772,
          "median": 0.028637109539091772,
          "fine_grained_average": 0.028637109539091772,
          "coarse_grained_average": 0.028637109539091772
        },
        "F1": {
          "max": 0.13189390681003585,
          "median": 0.13189390681003585,
          "fine_grained_average": 0.13189390681003585,
          "coarse_grained_average": 0.13189390681003585
        },
        "ROUGE-1": {
          "max": 0.0,
          "median": 0.0,
          "fine_grained_average": 0.0,
          "coarse_grained_average": 0.0
        },
        "ROUGE-2": {
          "max": 0.0,
          "median": 0.0,
          "fine_grained_average": 0.0,
          "coarse_grained_average": 0.0
        },
        "ROUGE-L": {
          "max": 0.0,
          "median": 0.0,
          "fine_grained_average": 0.0,
          "coarse_grained_average": 0.0
        },
        "ACC": {
          "max": 0.456,
          "median": 0.456,
          "fine_grained_average": 0.456,
          "coarse_grained_average": 0.456
        },
        "length": {
          "max": 125,
          "median": 125.0,
          "fine_grained_average": 125.0,
          "coarse_grained_average": 125.0
        }
      },
      "science-qa_MUL": {
        "BLEU": {
          "max": 0.044395944643385164,
          "median": 0.044395944643385164,
          "fine_grained_average": 0.044395944643385164,
          "coarse_grained_average": 0.044395944643385164
        },
        "F1": {
          "max": 0.23753580686353795,
          "median": 0.23753580686353795,
          "fine_grained_average": 0.23753580686353795,
          "coarse_grained_average": 0.23753580686353795
        },
        "ROUGE-1": {
          "max": 0.0,
          "median": 0.0,
          "fine_grained_average": 0.0,
          "coarse_grained_average": 0.0
        },
        "ROUGE-2": {
          "max": 0.0,
          "median": 0.0,
          "fine_grained_average": 0.0,
          "coarse_grained_average": 0.0
        },
        "ROUGE-L": {
          "max": 0.0,
          "median": 0.0,
          "fine_grained_average": 0.0,
          "coarse_grained_average": 0.0
        },
        "ACC": {
          "max": 0.5454545454545454,
          "median": 0.5454545454545454,
          "fine_grained_average": 0.5454545454545454,
          "coarse_grained_average": 0.5454545454545454
        },
        "length": {
          "max": 121,
          "median": 121.0,
          "fine_grained_average": 121.0,
          "coarse_grained_average": 121.0
        }
      },