{
  "BLEU": 0.0017215444946477266,
  "F1": 0.007575757575757576,
  "ROUGE-1": 0.007575757518939395,
  "ROUGE-2": 0.0,
  "ROUGE-L": 0.007575757518939395,
  "ACC": 0.015151515151515152,
  "length": 66
}