{
  "calculate": {
    "groups": {
      "commonsense-qa_MUL": {
        "BLEU": {
          "max": 0.03901743709845598,
          "median": 0.03901743709845598,
          "fine_grained_average": 0.03901743709845598,
          "coarse_grained_average": 0.03901743709845598
        },
        "F1": {
          "max": 0.21722974253971863,
          "median": 0.21722974253971863,
          "fine_grained_average": 0.21722974253971863,
          "coarse_grained_average": 0.21722974253971863
        },
        "ROUGE-1": {
          "max": 0.0,
          "median": 0.0,
          "fine_grained_average": 0.0,
          "coarse_grained_average": 0.0
        },
        "ROUGE-2": {
          "max": 0.0,
          "median": 0.0,
          "fine_grained_average": 0.0,
          "coarse_grained_average": 0.0
        },
        "ROUGE-L": {
          "max": 0.0,
          "median": 0.0,
          "fine_grained_average": 0.0,
          "coarse_grained_average": 0.0
        },
        "ACC": {
          "max": 0.2483221476510067,
          "median": 0.2483221476510067,
          "fine_grained_average": 0.2483221476510067,
          "coarse_grained_average": 0.2483221476510067
        },
        "length": {
          "max": 149,
          "median": 149.0,
          "fine_grained_average": 149.0,
          "coarse_grained_average": 149.0
        }
      },
      "inference_MUL": {
        "BLEU": {
          "max": 0.017582051185548363,
          "median": 0.017582051185548363,
          "fine_grained_average": 0.017582051185548363,
          "coarse_grained_average": 0.017582051185548363
        },
        "F1": {
          "max": 0.09886403279260422,
          "median": 0.09886403279260422,
          "fine_grained_average": 0.09886403279260422,
          "coarse_grained_average": 0.09886403279260422
        },
        "ROUGE-1": {
          "max": 0.0,
          "median": 0.0,
          "fine_grained_average": 0.0,
          "coarse_grained_average": 0.0
        },
        "ROUGE-2": {
          "max": 0.0,
          "median": 0.0,
          "fine_grained_average": 0.0,
          "coarse_grained_average": 0.0
        },
        "ROUGE-L": {
          "max": 0.0,
          "median": 0.0,
          "fine_grained_average": 0.0,
          "coarse_grained_average": 0.0
        },
        "ACC": {
          "max": 0.1357142857142857,
          "median": 0.1357142857142857,
          "fine_grained_average": 0.1357142857142857,
          "coarse_grained_average": 0.1357142857142857
        },
        "length": {
          "max": 420,
          "median": 420.0,
          "fine_grained_average": 420.0,
          "coarse_grained_average": 420.0
        }
      },
      "math_MUL": {
        "BLEU": {
          "max": 0.012370639374183812,
          "median": 0.012370639374183812,
          "fine_grained_average": 0.012370639374183812,
          "coarse_grained_average": 0.012370639374183812
        },
        "F1": {
          "max": 0.06956521739130435,
          "median": 0.06956521739130435,
          "fine_grained_average": 0.06956521739130435,
          "coarse_grained_average": 0.06956521739130435
        },
        "ROUGE-1": {
          "max": 0.0,
          "median": 0.0,
          "fine_grained_average": 0.0,
          "coarse_grained_average": 0.0
        },
        "ROUGE-2": {
          "max": 0.0,
          "median": 0.0,
          "fine_grained_average": 0.0,
          "coarse_grained_average": 0.0
        },
        "ROUGE-L": {
          "max": 0.0,
          "median": 0.0,
          "fine_grained_average": 0.0,
          "coarse_grained_average": 0.0
        },
        "ACC": {
          "max": 0.12173913043478261,
          "median": 0.12173913043478261,
          "fine_grained_average": 0.12173913043478261,
          "coarse_grained_average": 0.12173913043478261
        },
        "length": {
          "max": 115,
          "median": 115.0,
          "fine_grained_average": 115.0,
          "coarse_grained_average": 115.0
        }
      },
      "real-world_MUL": {
        "BLEU": {
          "max": 0.03845715091141171,
          "median": 0.03845715091141171,
          "fine_grained_average": 0.03845715091141171,
          "coarse_grained_average": 0.03845715091141171
        },
        "F1": {
          "max": 0.21850835148874365,
          "median": 0.21850835148874365,
          "fine_grained_average": 0.21850835148874365,
          "coarse_grained_average": 0.21850835148874365
        },
        "ROUGE-1": {
          "max": 0.0,
          "median": 0.0,
          "fine_grained_average": 0.0,
          "coarse_grained_average": 0.0
        },
        "ROUGE-2": {
          "max": 0.0,
          "median": 0.0,
          "fine_grained_average": 0.0,
          "coarse_grained_average": 0.0
        },
        "ROUGE-L": {
          "max": 0.0,
          "median": 0.0,
          "fine_grained_average": 0.0,
          "coarse_grained_average": 0.0
        },
        "ACC": {
          "max": 0.23703703703703705,
          "median": 0.23703703703703705,
          "fine_grained_average": 0.23703703703703705,
          "coarse_grained_average": 0.23703703703703705
        },
        "length": {
          "max": 135,
          "median": 135.0,
          "fine_grained_average": 135.0,
          "coarse_grained_average": 135.0
        }
      },
      "science-qa_MUL": {
        "BLEU": {
          "max": 0.034609338642532836,
          "median": 0.034609338642532836,
          "fine_grained_average": 0.034609338642532836,
          "coarse_grained_average": 0.034609338642532836
        },
        "F1": {
          "max": 0.18939393939393936,
          "median": 0.18939393939393936,
          "fine_grained_average": 0.18939393939393936,
          "coarse_grained_average": 0.18939393939393936
        },
        "ROUGE-1": {
          "max": 0.0,
          "median": 0.0,
          "fine_grained_average": 0.0,
          "coarse_grained_average": 0.0
        },
        "ROUGE-2": {
          "max": 0.0,
          "median": 0.0,
          "fine_grained_average": 0.0,
          "coarse_grained_average": 0.0
        },
        "ROUGE-L": {
          "max": 0.0,
          "median": 0.0,
          "fine_grained_average": 0.0,
          "coarse_grained_average": 0.0
        },
        "ACC": {
          "max": 0.21487603305785125,
          "median": 0.21487603305785125,
          "fine_grained_average": 0.21487603305785125,
          "coarse_grained_average": 0.21487603305785125
        },
        "length": {
          "max": 121,
          "median": 121.0,
          "fine_grained_average": 121.0,
          "coarse_grained_average": 121.0
        }
      },
      "sentimental-analysis_MUL": {
        "BLEU": {
          "max": 0.07982978898188309,
          "median": 0.07982978898188309,
          "fine_grained_average": 0.07982978898188309,
          "coarse_grained_average": 0.07982978898188309
        },
        "F1": {
          "max": 0.43594202898550727,
          "median": 0.43594202898550727,
          "fine_grained_average": 0.43594202898550727,
          "coarse_grained_average": 0.43594202898550727
        },
        "ROUGE-1": {
          "max": 0.0,
          "median": 0.0,
          "fine_grained_average": 0.0,
          "coarse_grained_average": 0.0
        },
        "ROUGE-2": {
          "max": 0.0,
          "median": 0.0,
          "fine_grained_average": 0.0,
          "coarse_grained_average": 0.0
        },
        "ROUGE-L": {
          "max": 0.0,
          "median": 0.0,
          "fine_grained_average": 0.0,
          "coarse_grained_average": 0.0
        },
        "ACC": {
          "max": 0.3826086956521739,
          "median": 0.3826086956521739,
          "fine_grained_average": 0.3826086956521739,
          "coarse_grained_average": 0.3826086956521739
        },
        "length": {
          "max": 115,
          "median": 115.0,
          "fine_grained_average": 115.0,
          "coarse_grained_average": 115.0
        }
      }
    },