{
  "calculate": {
    "groups": {
      "K12_MUL": {
        "BLEU": {
          "max": 0.009536826307249443,
          "median": 0.009536826307249443,
          "fine_grained_average": 0.009536826307249443,
          "coarse_grained_average": 0.009536826307249443
        },
        "F1": {
          "max": 0.054046390419325435,
          "median": 0.054046390419325435,
          "fine_grained_average": 0.054046390419325435,
          "coarse_grained_average": 0.054046390419325435
        },
        "ROUGE-1": {
          "max": 0.0,
          "median": 0.0,
          "fine_grained_average": 0.0,
          "coarse_grained_average": 0.0
        },
        "ROUGE-2": {
          "max": 0.0,
          "median": 0.0,
          "fine_grained_average": 0.0,
          "coarse_grained_average": 0.0
        },
        "ROUGE-L": {
          "max": 0.0,
          "median": 0.0,
          "fine_grained_average": 0.0,
          "coarse_grained_average": 0.0
        },
        "ACC": {
          "max": 0.09457364341085271,
          "median": 0.09457364341085271,
          "fine_grained_average": 0.09457364341085271,
          "coarse_grained_average": 0.09457364341085271
        },
        "length": {
          "max": 645,
          "median": 645.0,
          "fine_grained_average": 645.0,
          "coarse_grained_average": 645.0
        }
      },
      "chinese-gov-test_MUL": {
        "BLEU": {
          "max": 0.012845714112530717,
          "median": 0.012845714112530717,
          "fine_grained_average": 0.012845714112530717,
          "coarse_grained_average": 0.012845714112530717
        },
        "F1": {
          "max": 0.07275418560990704,
          "median": 0.07275418560990704,
          "fine_grained_average": 0.07275418560990704,
          "coarse_grained_average": 0.07275418560990704
        },
        "ROUGE-1": {
          "max": 0.0,
          "median": 0.0,
          "fine_grained_average": 0.0,
          "coarse_grained_average": 0.0
        },
        "ROUGE-2": {
          "max": 0.0,
          "median": 0.0,
          "fine_grained_average": 0.0,
          "coarse_grained_average": 0.0
        },
        "ROUGE-L": {
          "max": 0.0,
          "median": 0.0,
          "fine_grained_average": 0.0,
          "coarse_grained_average": 0.0
        },
        "ACC": {
          "max": 0.09803921568627451,
          "median": 0.09803921568627451,
          "fine_grained_average": 0.09803921568627451,
          "coarse_grained_average": 0.09803921568627451
        },
        "length": {
          "max": 153,
          "median": 153.0,
          "fine_grained_average": 153.0,
          "coarse_grained_average": 153.0
        }
      }
    },
    "overall": {
      "BLEU": {
        "max": 0.012845714112530717,
        "median": 0.01119127020989008,
        "fine_grained_average": 0.010171237127059012,
        "coarse_grained_average": 0.01119127020989008
      },
      "F1": {
        "max": 0.07275418560990704,
        "median": 0.06340028801461624,
        "fine_grained_average": 0.05763322333180536,
        "coarse_grained_average": 0.06340028801461624
      },
      "ROUGE-1": {
        "max": 0.0,
        "median": 0.0,
        "fine_grained_average": 0.0,
        "coarse_grained_average": 0.0
      },
      "ROUGE-2": {
        "max": 0.0,
        "median": 0.0,
        "fine_grained_average": 0.0,
        "coarse_grained_average": 0.0
      },
      "ROUGE-L": {
        "max": 0.0,
        "median": 0.0,
        "fine_grained_average": 0.0,
        "coarse_grained_average": 0.0
      },
      "ACC": {
        "max": 0.09803921568627451,
        "median": 0.09630642954856361,
        "fine_grained_average": 0.09523809523809523,
        "coarse_grained_average": 0.09630642954856361
      },
      "length": {
        "max": 645,
        "median": 399.0,
        "fine_grained_average": 550.6691729323309,
        "coarse_grained_average": 399.0
      }
    }
  },
  "results": {
    "K12_MUL": {
      "K12_MUL.jsonl": {
        "BLEU": 0.009536826307249443,
        "F1": 0.054046390419325435,
        "ROUGE-1": 0.0,
        "ROUGE-2": 0.0,
        "ROUGE-L": 0.0,
        "ACC": 0.09457364341085271,
        "length": 645
      }
    },
    "chinese-gov-test_MUL": {
      "chinese-gov-test_MUL.jsonl": {
        "BLEU": 0.012845714112530717,
        "F1": 0.07275418560990704,
        "ROUGE-1": 0.0,
        "ROUGE-2": 0.0,
        "ROUGE-L": 0.0,
        "ACC": 0.09803921568627451,
        "length": 153
      }
    }
  }
}