{
  "BLEU": 0.020850413520204322,
  "F1": 0.11654501216545012,
  "ROUGE-1": 0.11654501149115978,
  "ROUGE-2": 0.0,
  "ROUGE-L": 0.11654501149115978,
  "ACC-prefix": 0.0948905109489051,
  "ACC-in": 0.10218978102189781,
  "length": 137
}