{
  "BLEU": 0.021429328257915183,
  "F1": 0.044542275050749626,
  "ROUGE-1": 0.029849340541159244,
  "ROUGE-2": 0.010430247634139004,
  "ROUGE-L": 0.035580938018370305,
  "ACC-prefix": 0.01694915254237288,
  "ACC-in": 0.01694915254237288,
  "length": 59
}