{
  "BLEU": 0.044570950424867396,
  "F1": 0.23482142857142857,
  "ROUGE-1": 0.24880952222132938,
  "ROUGE-2": 0.0,
  "ROUGE-L": 0.24880952222132938,
  "ACC-prefix": 0.39285714285714285,
  "ACC-in": 0.39285714285714285,
  "length": 112
}