{
  "BLEU": 0.2056914255276247,
  "F1": 0.6445003794314567,
  "ROUGE-1": 0.6631021735504925,
  "ROUGE-2": 0.35832847957782155,
  "ROUGE-L": 0.6608189108553597,
  "ACC-prefix": 0.5133333333333333,
  "ACC-in": 0.68,
  "length": 150
}