{
  "BLEU": 0.02262884034453477,
  "F1": 0.1595758464514297,
  "ROUGE-1": 0.16332367586949076,
  "ROUGE-2": 0.03939100216623708,
  "ROUGE-L": 0.14897373528015917,
  "ACC-prefix": 0.012903225806451613,
  "ACC-in": 0.025806451612903226,
  "length": 155
}