{
  "calculate": {
    "groups": {
      "factual-qa_QA": {
        "BLEU": {
          "max": 0.01404785183363313,
          "median": 0.01404785183363313,
          "fine_grained_average": 0.01404785183363313,
          "coarse_grained_average": 0.01404785183363313
        },
        "F1": {
          "max": 0.10265144277064174,
          "median": 0.10265144277064174,
          "fine_grained_average": 0.10265144277064174,
          "coarse_grained_average": 0.10265144277064174
        },
        "ROUGE-1": {
          "max": 0.10515817115247635,
          "median": 0.10515817115247635,
          "fine_grained_average": 0.10515817115247635,
          "coarse_grained_average": 0.10515817115247635
        },
        "ROUGE-2": {
          "max": 0.02055803662902164,
          "median": 0.02055803662902164,
          "fine_grained_average": 0.02055803662902164,
          "coarse_grained_average": 0.02055803662902164
        },
        "ROUGE-L": {
          "max": 0.08424612191012537,
          "median": 0.08424612191012537,
          "fine_grained_average": 0.08424612191012537,
          "coarse_grained_average": 0.08424612191012537
        },
        "ACC-prefix": {
          "max": 0.0,
          "median": 0.0,
          "fine_grained_average": 0.0,
          "coarse_grained_average": 0.0
        },
        "ACC-in": {
          "max": 0.0,
          "median": 0.0,
          "fine_grained_average": 0.0,
          "coarse_grained_average": 0.0
        },
        "length": {
          "max": 155,
          "median": 155.0,
          "fine_grained_average": 155.0,
          "coarse_grained_average": 155.0
        }
      },
      "inference_QA": {
        "BLEU": {
          "max": 0.029010468680697947,
          "median": 0.029010468680697947,
          "fine_grained_average": 0.029010468680697947,
          "coarse_grained_average": 0.029010468680697947
        },
        "F1": {
          "max": 0.1345734126984127,
          "median": 0.1345734126984127,
          "fine_grained_average": 0.1345734126984127,
          "coarse_grained_average": 0.1345734126984127
        },
        "ROUGE-1": {
          "max": 0.14212240982596702,
          "median": 0.14212240982596702,
          "fine_grained_average": 0.14212240982596702,
          "coarse_grained_average": 0.14212240982596702
        },
        "ROUGE-2": {
          "max": 0.0,
          "median": 0.0,
          "fine_grained_average": 0.0,
          "coarse_grained_average": 0.0
        },
        "ROUGE-L": {
          "max": 0.1415993956761074,
          "median": 0.1415993956761074,
          "fine_grained_average": 0.1415993956761074,
          "coarse_grained_average": 0.1415993956761074
        },
        "ACC-prefix": {
          "max": 0.19642857142857142,
          "median": 0.19642857142857142,
          "fine_grained_average": 0.19642857142857142,
          "coarse_grained_average": 0.19642857142857142
        },
        "ACC-in": {
          "max": 0.25,
          "median": 0.25,
          "fine_grained_average": 0.25,
          "coarse_grained_average": 0.25
        },
        "length": {
          "max": 112,
          "median": 112.0,
          "fine_grained_average": 112.0,
          "coarse_grained_average": 112.0
        }
      },
      "math_QA": {
        "BLEU": {
          "max": 0.016354119041894637,
          "median": 0.016354119041894637,
          "fine_grained_average": 0.016354119041894637,
          "coarse_grained_average": 0.016354119041894637
        },
        "F1": {
          "max": 0.048524356998933274,
          "median": 0.048524356998933274,
          "fine_grained_average": 0.048524356998933274,
          "coarse_grained_average": 0.048524356998933274
        },
        "ROUGE-1": {
          "max": 0.03907721248280237,
          "median": 0.03907721248280237,
          "fine_grained_average": 0.03907721248280237,
          "coarse_grained_average": 0.03907721248280237
        },
        "ROUGE-2": {
          "max": 0.011299434943502827,
          "median": 0.011299434943502827,
          "fine_grained_average": 0.011299434943502827,
          "coarse_grained_average": 0.011299434943502827
        },
        "ROUGE-L": {
          "max": 0.034389584560362445,
          "median": 0.034389584560362445,
          "fine_grained_average": 0.034389584560362445,
          "coarse_grained_average": 0.034389584560362445
        },
        "ACC-prefix": {
          "max": 0.01694915254237288,
          "median": 0.01694915254237288,
          "fine_grained_average": 0.01694915254237288,
          "coarse_grained_average": 0.01694915254237288
        },
        "ACC-in": {
          "max": 0.01694915254237288,
          "median": 0.01694915254237288,
          "fine_grained_average": 0.01694915254237288,
          "coarse_grained_average": 0.01694915254237288
        },
        "length": {
          "max": 59,
          "median": 59.0,
          "fine_grained_average": 59.0,
          "coarse_grained_average": 59.0
        }
      },
      "reading-comprehension_QA": {
        "BLEU": {
          "max": 0.11147642175596933,
          "median": 0.11147642175596933,
          "fine_grained_average": 0.11147642175596933,
          "coarse_grained_average": 0.11147642175596933
        },
        "F1": {
          "max": 0.3683846603361756,
          "median": 0.3683846603361756,
          "fine_grained_average": 0.3683846603361756,
          "coarse_grained_average": 0.3683846603361756
        },
        "ROUGE-1": {
          "max": 0.36925707396585067,
          "median": 0.36925707396585067,
          "fine_grained_average": 0.36925707396585067,
          "coarse_grained_average": 0.36925707396585067
        },
        "ROUGE-2": {
          "max": 0.1596723193624837,
          "median": 0.1596723193624837,
          "fine_grained_average": 0.1596723193624837,
          "coarse_grained_average": 0.1596723193624837
        },
        "ROUGE-L": {
          "max": 0.34325256645018065,
          "median": 0.34325256645018065,
          "fine_grained_average": 0.34325256645018065,
          "coarse_grained_average": 0.34325256645018065
        },
        "ACC-prefix": {
          "max": 0.35333333333333333,
          "median": 0.35333333333333333,
          "fine_grained_average": 0.35333333333333333,
          "coarse_grained_average": 0.35333333333333333
        },
        "ACC-in": {
          "max": 0.5933333333333334,
          "median": 0.5933333333333334,
          "fine_grained_average": 0.5933333333333334,
          "coarse_grained_average": 0.5933333333333334
        },
        "length": {
          "max": 150,
          "median": 150.0,
          "fine_grained_average": 150.0,
          "coarse_grained_average": 150.0
        }
      },
      "real-world_QA": {
        "BLEU": {
          "max": 0.0,
          "median": 0.0,
          "fine_grained_average": 0.0,
          "coarse_grained_average": 0.0
        },
        "F1": {
          "max": 0.0,
          "median": 0.0,
          "fine_grained_average": 0.0,
          "coarse_grained_average": 0.0
        },
        "ROUGE-1": {
          "max": 0.0,
          "median": 0.0,
          "fine_grained_average": 0.0,
          "coarse_grained_average": 0.0
        },
        "ROUGE-2": {
          "max": 0.0,
          "median": 0.0,
          "fine_grained_average": 0.0,
          "coarse_grained_average": 0.0
        },
        "ROUGE-L": {
          "max": 0.0,
          "median": 0.0,
          "fine_grained_average": 0.0,
          "coarse_grained_average": 0.0
        },
        "ACC-prefix": {
          "max": 0.0,
          "median": 0.0,
          "fine_grained_average": 0.0,
          "coarse_grained_average": 0.0
        },
        "ACC-in": {
          "max": 0.0,
          "median": 0.0,
          "fine_grained_average": 0.0,
          "coarse_grained_average": 0.0
        },
        "length": {
          "max": 137,
          "median": 137.0,
          "fine_grained_average": 137.0,