{
  "BLEU": 0.025058210193620156,
  "F1": 0.1418937414458131,
  "ROUGE-1": 0.0,
  "ROUGE-2": 0.0,
  "ROUGE-L": 0.0,
  "ACC": 0.15789473684210525,
  "length": 114
}