{
  "BLEU": 0.02098534607532183,
  "F1": 0.11405785970302099,
  "ROUGE-1": 0.0,
  "ROUGE-2": 0.0,
  "ROUGE-L": 0.0,
  "ACC": 0.57,
  "length": 100
}