{
  "BLEU": 0.029583926462301183,
  "F1": 0.1641360162238805,
  "ROUGE-1": 0.0,
  "ROUGE-2": 0.0,
  "ROUGE-L": 0.0,
  "ACC": 0.35537190082644626,
  "length": 121
}