{
  "BLEU": 0.025385108752966408,
  "F1": 0.14161220043572983,
  "ROUGE-1": 0.0,
  "ROUGE-2": 0.0,
  "ROUGE-L": 0.0,
  "ACC": 0.1568627450980392,
  "length": 153
}