{
  "BLEU": 0.025284911427789006,
  "F1": 0.14076639985935002,
  "ROUGE-1": 0.0,
  "ROUGE-2": 0.0,
  "ROUGE-L": 0.0,
  "ACC": 0.3053435114503817,
  "length": 131
}