{
  "BLEU": 0.028581823371717215,
  "F1": 0.160969502909584,
  "ROUGE-1": 0.0,
  "ROUGE-2": 0.0,
  "ROUGE-L": 0.0,
  "ACC": 0.1721698113207547,
  "length": 424
}