{
  "BLEU": 0.027509183859799963,
  "F1": 0.15123039215686274,
  "ROUGE-1": 0.0,
  "ROUGE-2": 0.0,
  "ROUGE-L": 0.0,
  "ACC": 0.272,
  "length": 125
}