{
  "BLEU": 0.0156094370278799,
  "F1": 0.08075911286328646,
  "ROUGE-1": 0.0,
  "ROUGE-2": 0.0,
  "ROUGE-L": 0.0,
  "ACC": 0.16899224806201552,
  "length": 645
}