{
  "BLEU": 0.018742890848887788,
  "F1": 0.09689761756339466,
  "ROUGE-1": 0.0,
  "ROUGE-2": 0.0,
  "ROUGE-L": 0.0,
  "ACC": 0.16339869281045752,
  "length": 153
}