{
  "BLEU": 0.028594569267130054,
  "F1": 0.1626429550093672,
  "ROUGE-1": 0.0,
  "ROUGE-2": 0.0,
  "ROUGE-L": 0.0,
  "ACC": 0.29770992366412213,
  "length": 131
}