{
  "BLEU": 0.04612063640583432,
  "F1": 0.2593837535014005,
  "ROUGE-1": 0.0,
  "ROUGE-2": 0.0,
  "ROUGE-L": 0.0,
  "ACC": 0.2875816993464052,
  "length": 153
}