{
  "BLEU": 0.02097027606177975,
  "F1": 0.1179245283018868,
  "ROUGE-1": 0.0,
  "ROUGE-2": 0.0,
  "ROUGE-L": 0.0,
  "ACC": 0.12028301886792453,
  "length": 424
}