{
  "BLEU": 0.0405572497026421,
  "F1": 0.22807017543859648,
  "ROUGE-1": 0.0,
  "ROUGE-2": 0.0,
  "ROUGE-L": 0.0,
  "ACC": 0.23684210526315788,
  "length": 114
}