{
  "BLEU": 0.03379287464456719,
  "F1": 0.190625,
  "ROUGE-1": 0.0,
  "ROUGE-2": 0.0,
  "ROUGE-L": 0.0,
  "ACC": 0.26,
  "length": 100
}