{
  "BLEU": 0.052907486579670426,
  "F1": 0.2975206611570248,
  "ROUGE-1": 0.0,
  "ROUGE-2": 0.0,
  "ROUGE-L": 0.0,
  "ACC": 0.32231404958677684,
  "length": 121
}