{
  "BLEU": 0.1923800289177002,
  "F1": 0.5099749668859592,
  "ROUGE-1": 0.514326611703521,
  "ROUGE-2": 0.2725884290783193,
  "ROUGE-L": 0.5113523964148411,
  "ACC-prefix": 0.46,
  "ACC-in": 0.7666666666666667,
  "length": 150
}