{
  "BLEU": 0.016501312804077163,
  "F1": 0.07440476190476189,
  "ROUGE-1": 0.0749999994952381,
  "ROUGE-2": 0.0,
  "ROUGE-L": 0.0749999994952381,
  "ACC-prefix": 0.11607142857142858,
  "ACC-in": 0.11607142857142858,
  "length": 112
}