{
  "BLEU": 0.016692436857343063,
  "F1": 0.05283210198464436,
  "ROUGE-1": 0.031587056762851944,
  "ROUGE-2": 0.01232665631040762,
  "ROUGE-L": 0.024475524233823546,
  "ACC-prefix": 0.0,
  "ACC-in": 0.01694915254237288,
  "length": 59
}