{
  "BLEU": 0.02190524074715531,
  "F1": 0.13846172433193557,
  "ROUGE-1": 0.1375423319196898,
  "ROUGE-2": 0.019954608650269497,
  "ROUGE-L": 0.12771929712077454,
  "ACC-prefix": 0.0,
  "ACC-in": 0.0,
  "length": 155
}