{
  "BLEU": 0.008364505896146478,
  "F1": 0.0356853203568532,
  "ROUGE-1": 0.03880778559782036,
  "ROUGE-2": 0.0,
  "ROUGE-L": 0.03860502809734163,
  "ACC-prefix": 0.029197080291970802,
  "ACC-in": 0.043795620437956206,
  "length": 137
}