{
  "BLEU": 0.017492764539775926,
  "F1": 0.1111111111111111,
  "ROUGE-1": 0.11111111011337871,
  "ROUGE-2": 0.05847953162203755,
  "ROUGE-L": 0.06878306778533638,
  "ACC-prefix": 0.0,
  "ACC-in": 0.0,
  "length": 9
}