{
  "BLEU": 0.04340518704488979,
  "F1": 0.1921330664937433,
  "ROUGE-1": 0.1921330652708274,
  "ROUGE-2": 0.07614524899990789,
  "ROUGE-L": 0.15230637454021193,
  "ACC-prefix": 0.0,
  "ACC-in": 0.012048192771084338,
  "length": 83
}