{
  "BLEU": 0.02407281942182519,
  "F1": 0.12491228070175439,
  "ROUGE-1": 0.12491227988900584,
  "ROUGE-2": 0.0175438595497076,
  "ROUGE-L": 0.12491227988900584,
  "ACC-prefix": 0.04736842105263158,
  "ACC-in": 0.05263157894736842,
  "length": 190
}