{
  "calculate": {
    "groups": {
      "K12_MUL": {
        "BLEU": {
          "max": 0.011769592052785017,
          "median": 0.011769592052785017,
          "fine_grained_average": 0.011769592052785017,
          "coarse_grained_average": 0.011769592052785017
        },
        "F1": {
          "max": 0.06364546271113468,
          "median": 0.06364546271113468,
          "fine_grained_average": 0.06364546271113468,
          "coarse_grained_average": 0.06364546271113468
        },
        "ROUGE-1": {
          "max": 0.0,
          "median": 0.0,
          "fine_grained_average": 0.0,
          "coarse_grained_average": 0.0
        },
        "ROUGE-2": {
          "max": 0.0,
          "median": 0.0,
          "fine_grained_average": 0.0,
          "coarse_grained_average": 0.0
        },
        "ROUGE-L": {
          "max": 0.0,
          "median": 0.0,
          "fine_grained_average": 0.0,
          "coarse_grained_average": 0.0
        },
        "ACC": {
          "max": 0.12403100775193798,
          "median": 0.12403100775193798,
          "fine_grained_average": 0.12403100775193798,
          "coarse_grained_average": 0.12403100775193798
        },
        "length": {
          "max": 645,
          "median": 645.0,
          "fine_grained_average": 645.0,
          "coarse_grained_average": 645.0
        }
      },
      "chinese-gov-test_MUL": {
        "BLEU": {
          "max": 0.010591043234931657,
          "median": 0.010591043234931657,
          "fine_grained_average": 0.010591043234931657,
          "coarse_grained_average": 0.010591043234931657
        },
        "F1": {
          "max": 0.05260164671929377,
          "median": 0.05260164671929377,
          "fine_grained_average": 0.05260164671929377,
          "coarse_grained_average": 0.05260164671929377
        },
        "ROUGE-1": {
          "max": 0.0,
          "median": 0.0,
          "fine_grained_average": 0.0,
          "coarse_grained_average": 0.0
        },
        "ROUGE-2": {
          "max": 0.0,
          "median": 0.0,
          "fine_grained_average": 0.0,
          "coarse_grained_average": 0.0
        },
        "ROUGE-L": {
          "max": 0.0,
          "median": 0.0,
          "fine_grained_average": 0.0,
          "coarse_grained_average": 0.0
        },
        "ACC": {
          "max": 0.08496732026143791,
          "median": 0.08496732026143791,
          "fine_grained_average": 0.08496732026143791,
          "coarse_grained_average": 0.08496732026143791
        },
        "length": {
          "max": 153,
          "median": 153.0,
          "fine_grained_average": 153.0,
          "coarse_grained_average": 153.0
        }
      }
    },
    "overall": {
      "BLEU": {
        "max": 0.011769592052785017,
        "median": 0.011180317643858337,
        "fine_grained_average": 0.01154362968545223,
        "coarse_grained_average": 0.011180317643858337
      },
      "F1": {
        "max": 0.06364546271113468,
        "median": 0.05812355471521423,
        "fine_grained_average": 0.06152803934427797,
        "coarse_grained_average": 0.05812355471521423
      },
      "ROUGE-1": {
        "max": 0.0,
        "median": 0.0,
        "fine_grained_average": 0.0,
        "coarse_grained_average": 0.0
      },
      "ROUGE-2": {
        "max": 0.0,
        "median": 0.0,
        "fine_grained_average": 0.0,
        "coarse_grained_average": 0.0
      },
      "ROUGE-L": {
        "max": 0.0,
        "median": 0.0,
        "fine_grained_average": 0.0,
        "coarse_grained_average": 0.0
      },
      "ACC": {
        "max": 0.12403100775193798,
        "median": 0.10449916400668795,
        "fine_grained_average": 0.11654135338345864,
        "coarse_grained_average": 0.10449916400668795
      },
      "length": {
        "max": 645,
        "median": 399.0,
        "fine_grained_average": 550.6691729323309,
        "coarse_grained_average": 399.0
      }
    }
  },
  "results": {
    "K12_MUL": {
      "K12_MUL.jsonl": {
        "BLEU": 0.011769592052785017,
        "F1": 0.06364546271113468,
        "ROUGE-1": 0.0,
        "ROUGE-2": 0.0,
        "ROUGE-L": 0.0,
        "ACC": 0.12403100775193798,
        "length": 645
      }
    },
    "chinese-gov-test_MUL": {
      "chinese-gov-test_MUL.jsonl": {
        "BLEU": 0.010591043234931657,
        "F1": 0.05260164671929377,
        "ROUGE-1": 0.0,
        "ROUGE-2": 0.0,
        "ROUGE-L": 0.0,
        "ACC": 0.08496732026143791,
        "length": 153
      }
    }
  }
}