{
  "BLEU": 0.03208097478443875,
  "F1": 0.1706517799529607,
  "ROUGE-1": 0.17176238260369497,
  "ROUGE-2": 0.04261397432237854,
  "ROUGE-L": 0.16047856812384972,
  "ACC-prefix": 0.0064516129032258064,
  "ACC-in": 0.01935483870967742,
  "length": 155
}