{
  "BLEU": 0.02209412953390576,
  "F1": 0.08926553672316383,
  "ROUGE-1": 0.0696125902304566,
  "ROUGE-2": 0.0075329566101694926,
  "ROUGE-L": 0.06856702562740756,
  "ACC-prefix": 0.03389830508474576,
  "ACC-in": 0.03389830508474576,
  "length": 59
}