{
  "BLEU": 0.07209717338030888,
  "F1": 0.32142857142857145,
  "ROUGE-1": 0.3214285692857143,
  "ROUGE-2": 0.0,
  "ROUGE-L": 0.3214285692857143,
  "ACC-prefix": 0.48214285714285715,
  "ACC-in": 0.48214285714285715,
  "length": 112
}