{
  "BLEU": 0.2825783500102839,
  "F1": 0.6985818750635701,
  "ROUGE-1": 0.6985818708592685,
  "ROUGE-2": 0.39242638687164466,
  "ROUGE-L": 0.6954288011947812,
  "ACC-prefix": 0.7666666666666667,
  "ACC-in": 0.8866666666666667,
  "length": 150
}