{
  "BLEU": 0.018165802530459817,
  "F1": 0.11157455683003127,
  "ROUGE-1": 0.11192214045417682,
  "ROUGE-2": 0.0,
  "ROUGE-L": 0.11111111045327568,
  "ACC-prefix": 0.072992700729927,
  "ACC-in": 0.072992700729927,
  "length": 137
}