{
  "calculate": {
    "groups": {
      "factual-qa_QA": {
        "BLEU": {
          "max": 0.01745274349813851,
          "median": 0.01745274349813851,
          "fine_grained_average": 0.01745274349813851,
          "coarse_grained_average": 0.01745274349813851
        },
        "F1": {
          "max": 0.1226219682362774,
          "median": 0.1226219682362774,
          "fine_grained_average": 0.1226219682362774,
          "coarse_grained_average": 0.1226219682362774
        },
        "ROUGE-1": {
          "max": 0.12265199802628768,
          "median": 0.12265199802628768,
          "fine_grained_average": 0.12265199802628768,
          "coarse_grained_average": 0.12265199802628768
        },
        "ROUGE-2": {
          "max": 0.023645368578621106,
          "median": 0.023645368578621106,
          "fine_grained_average": 0.023645368578621106,
          "coarse_grained_average": 0.023645368578621106
        },
        "ROUGE-L": {
          "max": 0.09456735341774032,
          "median": 0.09456735341774032,
          "fine_grained_average": 0.09456735341774032,
          "coarse_grained_average": 0.09456735341774032
        },
        "ACC-prefix": {
          "max": 0.0,
          "median": 0.0,
          "fine_grained_average": 0.0,
          "coarse_grained_average": 0.0
        },
        "ACC-in": {
          "max": 0.0064516129032258064,
          "median": 0.0064516129032258064,
          "fine_grained_average": 0.0064516129032258064,
          "coarse_grained_average": 0.0064516129032258064
        },
        "length": {
          "max": 155,
          "median": 155.0,
          "fine_grained_average": 155.0,
          "coarse_grained_average": 155.0
        }
      },
      "inference_QA": {
        "BLEU": {
          "max": 0.04524966504096568,
          "median": 0.04524966504096568,
          "fine_grained_average": 0.04524966504096568,
          "coarse_grained_average": 0.04524966504096568
        },
        "F1": {
          "max": 0.21198013296227577,
          "median": 0.21198013296227577,
          "fine_grained_average": 0.21198013296227577,
          "coarse_grained_average": 0.21198013296227577
        },
        "ROUGE-1": {
          "max": 0.21498846811010355,
          "median": 0.21498846811010355,
          "fine_grained_average": 0.21498846811010355,
          "coarse_grained_average": 0.21498846811010355
        },
        "ROUGE-2": {
          "max": 0.0,
          "median": 0.0,
          "fine_grained_average": 0.0,
          "coarse_grained_average": 0.0
        },
        "ROUGE-L": {
          "max": 0.21380487038584725,
          "median": 0.21380487038584725,
          "fine_grained_average": 0.21380487038584725,
          "coarse_grained_average": 0.21380487038584725
        },
        "ACC-prefix": {
          "max": 0.38392857142857145,
          "median": 0.38392857142857145,
          "fine_grained_average": 0.38392857142857145,
          "coarse_grained_average": 0.38392857142857145
        },
        "ACC-in": {
          "max": 0.4017857142857143,
          "median": 0.4017857142857143,
          "fine_grained_average": 0.4017857142857143,
          "coarse_grained_average": 0.4017857142857143
        },
        "length": {
          "max": 112,
          "median": 112.0,
          "fine_grained_average": 112.0,
          "coarse_grained_average": 112.0
        }
      },
      "math_QA": {
        "BLEU": {
          "max": 0.00665648690306804,
          "median": 0.00665648690306804,
          "fine_grained_average": 0.00665648690306804,
          "coarse_grained_average": 0.00665648690306804
        },
        "F1": {
          "max": 0.045855556872506024,
          "median": 0.045855556872506024,
          "fine_grained_average": 0.045855556872506024,
          "coarse_grained_average": 0.045855556872506024
        },
        "ROUGE-1": {
          "max": 0.027013475836114645,
          "median": 0.027013475836114645,
          "fine_grained_average": 0.027013475836114645,
          "coarse_grained_average": 0.027013475836114645
        },
        "ROUGE-2": {
          "max": 0.0,
          "median": 0.0,
          "fine_grained_average": 0.0,
          "coarse_grained_average": 0.0
        },
        "ROUGE-L": {
          "max": 0.022170860833484653,
          "median": 0.022170860833484653,
          "fine_grained_average": 0.022170860833484653,
          "coarse_grained_average": 0.022170860833484653
        },
        "ACC-prefix": {
          "max": 0.0,
          "median": 0.0,
          "fine_grained_average": 0.0,
          "coarse_grained_average": 0.0
        },
        "ACC-in": {
          "max": 0.01694915254237288,
          "median": 0.01694915254237288,
          "fine_grained_average": 0.01694915254237288,
          "coarse_grained_average": 0.01694915254237288
        },
        "length": {
          "max": 59,
          "median": 59.0,
          "fine_grained_average": 59.0,
          "coarse_grained_average": 59.0
        }
      },
      "reading-comprehension_QA": {
        "BLEU": {
          "max": 0.0854822168643521,
          "median": 0.0854822168643521,
          "fine_grained_average": 0.0854822168643521,
          "coarse_grained_average": 0.0854822168643521
        },
        "F1": {
          "max": 0.30480548893647014,
          "median": 0.30480548893647014,
          "fine_grained_average": 0.30480548893647014,
          "coarse_grained_average": 0.30480548893647014
        },
        "ROUGE-1": {
          "max": 0.30687236625859104,
          "median": 0.30687236625859104,
          "fine_grained_average": 0.30687236625859104,
          "coarse_grained_average": 0.30687236625859104
        },
        "ROUGE-2": {
          "max": 0.1393259690183833,
          "median": 0.1393259690183833,
          "fine_grained_average": 0.1393259690183833,
          "coarse_grained_average": 0.1393259690183833
        },
        "ROUGE-L": {
          "max": 0.28076730548044526,
          "median": 0.28076730548044526,
          "fine_grained_average": 0.28076730548044526,
          "coarse_grained_average": 0.28076730548044526
        },
        "ACC-prefix": {
          "max": 0.31333333333333335,
          "median": 0.31333333333333335,
          "fine_grained_average": 0.31333333333333335,
          "coarse_grained_average": 0.31333333333333335
        },
        "ACC-in": {
          "max": 0.54,
          "median": 0.54,
          "fine_grained_average": 0.54,
          "coarse_grained_average": 0.54
        },
        "length": {
          "max": 150,
          "median": 150.0,
          "fine_grained_average": 150.0,
          "coarse_grained_average": 150.0
        }
      },
      "real-world_QA": {
        "BLEU": {
          "max": 0.0011214818494050811,
          "median": 0.0011214818494050811,
          "fine_grained_average": 0.0011214818494050811,
          "coarse_grained_average": 0.0011214818494050811
        },
        "F1": {
          "max": 0.00928867897523973,
          "median": 0.00928867897523973,
          "fine_grained_average": 0.00928867897523973,
          "coarse_grained_average": 0.00928867897523973
        },
        "ROUGE-1": {
          "max": 0.009613549388404004,
          "median": 0.009613549388404004,
          "fine_grained_average": 0.009613549388404004,
          "coarse_grained_average": 0.009613549388404004
        },
        "ROUGE-2": {
          "max": 0.0,
          "median": 0.0,
          "fine_grained_average": 0.0,
          "coarse_grained_average": 0.0
        },
        "ROUGE-L": {
          "max": 0.005405060111943784,
          "median": 0.005405060111943784,
          "fine_grained_average": 0.005405060111943784,
          "coarse_grained_average": 0.005405060111943784
        },
        "ACC-prefix": {
          "max": 0.0072992700729927005,
          "median": 0.0072992700729927005,
          "fine_grained_average": 0.0072992700729927005,