{
  "calculate": {
    "groups": {
      "K12_MUL": {
        "BLEU": {
          "max": 0.00453776205799601,
          "median": 0.00453776205799601,
          "fine_grained_average": 0.00453776205799601,
          "coarse_grained_average": 0.00453776205799601
        },
        "F1": {
          "max": 0.028378370174234814,
          "median": 0.028378370174234814,
          "fine_grained_average": 0.028378370174234814,
          "coarse_grained_average": 0.028378370174234814
        },
        "ROUGE-1": {
          "max": 0.0,
          "median": 0.0,
          "fine_grained_average": 0.0,
          "coarse_grained_average": 0.0
        },
        "ROUGE-2": {
          "max": 0.0,
          "median": 0.0,
          "fine_grained_average": 0.0,
          "coarse_grained_average": 0.0
        },
        "ROUGE-L": {
          "max": 0.0,
          "median": 0.0,
          "fine_grained_average": 0.0,
          "coarse_grained_average": 0.0
        },
        "ACC": {
          "max": 0.09922480620155039,
          "median": 0.09922480620155039,
          "fine_grained_average": 0.09922480620155039,
          "coarse_grained_average": 0.09922480620155039
        },
        "length": {
          "max": 645,
          "median": 645.0,
          "fine_grained_average": 645.0,
          "coarse_grained_average": 645.0
        }
      },
      "chinese-gov-test_MUL": {
        "BLEU": {
          "max": 0.006849850466797205,
          "median": 0.006849850466797205,
          "fine_grained_average": 0.006849850466797205,
          "coarse_grained_average": 0.006849850466797205
        },
        "F1": {
          "max": 0.04228191143102678,
          "median": 0.04228191143102678,
          "fine_grained_average": 0.04228191143102678,
          "coarse_grained_average": 0.04228191143102678
        },
        "ROUGE-1": {
          "max": 0.0,
          "median": 0.0,
          "fine_grained_average": 0.0,
          "coarse_grained_average": 0.0
        },
        "ROUGE-2": {
          "max": 0.0,
          "median": 0.0,
          "fine_grained_average": 0.0,
          "coarse_grained_average": 0.0
        },
        "ROUGE-L": {
          "max": 0.0,
          "median": 0.0,
          "fine_grained_average": 0.0,
          "coarse_grained_average": 0.0
        },
        "ACC": {
          "max": 0.1895424836601307,
          "median": 0.1895424836601307,
          "fine_grained_average": 0.1895424836601307,
          "coarse_grained_average": 0.1895424836601307
        },
        "length": {
          "max": 153,
          "median": 153.0,
          "fine_grained_average": 153.0,
          "coarse_grained_average": 153.0
        }
      }
    },
    "overall": {
      "BLEU": {
        "max": 0.006849850466797205,
        "median": 0.005693806262396607,
        "fine_grained_average": 0.00498105720404436,
        "coarse_grained_average": 0.005693806262396607
      },
      "F1": {
        "max": 0.04228191143102678,
        "median": 0.0353301408026308,
        "fine_grained_average": 0.03104408673098816,
        "coarse_grained_average": 0.0353301408026308
      },
      "ROUGE-1": {
        "max": 0.0,
        "median": 0.0,
        "fine_grained_average": 0.0,
        "coarse_grained_average": 0.0
      },
      "ROUGE-2": {
        "max": 0.0,
        "median": 0.0,
        "fine_grained_average": 0.0,
        "coarse_grained_average": 0.0
      },
      "ROUGE-L": {
        "max": 0.0,
        "median": 0.0,
        "fine_grained_average": 0.0,
        "coarse_grained_average": 0.0
      },
      "ACC": {
        "max": 0.1895424836601307,
        "median": 0.14438364493084055,
        "fine_grained_average": 0.11654135338345864,
        "coarse_grained_average": 0.14438364493084055
      },
      "length": {
        "max": 645,
        "median": 399.0,
        "fine_grained_average": 550.6691729323309,
        "coarse_grained_average": 399.0
      }
    }
  },
  "results": {
    "K12_MUL": {
      "K12_MUL.jsonl": {
        "BLEU": 0.00453776205799601,
        "F1": 0.028378370174234814,
        "ROUGE-1": 0.0,
        "ROUGE-2": 0.0,
        "ROUGE-L": 0.0,
        "ACC": 0.09922480620155039,
        "length": 645
      }
    },
    "chinese-gov-test_MUL": {
      "chinese-gov-test_MUL.jsonl": {
        "BLEU": 0.006849850466797205,
        "F1": 0.04228191143102678,
        "ROUGE-1": 0.0,
        "ROUGE-2": 0.0,
        "ROUGE-L": 0.0,
        "ACC": 0.1895424836601307,
        "length": 153
      }
    }
  }
}