{
  "calculate": {
    "groups": {
      "K12_MUL": {
        "BLEU": {
          "max": 0.02153698901878359,
          "median": 0.02153698901878359,
          "fine_grained_average": 0.02153698901878359,
          "coarse_grained_average": 0.02153698901878359
        },
        "F1": {
          "max": 0.11405023098357224,
          "median": 0.11405023098357224,
          "fine_grained_average": 0.11405023098357224,
          "coarse_grained_average": 0.11405023098357224
        },
        "ROUGE-1": {
          "max": 0.0,
          "median": 0.0,
          "fine_grained_average": 0.0,
          "coarse_grained_average": 0.0
        },
        "ROUGE-2": {
          "max": 0.0,
          "median": 0.0,
          "fine_grained_average": 0.0,
          "coarse_grained_average": 0.0
        },
        "ROUGE-L": {
          "max": 0.0,
          "median": 0.0,
          "fine_grained_average": 0.0,
          "coarse_grained_average": 0.0
        },
        "ACC": {
          "max": 0.17519379844961241,
          "median": 0.17519379844961241,
          "fine_grained_average": 0.17519379844961241,
          "coarse_grained_average": 0.17519379844961241
        },
        "length": {
          "max": 645,
          "median": 645.0,
          "fine_grained_average": 645.0,
          "coarse_grained_average": 645.0
        }
      },
      "chinese-gov-test_MUL": {
        "BLEU": {
          "max": 0.026146257568751965,
          "median": 0.026146257568751965,
          "fine_grained_average": 0.026146257568751965,
          "coarse_grained_average": 0.026146257568751965
        },
        "F1": {
          "max": 0.13554053772920982,
          "median": 0.13554053772920982,
          "fine_grained_average": 0.13554053772920982,
          "coarse_grained_average": 0.13554053772920982
        },
        "ROUGE-1": {
          "max": 0.0,
          "median": 0.0,
          "fine_grained_average": 0.0,
          "coarse_grained_average": 0.0
        },
        "ROUGE-2": {
          "max": 0.0,
          "median": 0.0,
          "fine_grained_average": 0.0,
          "coarse_grained_average": 0.0
        },
        "ROUGE-L": {
          "max": 0.0,
          "median": 0.0,
          "fine_grained_average": 0.0,
          "coarse_grained_average": 0.0
        },
        "ACC": {
          "max": 0.1895424836601307,
          "median": 0.1895424836601307,
          "fine_grained_average": 0.1895424836601307,
          "coarse_grained_average": 0.1895424836601307
        },
        "length": {
          "max": 153,
          "median": 153.0,
          "fine_grained_average": 153.0,
          "coarse_grained_average": 153.0
        }
      }
    },
    "overall": {
      "BLEU": {
        "max": 0.026146257568751965,
        "median": 0.023841623293767777,
        "fine_grained_average": 0.02242072095881512,
        "coarse_grained_average": 0.023841623293767777
      },
      "F1": {
        "max": 0.13554053772920982,
        "median": 0.12479538435639104,
        "fine_grained_average": 0.11817055295360049,
        "coarse_grained_average": 0.12479538435639104
      },
      "ROUGE-1": {
        "max": 0.0,
        "median": 0.0,
        "fine_grained_average": 0.0,
        "coarse_grained_average": 0.0
      },
      "ROUGE-2": {
        "max": 0.0,
        "median": 0.0,
        "fine_grained_average": 0.0,
        "coarse_grained_average": 0.0
      },
      "ROUGE-L": {
        "max": 0.0,
        "median": 0.0,
        "fine_grained_average": 0.0,
        "coarse_grained_average": 0.0
      },
      "ACC": {
        "max": 0.1895424836601307,
        "median": 0.18236814105487156,
        "fine_grained_average": 0.17794486215538846,
        "coarse_grained_average": 0.18236814105487156
      },
      "length": {
        "max": 645,
        "median": 399.0,
        "fine_grained_average": 550.6691729323309,
        "coarse_grained_average": 399.0
      }
    }
  },
  "results": {
    "K12_MUL": {
      "K12_MUL.jsonl": {
        "BLEU": 0.02153698901878359,
        "F1": 0.11405023098357224,
        "ROUGE-1": 0.0,
        "ROUGE-2": 0.0,
        "ROUGE-L": 0.0,
        "ACC": 0.17519379844961241,
        "length": 645
      }
    },
    "chinese-gov-test_MUL": {
      "chinese-gov-test_MUL.jsonl": {
        "BLEU": 0.026146257568751965,
        "F1": 0.13554053772920982,
        "ROUGE-1": 0.0,
        "ROUGE-2": 0.0,
        "ROUGE-L": 0.0,
        "ACC": 0.1895424836601307,
        "length": 153
      }
    }
  }
}