{
  "calculate": {
    "groups": {
      "K12_MUL": {
        "BLEU": {
          "max": 0.010032352636879271,
          "median": 0.010032352636879271,
          "fine_grained_average": 0.010032352636879271,
          "coarse_grained_average": 0.010032352636879271
        },
        "F1": {
          "max": 0.06057462245290155,
          "median": 0.06057462245290155,
          "fine_grained_average": 0.06057462245290155,
          "coarse_grained_average": 0.06057462245290155
        },
        "ROUGE-1": {
          "max": 0.0,
          "median": 0.0,
          "fine_grained_average": 0.0,
          "coarse_grained_average": 0.0
        },
        "ROUGE-2": {
          "max": 0.0,
          "median": 0.0,
          "fine_grained_average": 0.0,
          "coarse_grained_average": 0.0
        },
        "ROUGE-L": {
          "max": 0.0,
          "median": 0.0,
          "fine_grained_average": 0.0,
          "coarse_grained_average": 0.0
        },
        "ACC": {
          "max": 0.24806201550387597,
          "median": 0.24806201550387597,
          "fine_grained_average": 0.24806201550387597,
          "coarse_grained_average": 0.24806201550387597
        },
        "length": {
          "max": 645,
          "median": 645.0,
          "fine_grained_average": 645.0,
          "coarse_grained_average": 645.0
        }
      },
      "chinese-gov-test_MUL": {
        "BLEU": {
          "max": 0.009179944725020315,
          "median": 0.009179944725020315,
          "fine_grained_average": 0.009179944725020315,
          "coarse_grained_average": 0.009179944725020315
        },
        "F1": {
          "max": 0.051761788201913655,
          "median": 0.051761788201913655,
          "fine_grained_average": 0.051761788201913655,
          "coarse_grained_average": 0.051761788201913655
        },
        "ROUGE-1": {
          "max": 0.0,
          "median": 0.0,
          "fine_grained_average": 0.0,
          "coarse_grained_average": 0.0
        },
        "ROUGE-2": {
          "max": 0.0,
          "median": 0.0,
          "fine_grained_average": 0.0,
          "coarse_grained_average": 0.0
        },
        "ROUGE-L": {
          "max": 0.0,
          "median": 0.0,
          "fine_grained_average": 0.0,
          "coarse_grained_average": 0.0
        },
        "ACC": {
          "max": 0.19607843137254902,
          "median": 0.19607843137254902,
          "fine_grained_average": 0.19607843137254902,
          "coarse_grained_average": 0.19607843137254902
        },
        "length": {
          "max": 153,
          "median": 153.0,
          "fine_grained_average": 153.0,
          "coarse_grained_average": 153.0
        }
      }
    },
    "overall": {
      "BLEU": {
        "max": 0.010032352636879271,
        "median": 0.009606148680949793,
        "fine_grained_average": 0.009868921044755938,
        "coarse_grained_average": 0.009606148680949793
      },
      "F1": {
        "max": 0.06057462245290155,
        "median": 0.0561682053274076,
        "fine_grained_average": 0.05888494370553169,
        "coarse_grained_average": 0.0561682053274076
      },
      "ROUGE-1": {
        "max": 0.0,
        "median": 0.0,
        "fine_grained_average": 0.0,
        "coarse_grained_average": 0.0
      },
      "ROUGE-2": {
        "max": 0.0,
        "median": 0.0,
        "fine_grained_average": 0.0,
        "coarse_grained_average": 0.0
      },
      "ROUGE-L": {
        "max": 0.0,
        "median": 0.0,
        "fine_grained_average": 0.0,
        "coarse_grained_average": 0.0
      },
      "ACC": {
        "max": 0.24806201550387597,
        "median": 0.22207022343821248,
        "fine_grained_average": 0.23809523809523808,
        "coarse_grained_average": 0.22207022343821248
      },
      "length": {
        "max": 645,
        "median": 399.0,
        "fine_grained_average": 550.6691729323309,
        "coarse_grained_average": 399.0
      }
    }
  },
  "results": {
    "K12_MUL": {
      "K12_MUL.jsonl": {
        "BLEU": 0.010032352636879271,
        "F1": 0.06057462245290155,
        "ROUGE-1": 0.0,
        "ROUGE-2": 0.0,
        "ROUGE-L": 0.0,
        "ACC": 0.24806201550387597,
        "length": 645
      }
    },
    "chinese-gov-test_MUL": {
      "chinese-gov-test_MUL.jsonl": {
        "BLEU": 0.009179944725020315,
        "F1": 0.051761788201913655,
        "ROUGE-1": 0.0,
        "ROUGE-2": 0.0,
        "ROUGE-L": 0.0,
        "ACC": 0.19607843137254902,
        "length": 153
      }
    }
  }
}