{
  "calculate": {
    "groups": {
      "factual-qa_QA": {
        "BLEU": {
          "max": 8.68663212469087e-05,
          "median": 8.68663212469087e-05,
          "fine_grained_average": 8.68663212469087e-05,
          "coarse_grained_average": 8.68663212469087e-05
        },
        "F1": {
          "max": 0.011396011396011397,
          "median": 0.011396011396011397,
          "fine_grained_average": 0.011396011396011397,
          "coarse_grained_average": 0.011396011396011397
        },
        "ROUGE-1": {
          "max": 0.011396010972313554,
          "median": 0.011396010972313554,
          "fine_grained_average": 0.011396010972313554,
          "coarse_grained_average": 0.011396010972313554
        },
        "ROUGE-2": {
          "max": 0.0,
          "median": 0.0,
          "fine_grained_average": 0.0,
          "coarse_grained_average": 0.0
        },
        "ROUGE-L": {
          "max": 0.011396010972313554,
          "median": 0.011396010972313554,
          "fine_grained_average": 0.011396010972313554,
          "coarse_grained_average": 0.011396010972313554
        },
        "ACC-prefix": {
          "max": 0.0,
          "median": 0.0,
          "fine_grained_average": 0.0,
          "coarse_grained_average": 0.0
        },
        "ACC-in": {
          "max": 0.0,
          "median": 0.0,
          "fine_grained_average": 0.0,
          "coarse_grained_average": 0.0
        },
        "length": {
          "max": 9,
          "median": 9.0,
          "fine_grained_average": 9.0,
          "coarse_grained_average": 9.0
        }
      },
      "logic_QA": {
        "BLEU": {
          "max": 0.000623503364921545,
          "median": 0.000623503364921545,
          "fine_grained_average": 0.000623503364921545,
          "coarse_grained_average": 0.000623503364921545
        },
        "F1": {
          "max": 0.017092853523321155,
          "median": 0.017092853523321155,
          "fine_grained_average": 0.017092853523321155,
          "coarse_grained_average": 0.017092853523321155
        },
        "ROUGE-1": {
          "max": 0.017092853413135687,
          "median": 0.017092853413135687,
          "fine_grained_average": 0.017092853413135687,
          "coarse_grained_average": 0.017092853413135687
        },
        "ROUGE-2": {
          "max": 0.003171197409787145,
          "median": 0.003171197409787145,
          "fine_grained_average": 0.003171197409787145,
          "coarse_grained_average": 0.003171197409787145
        },
        "ROUGE-L": {
          "max": 0.013674282708471456,
          "median": 0.013674282708471456,
          "fine_grained_average": 0.013674282708471456,
          "coarse_grained_average": 0.013674282708471456
        },
        "ACC-prefix": {
          "max": 0.0,
          "median": 0.0,
          "fine_grained_average": 0.0,
          "coarse_grained_average": 0.0
        },
        "ACC-in": {
          "max": 0.0,
          "median": 0.0,
          "fine_grained_average": 0.0,
          "coarse_grained_average": 0.0
        },
        "length": {
          "max": 83,
          "median": 83.0,
          "fine_grained_average": 83.0,
          "coarse_grained_average": 83.0
        }
      },
      "real-world_QA": {
        "BLEU": {
          "max": 2.1591192353787958e-05,
          "median": 2.1591192353787958e-05,
          "fine_grained_average": 2.1591192353787958e-05,
          "coarse_grained_average": 2.1591192353787958e-05
        },
        "F1": {
          "max": 0.0025067709596572076,
          "median": 0.0025067709596572076,
          "fine_grained_average": 0.0025067709596572076,
          "coarse_grained_average": 0.0025067709596572076
        },
        "ROUGE-1": {
          "max": 0.002506770908777254,
          "median": 0.002506770908777254,
          "fine_grained_average": 0.002506770908777254,
          "coarse_grained_average": 0.002506770908777254
        },
        "ROUGE-2": {
          "max": 0.0,
          "median": 0.0,
          "fine_grained_average": 0.0,
          "coarse_grained_average": 0.0
        },
        "ROUGE-L": {
          "max": 0.002506770908777254,
          "median": 0.002506770908777254,
          "fine_grained_average": 0.002506770908777254,
          "coarse_grained_average": 0.002506770908777254
        },
        "ACC-prefix": {
          "max": 0.0,
          "median": 0.0,
          "fine_grained_average": 0.0,
          "coarse_grained_average": 0.0
        },
        "ACC-in": {
          "max": 0.010526315789473684,
          "median": 0.010526315789473684,
          "fine_grained_average": 0.010526315789473684,
          "coarse_grained_average": 0.010526315789473684
        },
        "length": {
          "max": 190,
          "median": 190.0,
          "fine_grained_average": 190.0,
          "coarse_grained_average": 190.0
        }
      }
    },
    "overall": {
      "BLEU": {
        "max": 0.000623503364921545,
        "median": 8.68663212469087e-05,
        "fine_grained_average": 0.00020083298839336926,
        "coarse_grained_average": 0.00024398695950741392
      },
      "F1": {
        "max": 0.017092853523321155,
        "median": 0.011396011396011397,
        "fine_grained_average": 0.007083536976363929,
        "coarse_grained_average": 0.01033187862632992
      },
      "ROUGE-1": {
        "max": 0.017092853413135687,
        "median": 0.011396010972313554,
        "fine_grained_average": 0.007083536896130363,
        "coarse_grained_average": 0.010331878431408831
      },
      "ROUGE-2": {
        "max": 0.003171197409787145,
        "median": 0.0,
        "fine_grained_average": 0.0009333666135189115,
        "coarse_grained_average": 0.0010570658032623816
      },
      "ROUGE-L": {
        "max": 0.013674282708471456,
        "median": 0.011396010972313554,
        "fine_grained_average": 0.0060773618305731605,
        "coarse_grained_average": 0.009192354863187422
      },
      "ACC-prefix": {
        "max": 0.0,
        "median": 0.0,
        "fine_grained_average": 0.0,
        "coarse_grained_average": 0.0
      },
      "ACC-in": {
        "max": 0.010526315789473684,
        "median": 0.0,
        "fine_grained_average": 0.0070921985815602835,
        "coarse_grained_average": 0.0035087719298245615
      },
      "length": {
        "max": 190,
        "median": 83.0,
        "fine_grained_average": 152.7304964539007,
        "coarse_grained_average": 94.0
      }
    }
  },
  "results": {
    "factual-qa_QA": {
      "factual-qa_QA.jsonl": {
        "BLEU": 8.68663212469087e-05,
        "F1": 0.011396011396011397,
        "ROUGE-1": 0.011396010972313554,
        "ROUGE-2": 0.0,
        "ROUGE-L": 0.011396010972313554,
        "ACC-prefix": 0.0,
        "ACC-in": 0.0,
        "length": 9
      }
    },
    "logic_QA": {
      "logic_QA.jsonl": {
        "BLEU": 0.000623503364921545,
        "F1": 0.017092853523321155,
        "ROUGE-1": 0.017092853413135687,
        "ROUGE-2": 0.003171197409787145,
        "ROUGE-L": 0.013674282708471456,
        "ACC-prefix": 0.0,
        "ACC-in": 0.0,
        "length": 83
      }
    },
    "real-world_QA": {
      "real-world_QA.jsonl": {
        "BLEU": 2.1591192353787958e-05,
        "F1": 0.0025067709596572076,
        "ROUGE-1": 0.002506770908777254,
        "ROUGE-2": 0.0,
        "ROUGE-L": 0.002506770908777254,
        "ACC-prefix": 0.0,
        "ACC-in": 0.010526315789473684,
        "length": 190
      }
    }
  }
}