{
  "calculate": {
    "groups": {
      "factual-qa_QA": {
        "BLEU": {
          "max": 0.025962931416885195,
          "median": 0.025962931416885195,
          "fine_grained_average": 0.025962931416885195,
          "coarse_grained_average": 0.025962931416885195
        },
        "F1": {
          "max": 0.16883102826066446,
          "median": 0.16883102826066446,
          "fine_grained_average": 0.16883102826066446,
          "coarse_grained_average": 0.16883102826066446
        },
        "ROUGE-1": {
          "max": 0.16816975622586436,
          "median": 0.16816975622586436,
          "fine_grained_average": 0.16816975622586436,
          "coarse_grained_average": 0.16816975622586436
        },
        "ROUGE-2": {
          "max": 0.035211946364535895,
          "median": 0.035211946364535895,
          "fine_grained_average": 0.035211946364535895,
          "coarse_grained_average": 0.035211946364535895
        },
        "ROUGE-L": {
          "max": 0.1521096504007789,
          "median": 0.1521096504007789,
          "fine_grained_average": 0.1521096504007789,
          "coarse_grained_average": 0.1521096504007789
        },
        "ACC-prefix": {
          "max": 0.0064516129032258064,
          "median": 0.0064516129032258064,
          "fine_grained_average": 0.0064516129032258064,
          "coarse_grained_average": 0.0064516129032258064
        },
        "ACC-in": {
          "max": 0.012903225806451613,
          "median": 0.012903225806451613,
          "fine_grained_average": 0.012903225806451613,
          "coarse_grained_average": 0.012903225806451613
        },
        "length": {
          "max": 155,
          "median": 155.0,
          "fine_grained_average": 155.0,
          "coarse_grained_average": 155.0
        }
      },
      "inference_QA": {
        "BLEU": {
          "max": 0.050338931084589866,
          "median": 0.050338931084589866,
          "fine_grained_average": 0.050338931084589866,
          "coarse_grained_average": 0.050338931084589866
        },
        "F1": {
          "max": 0.23095238095238094,
          "median": 0.23095238095238094,
          "fine_grained_average": 0.23095238095238094,
          "coarse_grained_average": 0.23095238095238094
        },
        "ROUGE-1": {
          "max": 0.2321428555238095,
          "median": 0.2321428555238095,
          "fine_grained_average": 0.2321428555238095,
          "coarse_grained_average": 0.2321428555238095
        },
        "ROUGE-2": {
          "max": 0.0,
          "median": 0.0,
          "fine_grained_average": 0.0,
          "coarse_grained_average": 0.0
        },
        "ROUGE-L": {
          "max": 0.2321428555238095,
          "median": 0.2321428555238095,
          "fine_grained_average": 0.2321428555238095,
          "coarse_grained_average": 0.2321428555238095
        },
        "ACC-prefix": {
          "max": 0.4017857142857143,
          "median": 0.4017857142857143,
          "fine_grained_average": 0.4017857142857143,
          "coarse_grained_average": 0.4017857142857143
        },
        "ACC-in": {
          "max": 0.4017857142857143,
          "median": 0.4017857142857143,
          "fine_grained_average": 0.4017857142857143,
          "coarse_grained_average": 0.4017857142857143
        },
        "length": {
          "max": 112,
          "median": 112.0,
          "fine_grained_average": 112.0,
          "coarse_grained_average": 112.0
        }
      },
      "math_QA": {
        "BLEU": {
          "max": 0.030791836597913253,
          "median": 0.030791836597913253,
          "fine_grained_average": 0.030791836597913253,
          "coarse_grained_average": 0.030791836597913253
        },
        "F1": {
          "max": 0.09864749186783084,
          "median": 0.09864749186783084,
          "fine_grained_average": 0.09864749186783084,
          "coarse_grained_average": 0.09864749186783084
        },
        "ROUGE-1": {
          "max": 0.09222491183569209,
          "median": 0.09222491183569209,
          "fine_grained_average": 0.09222491183569209,
          "coarse_grained_average": 0.09222491183569209
        },
        "ROUGE-2": {
          "max": 0.011299434943502827,
          "median": 0.011299434943502827,
          "fine_grained_average": 0.011299434943502827,
          "coarse_grained_average": 0.011299434943502827
        },
        "ROUGE-L": {
          "max": 0.08816744470345333,
          "median": 0.08816744470345333,
          "fine_grained_average": 0.08816744470345333,
          "coarse_grained_average": 0.08816744470345333
        },
        "ACC-prefix": {
          "max": 0.0847457627118644,
          "median": 0.0847457627118644,
          "fine_grained_average": 0.0847457627118644,
          "coarse_grained_average": 0.0847457627118644
        },
        "ACC-in": {
          "max": 0.1016949152542373,
          "median": 0.1016949152542373,
          "fine_grained_average": 0.1016949152542373,
          "coarse_grained_average": 0.1016949152542373
        },
        "length": {
          "max": 59,
          "median": 59.0,
          "fine_grained_average": 59.0,
          "coarse_grained_average": 59.0
        }
      },
      "reading-comprehension_QA": {
        "BLEU": {
          "max": 0.2611545666906002,
          "median": 0.2611545666906002,
          "fine_grained_average": 0.2611545666906002,
          "coarse_grained_average": 0.2611545666906002
        },
        "F1": {
          "max": 0.6261716747471266,
          "median": 0.6261716747471266,
          "fine_grained_average": 0.6261716747471266,
          "coarse_grained_average": 0.6261716747471266
        },
        "ROUGE-1": {
          "max": 0.626171670739629,
          "median": 0.626171670739629,
          "fine_grained_average": 0.626171670739629,
          "coarse_grained_average": 0.626171670739629
        },
        "ROUGE-2": {
          "max": 0.37381403880411934,
          "median": 0.37381403880411934,
          "fine_grained_average": 0.37381403880411934,
          "coarse_grained_average": 0.37381403880411934
        },
        "ROUGE-L": {
          "max": 0.6223934766437078,
          "median": 0.6223934766437078,
          "fine_grained_average": 0.6223934766437078,
          "coarse_grained_average": 0.6223934766437078
        },
        "ACC-prefix": {
          "max": 0.6266666666666667,
          "median": 0.6266666666666667,
          "fine_grained_average": 0.6266666666666667,
          "coarse_grained_average": 0.6266666666666667
        },
        "ACC-in": {
          "max": 0.8933333333333333,
          "median": 0.8933333333333333,
          "fine_grained_average": 0.8933333333333333,
          "coarse_grained_average": 0.8933333333333333
        },
        "length": {
          "max": 150,
          "median": 150.0,
          "fine_grained_average": 150.0,
          "coarse_grained_average": 150.0
        }
      },
      "real-world_QA": {
        "BLEU": {
          "max": 0.013097945528945002,
          "median": 0.013097945528945002,
          "fine_grained_average": 0.013097945528945002,
          "coarse_grained_average": 0.013097945528945002
        },
        "F1": {
          "max": 0.05474452554744526,
          "median": 0.05474452554744526,
          "fine_grained_average": 0.05474452554744526,
          "coarse_grained_average": 0.05474452554744526
        },
        "ROUGE-1": {
          "max": 0.05474452514598541,
          "median": 0.05474452514598541,
          "fine_grained_average": 0.05474452514598541,
          "coarse_grained_average": 0.05474452514598541
        },
        "ROUGE-2": {
          "max": 0.0,
          "median": 0.0,
          "fine_grained_average": 0.0,
          "coarse_grained_average": 0.0
        },
        "ROUGE-L": {
          "max": 0.05474452514598541,
          "median": 0.05474452514598541,
          "fine_grained_average": 0.05474452514598541,
          "coarse_grained_average": 0.05474452514598541
        },