{
  "calculate": {
    "groups": {
      "commonsense-qa_MUL": {
        "BLEU": {
          "max": 0.0325436754778365,
          "median": 0.0325436754778365,
          "fine_grained_average": 0.0325436754778365,
          "coarse_grained_average": 0.0325436754778365
        },
        "F1": {
          "max": 0.1830065359477124,
          "median": 0.1830065359477124,
          "fine_grained_average": 0.1830065359477124,
          "coarse_grained_average": 0.1830065359477124
        },
        "ROUGE-1": {
          "max": 0.0,
          "median": 0.0,
          "fine_grained_average": 0.0,
          "coarse_grained_average": 0.0
        },
        "ROUGE-2": {
          "max": 0.0,
          "median": 0.0,
          "fine_grained_average": 0.0,
          "coarse_grained_average": 0.0
        },
        "ROUGE-L": {
          "max": 0.0,
          "median": 0.0,
          "fine_grained_average": 0.0,
          "coarse_grained_average": 0.0
        },
        "ACC": {
          "max": 0.20915032679738563,
          "median": 0.20915032679738563,
          "fine_grained_average": 0.20915032679738563,
          "coarse_grained_average": 0.20915032679738563
        },
        "length": {
          "max": 153,
          "median": 153.0,
          "fine_grained_average": 153.0,
          "coarse_grained_average": 153.0
        }
      },
      "logic_MUL": {
        "BLEU": {
          "max": 0.027680764401549273,
          "median": 0.027680764401549273,
          "fine_grained_average": 0.027680764401549273,
          "coarse_grained_average": 0.027680764401549273
        },
        "F1": {
          "max": 0.15566037735849056,
          "median": 0.15566037735849056,
          "fine_grained_average": 0.15566037735849056,
          "coarse_grained_average": 0.15566037735849056
        },
        "ROUGE-1": {
          "max": 0.0,
          "median": 0.0,
          "fine_grained_average": 0.0,
          "coarse_grained_average": 0.0
        },
        "ROUGE-2": {
          "max": 0.0,
          "median": 0.0,
          "fine_grained_average": 0.0,
          "coarse_grained_average": 0.0
        },
        "ROUGE-L": {
          "max": 0.0,
          "median": 0.0,
          "fine_grained_average": 0.0,
          "coarse_grained_average": 0.0
        },
        "ACC": {
          "max": 0.1580188679245283,
          "median": 0.1580188679245283,
          "fine_grained_average": 0.1580188679245283,
          "coarse_grained_average": 0.1580188679245283
        },
        "length": {
          "max": 424,
          "median": 424.0,
          "fine_grained_average": 424.0,
          "coarse_grained_average": 424.0
        }
      },
      "math_MUL": {
        "BLEU": {
          "max": 0.022679571417909807,
          "median": 0.022679571417909807,
          "fine_grained_average": 0.022679571417909807,
          "coarse_grained_average": 0.022679571417909807
        },
        "F1": {
          "max": 0.12791068580542264,
          "median": 0.12791068580542264,
          "fine_grained_average": 0.12791068580542264,
          "coarse_grained_average": 0.12791068580542264
        },
        "ROUGE-1": {
          "max": 0.0,
          "median": 0.0,
          "fine_grained_average": 0.0,
          "coarse_grained_average": 0.0
        },
        "ROUGE-2": {
          "max": 0.0,
          "median": 0.0,
          "fine_grained_average": 0.0,
          "coarse_grained_average": 0.0
        },
        "ROUGE-L": {
          "max": 0.0,
          "median": 0.0,
          "fine_grained_average": 0.0,
          "coarse_grained_average": 0.0
        },
        "ACC": {
          "max": 0.15789473684210525,
          "median": 0.15789473684210525,
          "fine_grained_average": 0.15789473684210525,
          "coarse_grained_average": 0.15789473684210525
        },
        "length": {
          "max": 114,
          "median": 114.0,
          "fine_grained_average": 114.0,
          "coarse_grained_average": 114.0
        }
      },
      "reading-comprehension_MUL": {
        "BLEU": {
          "max": 0.09366509869670663,
          "median": 0.09366509869670663,
          "fine_grained_average": 0.09366509869670663,
          "coarse_grained_average": 0.09366509869670663
        },
        "F1": {
          "max": 0.5267175572519084,
          "median": 0.5267175572519084,
          "fine_grained_average": 0.5267175572519084,
          "coarse_grained_average": 0.5267175572519084
        },
        "ROUGE-1": {
          "max": 0.0,
          "median": 0.0,
          "fine_grained_average": 0.0,
          "coarse_grained_average": 0.0
        },
        "ROUGE-2": {
          "max": 0.0,
          "median": 0.0,
          "fine_grained_average": 0.0,
          "coarse_grained_average": 0.0
        },
        "ROUGE-L": {
          "max": 0.0,
          "median": 0.0,
          "fine_grained_average": 0.0,
          "coarse_grained_average": 0.0
        },
        "ACC": {
          "max": 0.549618320610687,
          "median": 0.549618320610687,
          "fine_grained_average": 0.549618320610687,
          "coarse_grained_average": 0.549618320610687
        },
        "length": {
          "max": 131,
          "median": 131.0,
          "fine_grained_average": 131.0,
          "coarse_grained_average": 131.0
        }
      },
      "real-world_MUL": {
        "BLEU": {
          "max": 0.04878136466671725,
          "median": 0.04878136466671725,
          "fine_grained_average": 0.04878136466671725,
          "coarse_grained_average": 0.04878136466671725
        },
        "F1": {
          "max": 0.27244444444444443,
          "median": 0.27244444444444443,
          "fine_grained_average": 0.27244444444444443,
          "coarse_grained_average": 0.27244444444444443
        },
        "ROUGE-1": {
          "max": 0.0,
          "median": 0.0,
          "fine_grained_average": 0.0,
          "coarse_grained_average": 0.0
        },
        "ROUGE-2": {
          "max": 0.0,
          "median": 0.0,
          "fine_grained_average": 0.0,
          "coarse_grained_average": 0.0
        },
        "ROUGE-L": {
          "max": 0.0,
          "median": 0.0,
          "fine_grained_average": 0.0,
          "coarse_grained_average": 0.0
        },
        "ACC": {
          "max": 0.424,
          "median": 0.424,
          "fine_grained_average": 0.424,
          "coarse_grained_average": 0.424
        },
        "length": {
          "max": 125,
          "median": 125.0,
          "fine_grained_average": 125.0,
          "coarse_grained_average": 125.0
        }
      },
      "science-qa_MUL": {
        "BLEU": {
          "max": 0.07201296784455143,
          "median": 0.07201296784455143,
          "fine_grained_average": 0.07201296784455143,
          "coarse_grained_average": 0.07201296784455143
        },
        "F1": {
          "max": 0.4049586776859504,
          "median": 0.4049586776859504,
          "fine_grained_average": 0.4049586776859504,
          "coarse_grained_average": 0.4049586776859504
        },
        "ROUGE-1": {
          "max": 0.0,
          "median": 0.0,
          "fine_grained_average": 0.0,
          "coarse_grained_average": 0.0
        },
        "ROUGE-2": {
          "max": 0.0,
          "median": 0.0,
          "fine_grained_average": 0.0,
          "coarse_grained_average": 0.0
        },
        "ROUGE-L": {
          "max": 0.0,
          "median": 0.0,
          "fine_grained_average": 0.0,
          "coarse_grained_average": 0.0
        },
        "ACC": {
          "max": 0.4628099173553719,
          "median": 0.4628099173553719,
          "fine_grained_average": 0.4628099173553719,
          "coarse_grained_average": 0.4628099173553719
        },
        "length": {
          "max": 121,
          "median": 121.0,
          "fine_grained_average": 121.0,
          "coarse_grained_average": 121.0
        }
      },
      "sentimental-analysis_MUL": {
        "BLEU": {
          "max": 0.0855557695634137,