{
  "calculate": {
    "groups": {
      "math_MATH": {
        "BLEU": {
          "max": 0.0003633378297246531,
          "median": 0.0003633378297246531,
          "fine_grained_average": 0.0003633378297246531,
          "coarse_grained_average": 0.0003633378297246531
        },
        "F1": {
          "max": 0.004329004329004329,
          "median": 0.004329004329004329,
          "fine_grained_average": 0.004329004329004329,
          "coarse_grained_average": 0.004329004329004329
        },
        "ROUGE-1": {
          "max": 0.00505050500841751,
          "median": 0.00505050500841751,
          "fine_grained_average": 0.00505050500841751,
          "coarse_grained_average": 0.00505050500841751
        },
        "ROUGE-2": {
          "max": 0.0,
          "median": 0.0,
          "fine_grained_average": 0.0,
          "coarse_grained_average": 0.0
        },
        "ROUGE-L": {
          "max": 0.00505050500841751,
          "median": 0.00505050500841751,
          "fine_grained_average": 0.00505050500841751,
          "coarse_grained_average": 0.00505050500841751
        },
        "ACC": {
          "max": 0.0,
          "median": 0.0,
          "fine_grained_average": 0.0,
          "coarse_grained_average": 0.0
        },
        "length": {
          "max": 66,
          "median": 66.0,
          "fine_grained_average": 66.0,
          "coarse_grained_average": 66.0
        }
      }
    },
    "overall": {
      "BLEU": {
        "max": 0.0003633378297246531,
        "median": 0.0003633378297246531,
        "fine_grained_average": 0.0003633378297246531,
        "coarse_grained_average": 0.0003633378297246531
      },
      "F1": {
        "max": 0.004329004329004329,
        "median": 0.004329004329004329,
        "fine_grained_average": 0.004329004329004329,
        "coarse_grained_average": 0.004329004329004329
      },
      "ROUGE-1": {
        "max": 0.00505050500841751,
        "median": 0.00505050500841751,
        "fine_grained_average": 0.00505050500841751,
        "coarse_grained_average": 0.00505050500841751
      },
      "ROUGE-2": {
        "max": 0.0,
        "median": 0.0,
        "fine_grained_average": 0.0,
        "coarse_grained_average": 0.0
      },
      "ROUGE-L": {
        "max": 0.00505050500841751,
        "median": 0.00505050500841751,
        "fine_grained_average": 0.00505050500841751,
        "coarse_grained_average": 0.00505050500841751
      },
      "ACC": {
        "max": 0.0,
        "median": 0.0,
        "fine_grained_average": 0.0,
        "coarse_grained_average": 0.0
      },
      "length": {
        "max": 66,
        "median": 66.0,
        "fine_grained_average": 66.0,
        "coarse_grained_average": 66.0
      }
    }
  },
  "results": {
    "math_MATH": {
      "math_MATH.jsonl": {
        "BLEU": 0.0003633378297246531,
        "F1": 0.004329004329004329,
        "ROUGE-1": 0.00505050500841751,
        "ROUGE-2": 0.0,
        "ROUGE-L": 0.00505050500841751,
        "ACC": 0.0,
        "length": 66
      }
    }
  }
}