{
  "calculate": {
    "groups": {
      "K12_QA": {
        "BLEU": {
          "max": 0.07720535669446281,
          "median": 0.07720535669446281,
          "fine_grained_average": 0.07720535669446281,
          "coarse_grained_average": 0.07720535669446281
        },
        "F1": {
          "max": 0.3208387499658469,
          "median": 0.3208387499658469,
          "fine_grained_average": 0.3208387499658469,
          "coarse_grained_average": 0.3208387499658469
        },
        "ROUGE-1": {
          "max": 0.3315894197140719,
          "median": 0.3315894197140719,
          "fine_grained_average": 0.3315894197140719,
          "coarse_grained_average": 0.3315894197140719
        },
        "ROUGE-2": {
          "max": 0.10998203719840886,
          "median": 0.10998203719840886,
          "fine_grained_average": 0.10998203719840886,
          "coarse_grained_average": 0.10998203719840886
        },
        "ROUGE-L": {
          "max": 0.30543529384957,
          "median": 0.30543529384957,
          "fine_grained_average": 0.30543529384957,
          "coarse_grained_average": 0.30543529384957
        },
        "ACC-prefix": {
          "max": 0.08648648648648649,
          "median": 0.08648648648648649,
          "fine_grained_average": 0.08648648648648649,
          "coarse_grained_average": 0.08648648648648649
        },
        "ACC-in": {
          "max": 0.14054054054054055,
          "median": 0.14054054054054055,
          "fine_grained_average": 0.14054054054054055,
          "coarse_grained_average": 0.14054054054054055
        },
        "length": {
          "max": 185,
          "median": 185.0,
          "fine_grained_average": 185.0,
          "coarse_grained_average": 185.0
        }
      }
    },
    "overall": {
      "BLEU": {
        "max": 0.07720535669446281,
        "median": 0.07720535669446281,
        "fine_grained_average": 0.07720535669446281,
        "coarse_grained_average": 0.07720535669446281
      },
      "F1": {
        "max": 0.3208387499658469,
        "median": 0.3208387499658469,
        "fine_grained_average": 0.3208387499658469,
        "coarse_grained_average": 0.3208387499658469
      },
      "ROUGE-1": {
        "max": 0.3315894197140719,
        "median": 0.3315894197140719,
        "fine_grained_average": 0.3315894197140719,
        "coarse_grained_average": 0.3315894197140719
      },
      "ROUGE-2": {
        "max": 0.10998203719840886,
        "median": 0.10998203719840886,
        "fine_grained_average": 0.10998203719840886,
        "coarse_grained_average": 0.10998203719840886
      },
      "ROUGE-L": {
        "max": 0.30543529384957,
        "median": 0.30543529384957,
        "fine_grained_average": 0.30543529384957,
        "coarse_grained_average": 0.30543529384957
      },
      "ACC-prefix": {
        "max": 0.08648648648648649,
        "median": 0.08648648648648649,
        "fine_grained_average": 0.08648648648648649,
        "coarse_grained_average": 0.08648648648648649
      },
      "ACC-in": {
        "max": 0.14054054054054055,
        "median": 0.14054054054054055,
        "fine_grained_average": 0.14054054054054055,
        "coarse_grained_average": 0.14054054054054055
      },
      "length": {
        "max": 185,
        "median": 185.0,
        "fine_grained_average": 185.0,
        "coarse_grained_average": 185.0
      }
    }
  },
  "results": {
    "K12_QA": {
      "K12_QA.jsonl": {
        "BLEU": 0.07720535669446281,
        "F1": 0.3208387499658469,
        "ROUGE-1": 0.3315894197140719,
        "ROUGE-2": 0.10998203719840886,
        "ROUGE-L": 0.30543529384957,
        "ACC-prefix": 0.08648648648648649,
        "ACC-in": 0.14054054054054055,
        "length": 185
      }
    }
  }
}