{
  "calculate": {
    "groups": {
      "K12_QA": {
        "BLEU": {
          "max": 5.9933052177349235e-06,
          "median": 5.9933052177349235e-06,
          "fine_grained_average": 5.9933052177349235e-06,
          "coarse_grained_average": 5.9933052177349235e-06
        },
        "F1": {
          "max": 0.0007276507276507276,
          "median": 0.0007276507276507276,
          "fine_grained_average": 0.0007276507276507276,
          "coarse_grained_average": 0.0007276507276507276
        },
        "ROUGE-1": {
          "max": 0.0,
          "median": 0.0,
          "fine_grained_average": 0.0,
          "coarse_grained_average": 0.0
        },
        "ROUGE-2": {
          "max": 0.0,
          "median": 0.0,
          "fine_grained_average": 0.0,
          "coarse_grained_average": 0.0
        },
        "ROUGE-L": {
          "max": 0.0,
          "median": 0.0,
          "fine_grained_average": 0.0,
          "coarse_grained_average": 0.0
        },
        "ACC-prefix": {
          "max": 0.0,
          "median": 0.0,
          "fine_grained_average": 0.0,
          "coarse_grained_average": 0.0
        },
        "ACC-in": {
          "max": 0.0,
          "median": 0.0,
          "fine_grained_average": 0.0,
          "coarse_grained_average": 0.0
        },
        "length": {
          "max": 185,
          "median": 185.0,
          "fine_grained_average": 185.0,
          "coarse_grained_average": 185.0
        }
      }
    },
    "overall": {
      "BLEU": {
        "max": 5.9933052177349235e-06,
        "median": 5.9933052177349235e-06,
        "fine_grained_average": 5.9933052177349235e-06,
        "coarse_grained_average": 5.9933052177349235e-06
      },
      "F1": {
        "max": 0.0007276507276507276,
        "median": 0.0007276507276507276,
        "fine_grained_average": 0.0007276507276507276,
        "coarse_grained_average": 0.0007276507276507276
      },
      "ROUGE-1": {
        "max": 0.0,
        "median": 0.0,
        "fine_grained_average": 0.0,
        "coarse_grained_average": 0.0
      },
      "ROUGE-2": {
        "max": 0.0,
        "median": 0.0,
        "fine_grained_average": 0.0,
        "coarse_grained_average": 0.0
      },
      "ROUGE-L": {
        "max": 0.0,
        "median": 0.0,
        "fine_grained_average": 0.0,
        "coarse_grained_average": 0.0
      },
      "ACC-prefix": {
        "max": 0.0,
        "median": 0.0,
        "fine_grained_average": 0.0,
        "coarse_grained_average": 0.0
      },
      "ACC-in": {
        "max": 0.0,
        "median": 0.0,
        "fine_grained_average": 0.0,
        "coarse_grained_average": 0.0
      },
      "length": {
        "max": 185,
        "median": 185.0,
        "fine_grained_average": 185.0,
        "coarse_grained_average": 185.0
      }
    }
  },
  "results": {
    "K12_QA": {
      "K12_QA.jsonl": {
        "BLEU": 5.9933052177349235e-06,
        "F1": 0.0007276507276507276,
        "ROUGE-1": 0.0,
        "ROUGE-2": 0.0,
        "ROUGE-L": 0.0,
        "ACC-prefix": 0.0,
        "ACC-in": 0.0,
        "length": 185
      }
    }
  }
}