{
  "BLEU": 0.022679571417909807,
  "F1": 0.12791068580542264,
  "ROUGE-1": 0.0,
  "ROUGE-2": 0.0,
  "ROUGE-L": 0.0,
  "ACC": 0.15789473684210525,
  "length": 114
}