{
  "BLEU": 0.04878136466671725,
  "F1": 0.27244444444444443,
  "ROUGE-1": 0.0,
  "ROUGE-2": 0.0,
  "ROUGE-L": 0.0,
  "ACC": 0.424,
  "length": 125
}