{
  "BLEU": 0.07201296784455143,
  "F1": 0.4049586776859504,
  "ROUGE-1": 0.0,
  "ROUGE-2": 0.0,
  "ROUGE-L": 0.0,
  "ACC": 0.4628099173553719,
  "length": 121
}