{
  "BLEU": 0.09366509869670663,
  "F1": 0.5267175572519084,
  "ROUGE-1": 0.0,
  "ROUGE-2": 0.0,
  "ROUGE-L": 0.0,
  "ACC": 0.549618320610687,
  "length": 131
}