{
  "BLEU": 0.027680764401549273,
  "F1": 0.15566037735849056,
  "ROUGE-1": 0.0,
  "ROUGE-2": 0.0,
  "ROUGE-L": 0.0,
  "ACC": 0.1580188679245283,
  "length": 424
}