{
  "BLEU": 0.0325436754778365,
  "F1": 0.1830065359477124,
  "ROUGE-1": 0.0,
  "ROUGE-2": 0.0,
  "ROUGE-L": 0.0,
  "ACC": 0.20915032679738563,
  "length": 153
}