{
  "BLEU": 0.04273892472827689,
  "F1": 0.2391304347826087,
  "ROUGE-1": 0.0,
  "ROUGE-2": 0.0,
  "ROUGE-L": 0.0,
  "ACC": 0.2608695652173913,
  "length": 115
}