{
  "BLEU": 0.037585737387725485,
  "F1": 0.21152783260955388,
  "ROUGE-1": 0.0,
  "ROUGE-2": 0.0,
  "ROUGE-L": 0.0,
  "ACC": 0.22818791946308725,
  "length": 149
}