{
  "BLEU": 0.09846671113438664,
  "F1": 0.5537190082644629,
  "ROUGE-1": 0.0,
  "ROUGE-2": 0.0,
  "ROUGE-L": 0.0,
  "ACC": 0.5537190082644629,
  "length": 121
}