{
  "BLEU": 0.018774374375455993,
  "F1": 0.1060374149659864,
  "ROUGE-1": 0.0,
  "ROUGE-2": 0.0,
  "ROUGE-L": 0.0,
  "ACC": 0.10952380952380952,
  "length": 420
}