{
  "BLEU": 0.03401925827900548,
  "F1": 0.19130434782608696,
  "ROUGE-1": 0.0,
  "ROUGE-2": 0.0,
  "ROUGE-L": 0.0,
  "ACC": 0.19130434782608696,
  "length": 115
}