{
  "calculate": {
    "groups": {
      "K12_QA": {
        "BLEU": {
          "max": 0.017515641088951327,
          "median": 0.017515641088951327,
          "fine_grained_average": 0.017515641088951327,
          "coarse_grained_average": 0.017515641088951327
        },
        "F1": {
          "max": 0.12000153592144548,
          "median": 0.12000153592144548,
          "fine_grained_average": 0.12000153592144548,
          "coarse_grained_average": 0.12000153592144548
        },
        "ROUGE-1": {
          "max": 0.12466456032437295,
          "median": 0.12466456032437295,
          "fine_grained_average": 0.12466456032437295,
          "coarse_grained_average": 0.12466456032437295
        },
        "ROUGE-2": {
          "max": 0.01590290408727569,
          "median": 0.01590290408727569,
          "fine_grained_average": 0.01590290408727569,
          "coarse_grained_average": 0.01590290408727569
        },
        "ROUGE-L": {
          "max": 0.10772134646482127,
          "median": 0.10772134646482127,
          "fine_grained_average": 0.10772134646482127,
          "coarse_grained_average": 0.10772134646482127
        },
        "ACC-prefix": {
          "max": 0.0,
          "median": 0.0,
          "fine_grained_average": 0.0,
          "coarse_grained_average": 0.0
        },
        "ACC-in": {
          "max": 0.005405405405405406,
          "median": 0.005405405405405406,
          "fine_grained_average": 0.005405405405405406,
          "coarse_grained_average": 0.005405405405405406
        },
        "length": {
          "max": 185,
          "median": 185.0,
          "fine_grained_average": 185.0,
          "coarse_grained_average": 185.0
        }
      }
    },
    "overall": {
      "BLEU": {
        "max": 0.017515641088951327,
        "median": 0.017515641088951327,
        "fine_grained_average": 0.017515641088951327,
        "coarse_grained_average": 0.017515641088951327
      },
      "F1": {
        "max": 0.12000153592144548,
        "median": 0.12000153592144548,
        "fine_grained_average": 0.12000153592144548,
        "coarse_grained_average": 0.12000153592144548
      },
      "ROUGE-1": {
        "max": 0.12466456032437295,
        "median": 0.12466456032437295,
        "fine_grained_average": 0.12466456032437295,
        "coarse_grained_average": 0.12466456032437295
      },
      "ROUGE-2": {
        "max": 0.01590290408727569,
        "median": 0.01590290408727569,
        "fine_grained_average": 0.01590290408727569,
        "coarse_grained_average": 0.01590290408727569
      },
      "ROUGE-L": {
        "max": 0.10772134646482127,
        "median": 0.10772134646482127,
        "fine_grained_average": 0.10772134646482127,
        "coarse_grained_average": 0.10772134646482127
      },
      "ACC-prefix": {
        "max": 0.0,
        "median": 0.0,
        "fine_grained_average": 0.0,
        "coarse_grained_average": 0.0
      },
      "ACC-in": {
        "max": 0.005405405405405406,
        "median": 0.005405405405405406,
        "fine_grained_average": 0.005405405405405406,
        "coarse_grained_average": 0.005405405405405406
      },
      "length": {
        "max": 185,
        "median": 185.0,
        "fine_grained_average": 185.0,
        "coarse_grained_average": 185.0
      }
    }
  },
  "results": {
    "K12_QA": {
      "K12_QA.jsonl": {
        "BLEU": 0.017515641088951327,
        "F1": 0.12000153592144548,
        "ROUGE-1": 0.12466456032437295,
        "ROUGE-2": 0.01590290408727569,
        "ROUGE-L": 0.10772134646482127,
        "ACC-prefix": 0.0,
        "ACC-in": 0.005405405405405406,
        "length": 185
      }
    }
  }
}