{
  "BLEU": 0.017052110302272563,
  "F1": 0.08800357374918778,
  "ROUGE-1": 0.0,
  "ROUGE-2": 0.0,
  "ROUGE-L": 0.0,
  "ACC": 0.18421052631578946,
  "length": 114
}