{
  "BLEU": 0.006171850028229215,
  "F1": 0.03495369577686651,
  "ROUGE-1": 0.0,
  "ROUGE-2": 0.0,
  "ROUGE-L": 0.0,
  "ACC": 0.1721698113207547,
  "length": 424
}