{
  "BLEU": 0.06239380623865369,
  "F1": 0.3208333333333333,
  "ROUGE-1": 0.0,
  "ROUGE-2": 0.0,
  "ROUGE-L": 0.0,
  "ACC": 0.85,
  "length": 100
}