{
  "BLEU": 0.02636223622111085,
  "F1": 0.14544629842257845,
  "ROUGE-1": 0.0,
  "ROUGE-2": 0.0,
  "ROUGE-L": 0.0,
  "ACC": 0.3660130718954248,
  "length": 153
}