{
  "BLEU": 0.020780082396045955,
  "F1": 0.11004890909197129,
  "ROUGE-1": 0.0,
  "ROUGE-2": 0.0,
  "ROUGE-L": 0.0,
  "ACC": 0.34710743801652894,
  "length": 121
}