{
  "BLEU": 0.009493220573999744,
  "F1": 0.05012841725266047,
  "ROUGE-1": 0.0,
  "ROUGE-2": 0.0,
  "ROUGE-L": 0.0,
  "ACC": 0.3893129770992366,
  "length": 131
}