{
  "calculate": {
    "groups": {
      "factual-qa_QA": {
        "BLEU": {
          "max": 0.024163423395595813,
          "median": 0.024163423395595813,
          "fine_grained_average": 0.024163423395595813,
          "coarse_grained_average": 0.024163423395595813
        },
        "F1": {
          "max": 0.1564306468133312,
          "median": 0.1564306468133312,
          "fine_grained_average": 0.1564306468133312,
          "coarse_grained_average": 0.1564306468133312
        },
        "ROUGE-1": {
          "max": 0.15529849268161214,
          "median": 0.15529849268161214,
          "fine_grained_average": 0.15529849268161214,
          "coarse_grained_average": 0.15529849268161214
        },
        "ROUGE-2": {
          "max": 0.0339278635553706,
          "median": 0.0339278635553706,
          "fine_grained_average": 0.0339278635553706,
          "coarse_grained_average": 0.0339278635553706
        },
        "ROUGE-L": {
          "max": 0.13988072589759198,
          "median": 0.13988072589759198,
          "fine_grained_average": 0.13988072589759198,
          "coarse_grained_average": 0.13988072589759198
        },
        "ACC-prefix": {
          "max": 0.0064516129032258064,
          "median": 0.0064516129032258064,
          "fine_grained_average": 0.0064516129032258064,
          "coarse_grained_average": 0.0064516129032258064
        },
        "ACC-in": {
          "max": 0.012903225806451613,
          "median": 0.012903225806451613,
          "fine_grained_average": 0.012903225806451613,
          "coarse_grained_average": 0.012903225806451613
        },
        "length": {
          "max": 155,
          "median": 155.0,
          "fine_grained_average": 155.0,
          "coarse_grained_average": 155.0
        }
      },
      "inference_QA": {
        "BLEU": {
          "max": 0.05849475541830824,
          "median": 0.05849475541830824,
          "fine_grained_average": 0.05849475541830824,
          "coarse_grained_average": 0.05849475541830824
        },
        "F1": {
          "max": 0.2785714285714286,
          "median": 0.2785714285714286,
          "fine_grained_average": 0.2785714285714286,
          "coarse_grained_average": 0.2785714285714286
        },
        "ROUGE-1": {
          "max": 0.2785714267952381,
          "median": 0.2785714267952381,
          "fine_grained_average": 0.2785714267952381,
          "coarse_grained_average": 0.2785714267952381
        },
        "ROUGE-2": {
          "max": 0.0,
          "median": 0.0,
          "fine_grained_average": 0.0,
          "coarse_grained_average": 0.0
        },
        "ROUGE-L": {
          "max": 0.2785714267952381,
          "median": 0.2785714267952381,
          "fine_grained_average": 0.2785714267952381,
          "coarse_grained_average": 0.2785714267952381
        },
        "ACC-prefix": {
          "max": 0.4107142857142857,
          "median": 0.4107142857142857,
          "fine_grained_average": 0.4107142857142857,
          "coarse_grained_average": 0.4107142857142857
        },
        "ACC-in": {
          "max": 0.4107142857142857,
          "median": 0.4107142857142857,
          "fine_grained_average": 0.4107142857142857,
          "coarse_grained_average": 0.4107142857142857
        },
        "length": {
          "max": 112,
          "median": 112.0,
          "fine_grained_average": 112.0,
          "coarse_grained_average": 112.0
        }
      },
      "math_QA": {
        "BLEU": {
          "max": 0.020950038986085426,
          "median": 0.020950038986085426,
          "fine_grained_average": 0.020950038986085426,
          "coarse_grained_average": 0.020950038986085426
        },
        "F1": {
          "max": 0.05420304742338641,
          "median": 0.05420304742338641,
          "fine_grained_average": 0.05420304742338641,
          "coarse_grained_average": 0.05420304742338641
        },
        "ROUGE-1": {
          "max": 0.04755178866924305,
          "median": 0.04755178866924305,
          "fine_grained_average": 0.04755178866924305,
          "coarse_grained_average": 0.04755178866924305
        },
        "ROUGE-2": {
          "max": 0.010430247634139004,
          "median": 0.010430247634139004,
          "fine_grained_average": 0.010430247634139004,
          "coarse_grained_average": 0.010430247634139004
        },
        "ROUGE-L": {
          "max": 0.04233194096920958,
          "median": 0.04233194096920958,
          "fine_grained_average": 0.04233194096920958,
          "coarse_grained_average": 0.04233194096920958
        },
        "ACC-prefix": {
          "max": 0.01694915254237288,
          "median": 0.01694915254237288,
          "fine_grained_average": 0.01694915254237288,
          "coarse_grained_average": 0.01694915254237288
        },
        "ACC-in": {
          "max": 0.01694915254237288,
          "median": 0.01694915254237288,
          "fine_grained_average": 0.01694915254237288,
          "coarse_grained_average": 0.01694915254237288
        },
        "length": {
          "max": 59,
          "median": 59.0,
          "fine_grained_average": 59.0,
          "coarse_grained_average": 59.0
        }
      },
      "reading-comprehension_QA": {
        "BLEU": {
          "max": 0.2244207167808906,
          "median": 0.2244207167808906,
          "fine_grained_average": 0.2244207167808906,
          "coarse_grained_average": 0.2244207167808906
        },
        "F1": {
          "max": 0.5969972693488723,
          "median": 0.5969972693488723,
          "fine_grained_average": 0.5969972693488723,
          "coarse_grained_average": 0.5969972693488723
        },
        "ROUGE-1": {
          "max": 0.5969972657809276,
          "median": 0.5969972657809276,
          "fine_grained_average": 0.5969972657809276,
          "coarse_grained_average": 0.5969972657809276
        },
        "ROUGE-2": {
          "max": 0.3274640774884873,
          "median": 0.3274640774884873,
          "fine_grained_average": 0.3274640774884873,
          "coarse_grained_average": 0.3274640774884873
        },
        "ROUGE-L": {
          "max": 0.5926077515389163,
          "median": 0.5926077515389163,
          "fine_grained_average": 0.5926077515389163,
          "coarse_grained_average": 0.5926077515389163
        },
        "ACC-prefix": {
          "max": 0.5466666666666666,
          "median": 0.5466666666666666,
          "fine_grained_average": 0.5466666666666666,
          "coarse_grained_average": 0.5466666666666666
        },
        "ACC-in": {
          "max": 0.7466666666666667,
          "median": 0.7466666666666667,
          "fine_grained_average": 0.7466666666666667,
          "coarse_grained_average": 0.7466666666666667
        },
        "length": {
          "max": 150,
          "median": 150.0,
          "fine_grained_average": 150.0,
          "coarse_grained_average": 150.0
        }
      },
      "real-world_QA": {
        "BLEU": {
          "max": 0.03661548353551495,
          "median": 0.03661548353551495,
          "fine_grained_average": 0.03661548353551495,
          "coarse_grained_average": 0.03661548353551495
        },
        "F1": {
          "max": 0.1347931873479319,
          "median": 0.1347931873479319,
          "fine_grained_average": 0.1347931873479319,
          "coarse_grained_average": 0.1347931873479319
        },
        "ROUGE-1": {
          "max": 0.1347931864310219,
          "median": 0.1347931864310219,
          "fine_grained_average": 0.1347931864310219,
          "coarse_grained_average": 0.1347931864310219
        },
        "ROUGE-2": {
          "max": 0.04014598518248175,
          "median": 0.04014598518248175,
          "fine_grained_average": 0.04014598518248175,
          "coarse_grained_average": 0.04014598518248175
        },
        "ROUGE-L": {
          "max": 0.1347931864310219,
          "median": 0.1347931864310219,
          "fine_grained_average": 0.1347931864310219,