{
  "BLEU": 2.160220939177349e-05,
  "F1": 0.0016845878136200715,
  "ROUGE-1": 0.0016845877975497454,
  "ROUGE-2": 0.0,
  "ROUGE-L": 0.0016845877975497454,
  "ACC-prefix": 0.0,
  "ACC-in": 0.031578947368421054,
  "length": 190
}