{
  "BLEU": 0.011263551972335683,
  "F1": 0.10065159007846099,
  "ROUGE-1": 0.10065158943638512,
  "ROUGE-2": 0.036967851523727384,
  "ROUGE-L": 0.08984806488432145,
  "ACC-prefix": 0.0,
  "ACC-in": 0.0,
  "length": 83
}