{
  "BLEU": 0.0026819750513808758,
  "F1": 0.1212121212121212,
  "ROUGE-1": 0.12121211988381031,
  "ROUGE-2": 0.05555555502222223,
  "ROUGE-L": 0.12121211988381031,
  "ACC-prefix": 0.0,
  "ACC-in": 0.0,
  "length": 9
}