{
  "BLEU": 0.02070711462072929,
  "F1": 0.1445360100686969,
  "ROUGE-1": 0.14499407279292076,
  "ROUGE-2": 0.022272907847893417,
  "ROUGE-L": 0.13653467868946179,
  "ACC-prefix": 0.0,
  "ACC-in": 0.0,
  "length": 155
}