{
  "BLEU": 0.2655580893188665,
  "F1": 0.6663961274429062,
  "ROUGE-1": 0.6663961234581484,
  "ROUGE-2": 0.35950833668401666,
  "ROUGE-L": 0.6636613997460552,
  "ACC-prefix": 0.66,
  "ACC-in": 0.8866666666666667,
  "length": 150
}