{
  "BLEU": 0.012515992416469836,
  "F1": 0.06666666666666667,
  "ROUGE-1": 0.06666666623471208,
  "ROUGE-2": 0.0,
  "ROUGE-L": 0.06499826165756328,
  "ACC-prefix": 0.051094890510948905,
  "ACC-in": 0.072992700729927,
  "length": 137
}