{
  "BLEU": 0.04037521516421029,
  "F1": 0.18690476190476188,
  "ROUGE-1": 0.1880952367650794,
  "ROUGE-2": 0.0,
  "ROUGE-L": 0.1880952367650794,
  "ACC-prefix": 0.3392857142857143,
  "ACC-in": 0.3392857142857143,
  "length": 112
}