{
  "BLEU": 0.02061553818388548,
  "F1": 0.0525228067600949,
  "ROUGE-1": 0.03342749495396527,
  "ROUGE-2": 0.011299434943502827,
  "ROUGE-L": 0.03015229639416659,
  "ACC-prefix": 0.0,
  "ACC-in": 0.0,
  "length": 59
}