{
  "BLEU": 0.006930394637086914,
  "F1": 0.03965434902098595,
  "ROUGE-1": 0.021657250217618752,
  "ROUGE-2": 0.006779660935593222,
  "ROUGE-L": 0.017655366999780944,
  "ACC-prefix": 0.0,
  "ACC-in": 0.0,
  "length": 59
}