{
  "BLEU": 0.01753650778639288,
  "F1": 0.10830730404724012,
  "ROUGE-1": 0.10562290956406648,
  "ROUGE-2": 0.01590968464968256,
  "ROUGE-L": 0.0965846198110694,
  "ACC-prefix": 0.0,
  "ACC-in": 0.0,
  "length": 155
}