{
  "BLEU": 0.027314281777453424,
  "F1": 0.14330357142857145,
  "ROUGE-1": 0.15195578124711087,
  "ROUGE-2": 0.0,
  "ROUGE-L": 0.15138888782730378,
  "ACC-prefix": 0.29464285714285715,
  "ACC-in": 0.29464285714285715,
  "length": 112
}