{
  "BLEU": 0.17705069315429503,
  "F1": 0.484175428140657,
  "ROUGE-1": 0.48423392143549004,
  "ROUGE-2": 0.23755741336139327,
  "ROUGE-L": 0.4806339557791055,
  "ACC-prefix": 0.4866666666666667,
  "ACC-in": 0.6866666666666666,
  "length": 150
}