{
  "BLEU": 0.003481005089402456,
  "F1": 0.01581508515815085,
  "ROUGE-1": 0.015815085052716952,
  "ROUGE-2": 0.0,
  "ROUGE-L": 0.015815085052716952,
  "ACC-prefix": 0.014598540145985401,
  "ACC-in": 0.014598540145985401,
  "length": 137
}