{
  "BLEU": 0.012022304216477308,
  "F1": 0.08165212611350461,
  "ROUGE-1": 0.08298612951506136,
  "ROUGE-2": 0.007359304988873426,
  "ROUGE-L": 0.06965562468265098,
  "ACC-prefix": 0.0,
  "ACC-in": 0.0,
  "length": 185
}