{
  "calculate": {
    "groups": {
      "commonsense-qa_MUL": {
        "BLEU": {
          "max": 0.025385108752966408,
          "median": 0.025385108752966408,
          "fine_grained_average": 0.025385108752966408,
          "coarse_grained_average": 0.025385108752966408
        },
        "F1": {
          "max": 0.14161220043572983,
          "median": 0.14161220043572983,
          "fine_grained_average": 0.14161220043572983,
          "coarse_grained_average": 0.14161220043572983
        },
        "ROUGE-1": {
          "max": 0.0,
          "median": 0.0,
          "fine_grained_average": 0.0,
          "coarse_grained_average": 0.0
        },
        "ROUGE-2": {
          "max": 0.0,
          "median": 0.0,
          "fine_grained_average": 0.0,
          "coarse_grained_average": 0.0
        },
        "ROUGE-L": {
          "max": 0.0,
          "median": 0.0,
          "fine_grained_average": 0.0,
          "coarse_grained_average": 0.0
        },
        "ACC": {
          "max": 0.1568627450980392,
          "median": 0.1568627450980392,
          "fine_grained_average": 0.1568627450980392,
          "coarse_grained_average": 0.1568627450980392
        },
        "length": {
          "max": 153,
          "median": 153.0,
          "fine_grained_average": 153.0,
          "coarse_grained_average": 153.0
        }
      },
      "logic_MUL": {
        "BLEU": {
          "max": 0.028581823371717215,
          "median": 0.028581823371717215,
          "fine_grained_average": 0.028581823371717215,
          "coarse_grained_average": 0.028581823371717215
        },
        "F1": {
          "max": 0.160969502909584,
          "median": 0.160969502909584,
          "fine_grained_average": 0.160969502909584,
          "coarse_grained_average": 0.160969502909584
        },
        "ROUGE-1": {
          "max": 0.0,
          "median": 0.0,
          "fine_grained_average": 0.0,
          "coarse_grained_average": 0.0
        },
        "ROUGE-2": {
          "max": 0.0,
          "median": 0.0,
          "fine_grained_average": 0.0,
          "coarse_grained_average": 0.0
        },
        "ROUGE-L": {
          "max": 0.0,
          "median": 0.0,
          "fine_grained_average": 0.0,
          "coarse_grained_average": 0.0
        },
        "ACC": {
          "max": 0.1721698113207547,
          "median": 0.1721698113207547,
          "fine_grained_average": 0.1721698113207547,
          "coarse_grained_average": 0.1721698113207547
        },
        "length": {
          "max": 424,
          "median": 424.0,
          "fine_grained_average": 424.0,
          "coarse_grained_average": 424.0
        }
      },
      "math_MUL": {
        "BLEU": {
          "max": 0.025058210193620156,
          "median": 0.025058210193620156,
          "fine_grained_average": 0.025058210193620156,
          "coarse_grained_average": 0.025058210193620156
        },
        "F1": {
          "max": 0.1418937414458131,
          "median": 0.1418937414458131,
          "fine_grained_average": 0.1418937414458131,
          "coarse_grained_average": 0.1418937414458131
        },
        "ROUGE-1": {
          "max": 0.0,
          "median": 0.0,
          "fine_grained_average": 0.0,
          "coarse_grained_average": 0.0
        },
        "ROUGE-2": {
          "max": 0.0,
          "median": 0.0,
          "fine_grained_average": 0.0,
          "coarse_grained_average": 0.0
        },
        "ROUGE-L": {
          "max": 0.0,
          "median": 0.0,
          "fine_grained_average": 0.0,
          "coarse_grained_average": 0.0
        },
        "ACC": {
          "max": 0.15789473684210525,
          "median": 0.15789473684210525,
          "fine_grained_average": 0.15789473684210525,
          "coarse_grained_average": 0.15789473684210525
        },
        "length": {
          "max": 114,
          "median": 114.0,
          "fine_grained_average": 114.0,
          "coarse_grained_average": 114.0
        }
      },
      "reading-comprehension_MUL": {
        "BLEU": {
          "max": 0.025284911427789006,
          "median": 0.025284911427789006,
          "fine_grained_average": 0.025284911427789006,
          "coarse_grained_average": 0.025284911427789006
        },
        "F1": {
          "max": 0.14076639985935002,
          "median": 0.14076639985935002,
          "fine_grained_average": 0.14076639985935002,
          "coarse_grained_average": 0.14076639985935002
        },
        "ROUGE-1": {
          "max": 0.0,
          "median": 0.0,
          "fine_grained_average": 0.0,
          "coarse_grained_average": 0.0
        },
        "ROUGE-2": {
          "max": 0.0,
          "median": 0.0,
          "fine_grained_average": 0.0,
          "coarse_grained_average": 0.0
        },
        "ROUGE-L": {
          "max": 0.0,
          "median": 0.0,
          "fine_grained_average": 0.0,
          "coarse_grained_average": 0.0
        },
        "ACC": {
          "max": 0.3053435114503817,
          "median": 0.3053435114503817,
          "fine_grained_average": 0.3053435114503817,
          "coarse_grained_average": 0.3053435114503817
        },
        "length": {
          "max": 131,
          "median": 131.0,
          "fine_grained_average": 131.0,
          "coarse_grained_average": 131.0
        }
      },
      "real-world_MUL": {
        "BLEU": {
          "max": 0.027509183859799963,
          "median": 0.027509183859799963,
          "fine_grained_average": 0.027509183859799963,
          "coarse_grained_average": 0.027509183859799963
        },
        "F1": {
          "max": 0.15123039215686274,
          "median": 0.15123039215686274,
          "fine_grained_average": 0.15123039215686274,
          "coarse_grained_average": 0.15123039215686274
        },
        "ROUGE-1": {
          "max": 0.0,
          "median": 0.0,
          "fine_grained_average": 0.0,
          "coarse_grained_average": 0.0
        },
        "ROUGE-2": {
          "max": 0.0,
          "median": 0.0,
          "fine_grained_average": 0.0,
          "coarse_grained_average": 0.0
        },
        "ROUGE-L": {
          "max": 0.0,
          "median": 0.0,
          "fine_grained_average": 0.0,
          "coarse_grained_average": 0.0
        },
        "ACC": {
          "max": 0.272,
          "median": 0.272,
          "fine_grained_average": 0.272,
          "coarse_grained_average": 0.272
        },
        "length": {
          "max": 125,
          "median": 125.0,
          "fine_grained_average": 125.0,
          "coarse_grained_average": 125.0
        }
      },
      "science-qa_MUL": {
        "BLEU": {
          "max": 0.029583926462301183,
          "median": 0.029583926462301183,
          "fine_grained_average": 0.029583926462301183,
          "coarse_grained_average": 0.029583926462301183
        },
        "F1": {
          "max": 0.1641360162238805,
          "median": 0.1641360162238805,
          "fine_grained_average": 0.1641360162238805,
          "coarse_grained_average": 0.1641360162238805
        },
        "ROUGE-1": {
          "max": 0.0,
          "median": 0.0,
          "fine_grained_average": 0.0,
          "coarse_grained_average": 0.0
        },
        "ROUGE-2": {
          "max": 0.0,
          "median": 0.0,
          "fine_grained_average": 0.0,
          "coarse_grained_average": 0.0
        },
        "ROUGE-L": {
          "max": 0.0,
          "median": 0.0,
          "fine_grained_average": 0.0,
          "coarse_grained_average": 0.0
        },
        "ACC": {
          "max": 0.35537190082644626,
          "median": 0.35537190082644626,
          "fine_grained_average": 0.35537190082644626,
          "coarse_grained_average": 0.35537190082644626
        },
        "length": {
          "max": 121,
          "median": 121.0,
          "fine_grained_average": 121.0,
          "coarse_grained_average": 121.0
        }
      },