{
  "BLEU": 0.030778232844577088,
  "F1": 0.17624823523627794,
  "ROUGE-1": 0.17931401351896523,
  "ROUGE-2": 0.046400205186647926,
  "ROUGE-L": 0.16672596124605654,
  "ACC-prefix": 0.01935483870967742,
  "ACC-in": 0.03225806451612903,
  "length": 155
}