{
  "BLEU": 0.20700521685279033,
  "F1": 0.6505002568492347,
  "ROUGE-1": 0.6691727954616984,
  "ROUGE-2": 0.35574525190516815,
  "ROUGE-L": 0.6649412663084794,
  "ACC-prefix": 0.5533333333333333,
  "ACC-in": 0.6666666666666666,
  "length": 150
}