{
  "BLEU": 0.04130190230188748,
  "F1": 0.21547619047619046,
  "ROUGE-1": 0.23154761752509923,
  "ROUGE-2": 0.0,
  "ROUGE-L": 0.23154761752509923,
  "ACC-prefix": 0.38392857142857145,
  "ACC-in": 0.38392857142857145,
  "length": 112
}