{
  "BLEU": 0.01876668382399294,
  "F1": 0.0630713918849512,
  "ROUGE-1": 0.04721549595754812,
  "ROUGE-2": 0.011299434943502827,
  "ROUGE-L": 0.0429986778131083,
  "ACC-prefix": 0.01694915254237288,
  "ACC-in": 0.01694915254237288,
  "length": 59
}