{
  "BLEU": 0.016676521236298304,
  "F1": 0.09172749391727494,
  "ROUGE-1": 0.09172749341184104,
  "ROUGE-2": 0.0,
  "ROUGE-L": 0.09172749341184104,
  "ACC-prefix": 0.08029197080291971,
  "ACC-in": 0.08029197080291971,
  "length": 137
}