{
  "calculate": {
    "groups": {
      "factual-qa_QA": {
        "BLEU": {
          "max": 0.0,
          "median": 0.0,
          "fine_grained_average": 0.0,
          "coarse_grained_average": 0.0
        },
        "F1": {
          "max": 0.0,
          "median": 0.0,
          "fine_grained_average": 0.0,
          "coarse_grained_average": 0.0
        },
        "ROUGE-1": {
          "max": 0.0,
          "median": 0.0,
          "fine_grained_average": 0.0,
          "coarse_grained_average": 0.0
        },
        "ROUGE-2": {
          "max": 0.0,
          "median": 0.0,
          "fine_grained_average": 0.0,
          "coarse_grained_average": 0.0
        },
        "ROUGE-L": {
          "max": 0.0,
          "median": 0.0,
          "fine_grained_average": 0.0,
          "coarse_grained_average": 0.0
        },
        "ACC-prefix": {
          "max": 0.0,
          "median": 0.0,
          "fine_grained_average": 0.0,
          "coarse_grained_average": 0.0
        },
        "ACC-in": {
          "max": 0.0,
          "median": 0.0,
          "fine_grained_average": 0.0,
          "coarse_grained_average": 0.0
        },
        "length": {
          "max": 9,
          "median": 9.0,
          "fine_grained_average": 9.0,
          "coarse_grained_average": 9.0
        }
      },
      "logic_QA": {
        "BLEU": {
          "max": 0.003546946476319051,
          "median": 0.003546946476319051,
          "fine_grained_average": 0.003546946476319051,
          "coarse_grained_average": 0.003546946476319051
        },
        "F1": {
          "max": 0.10547239037525338,
          "median": 0.10547239037525338,
          "fine_grained_average": 0.10547239037525338,
          "coarse_grained_average": 0.10547239037525338
        },
        "ROUGE-1": {
          "max": 0.10547238950967887,
          "median": 0.10547238950967887,
          "fine_grained_average": 0.10547238950967887,
          "coarse_grained_average": 0.10547238950967887
        },
        "ROUGE-2": {
          "max": 0.006540516125159959,
          "median": 0.006540516125159959,
          "fine_grained_average": 0.006540516125159959,
          "coarse_grained_average": 0.006540516125159959
        },
        "ROUGE-L": {
          "max": 0.040743605941562816,
          "median": 0.040743605941562816,
          "fine_grained_average": 0.040743605941562816,
          "coarse_grained_average": 0.040743605941562816
        },
        "ACC-prefix": {
          "max": 0.0,
          "median": 0.0,
          "fine_grained_average": 0.0,
          "coarse_grained_average": 0.0
        },
        "ACC-in": {
          "max": 0.0,
          "median": 0.0,
          "fine_grained_average": 0.0,
          "coarse_grained_average": 0.0
        },
        "length": {
          "max": 83,
          "median": 83.0,
          "fine_grained_average": 83.0,
          "coarse_grained_average": 83.0
        }
      },
      "real-world_QA": {
        "BLEU": {
          "max": 0.0,
          "median": 0.0,
          "fine_grained_average": 0.0,
          "coarse_grained_average": 0.0
        },
        "F1": {
          "max": 0.0,
          "median": 0.0,
          "fine_grained_average": 0.0,
          "coarse_grained_average": 0.0
        },
        "ROUGE-1": {
          "max": 0.0,
          "median": 0.0,
          "fine_grained_average": 0.0,
          "coarse_grained_average": 0.0
        },
        "ROUGE-2": {
          "max": 0.0,
          "median": 0.0,
          "fine_grained_average": 0.0,
          "coarse_grained_average": 0.0
        },
        "ROUGE-L": {
          "max": 0.0,
          "median": 0.0,
          "fine_grained_average": 0.0,
          "coarse_grained_average": 0.0
        },
        "ACC-prefix": {
          "max": 0.0,
          "median": 0.0,
          "fine_grained_average": 0.0,
          "coarse_grained_average": 0.0
        },
        "ACC-in": {
          "max": 0.005263157894736842,
          "median": 0.005263157894736842,
          "fine_grained_average": 0.005263157894736842,
          "coarse_grained_average": 0.005263157894736842
        },
        "length": {
          "max": 190,
          "median": 190.0,
          "fine_grained_average": 190.0,
          "coarse_grained_average": 190.0
        }
      }
    },
    "overall": {
      "BLEU": {
        "max": 0.003546946476319051,
        "median": 0.0,
        "fine_grained_average": 0.001043959423881139,
        "coarse_grained_average": 0.0011823154921063504
      },
      "F1": {
        "max": 0.10547239037525338,
        "median": 0.0,
        "fine_grained_average": 0.031043292202645498,
        "coarse_grained_average": 0.0351574634584178
      },
      "ROUGE-1": {
        "max": 0.10547238950967887,
        "median": 0.0,
        "fine_grained_average": 0.031043291947884206,
        "coarse_grained_average": 0.035157463169892954
      },
      "ROUGE-2": {
        "max": 0.006540516125159959,
        "median": 0.0,
        "fine_grained_average": 0.0019250455261995627,
        "coarse_grained_average": 0.0021801720417199866
      },
      "ROUGE-L": {
        "max": 0.040743605941562816,
        "median": 0.0,
        "fine_grained_average": 0.011991912387055723,
        "coarse_grained_average": 0.013581201980520938
      },
      "ACC-prefix": {
        "max": 0.0,
        "median": 0.0,
        "fine_grained_average": 0.0,
        "coarse_grained_average": 0.0
      },
      "ACC-in": {
        "max": 0.005263157894736842,
        "median": 0.0,
        "fine_grained_average": 0.0035460992907801418,
        "coarse_grained_average": 0.0017543859649122807
      },
      "length": {
        "max": 190,
        "median": 83.0,
        "fine_grained_average": 152.7304964539007,
        "coarse_grained_average": 94.0
      }
    }
  },
  "results": {
    "factual-qa_QA": {
      "factual-qa_QA.jsonl": {
        "BLEU": 0.0,
        "F1": 0.0,
        "ROUGE-1": 0.0,
        "ROUGE-2": 0.0,
        "ROUGE-L": 0.0,
        "ACC-prefix": 0.0,
        "ACC-in": 0.0,
        "length": 9
      }
    },
    "logic_QA": {
      "logic_QA.jsonl": {
        "BLEU": 0.003546946476319051,
        "F1": 0.10547239037525338,
        "ROUGE-1": 0.10547238950967887,
        "ROUGE-2": 0.006540516125159959,
        "ROUGE-L": 0.040743605941562816,
        "ACC-prefix": 0.0,
        "ACC-in": 0.0,
        "length": 83
      }
    },
    "real-world_QA": {
      "real-world_QA.jsonl": {
        "BLEU": 0.0,
        "F1": 0.0,
        "ROUGE-1": 0.0,
        "ROUGE-2": 0.0,
        "ROUGE-L": 0.0,
        "ACC-prefix": 0.0,
        "ACC-in": 0.005263157894736842,
        "length": 190
      }
    }
  }
}