{
  "calculate": {
    "groups": {
      "commonsense-qa_MUL": {
        "BLEU": {
          "max": 0.01899812303870475,
          "median": 0.01899812303870475,
          "fine_grained_average": 0.01899812303870475,
          "coarse_grained_average": 0.01899812303870475
        },
        "F1": {
          "max": 0.10152505446623092,
          "median": 0.10152505446623092,
          "fine_grained_average": 0.10152505446623092,
          "coarse_grained_average": 0.10152505446623092
        },
        "ROUGE-1": {
          "max": 0.0,
          "median": 0.0,
          "fine_grained_average": 0.0,
          "coarse_grained_average": 0.0
        },
        "ROUGE-2": {
          "max": 0.0,
          "median": 0.0,
          "fine_grained_average": 0.0,
          "coarse_grained_average": 0.0
        },
        "ROUGE-L": {
          "max": 0.0,
          "median": 0.0,
          "fine_grained_average": 0.0,
          "coarse_grained_average": 0.0
        },
        "ACC": {
          "max": 0.1895424836601307,
          "median": 0.1895424836601307,
          "fine_grained_average": 0.1895424836601307,
          "coarse_grained_average": 0.1895424836601307
        },
        "length": {
          "max": 153,
          "median": 153.0,
          "fine_grained_average": 153.0,
          "coarse_grained_average": 153.0
        }
      },
      "logic_MUL": {
        "BLEU": {
          "max": 0.008910887964615519,
          "median": 0.008910887964615519,
          "fine_grained_average": 0.008910887964615519,
          "coarse_grained_average": 0.008910887964615519
        },
        "F1": {
          "max": 0.04856330776142097,
          "median": 0.04856330776142097,
          "fine_grained_average": 0.04856330776142097,
          "coarse_grained_average": 0.04856330776142097
        },
        "ROUGE-1": {
          "max": 0.0,
          "median": 0.0,
          "fine_grained_average": 0.0,
          "coarse_grained_average": 0.0
        },
        "ROUGE-2": {
          "max": 0.0,
          "median": 0.0,
          "fine_grained_average": 0.0,
          "coarse_grained_average": 0.0
        },
        "ROUGE-L": {
          "max": 0.0,
          "median": 0.0,
          "fine_grained_average": 0.0,
          "coarse_grained_average": 0.0
        },
        "ACC": {
          "max": 0.1179245283018868,
          "median": 0.1179245283018868,
          "fine_grained_average": 0.1179245283018868,
          "coarse_grained_average": 0.1179245283018868
        },
        "length": {
          "max": 424,
          "median": 424.0,
          "fine_grained_average": 424.0,
          "coarse_grained_average": 424.0
        }
      },
      "math_MUL": {
        "BLEU": {
          "max": 0.010535429688675406,
          "median": 0.010535429688675406,
          "fine_grained_average": 0.010535429688675406,
          "coarse_grained_average": 0.010535429688675406
        },
        "F1": {
          "max": 0.05906432748538012,
          "median": 0.05906432748538012,
          "fine_grained_average": 0.05906432748538012,
          "coarse_grained_average": 0.05906432748538012
        },
        "ROUGE-1": {
          "max": 0.0,
          "median": 0.0,
          "fine_grained_average": 0.0,
          "coarse_grained_average": 0.0
        },
        "ROUGE-2": {
          "max": 0.0,
          "median": 0.0,
          "fine_grained_average": 0.0,
          "coarse_grained_average": 0.0
        },
        "ROUGE-L": {
          "max": 0.0,
          "median": 0.0,
          "fine_grained_average": 0.0,
          "coarse_grained_average": 0.0
        },
        "ACC": {
          "max": 0.07894736842105263,
          "median": 0.07894736842105263,
          "fine_grained_average": 0.07894736842105263,
          "coarse_grained_average": 0.07894736842105263
        },
        "length": {
          "max": 114,
          "median": 114.0,
          "fine_grained_average": 114.0,
          "coarse_grained_average": 114.0
        }
      },
      "reading-comprehension_MUL": {
        "BLEU": {
          "max": 0.014002316315368094,
          "median": 0.014002316315368094,
          "fine_grained_average": 0.014002316315368094,
          "coarse_grained_average": 0.014002316315368094
        },
        "F1": {
          "max": 0.0774022340916676,
          "median": 0.0774022340916676,
          "fine_grained_average": 0.0774022340916676,
          "coarse_grained_average": 0.0774022340916676
        },
        "ROUGE-1": {
          "max": 0.0,
          "median": 0.0,
          "fine_grained_average": 0.0,
          "coarse_grained_average": 0.0
        },
        "ROUGE-2": {
          "max": 0.0,
          "median": 0.0,
          "fine_grained_average": 0.0,
          "coarse_grained_average": 0.0
        },
        "ROUGE-L": {
          "max": 0.0,
          "median": 0.0,
          "fine_grained_average": 0.0,
          "coarse_grained_average": 0.0
        },
        "ACC": {
          "max": 0.21374045801526717,
          "median": 0.21374045801526717,
          "fine_grained_average": 0.21374045801526717,
          "coarse_grained_average": 0.21374045801526717
        },
        "length": {
          "max": 131,
          "median": 131.0,
          "fine_grained_average": 131.0,
          "coarse_grained_average": 131.0
        }
      },
      "real-world_MUL": {
        "BLEU": {
          "max": 0.027029847032591627,
          "median": 0.027029847032591627,
          "fine_grained_average": 0.027029847032591627,
          "coarse_grained_average": 0.027029847032591627
        },
        "F1": {
          "max": 0.152,
          "median": 0.152,
          "fine_grained_average": 0.152,
          "coarse_grained_average": 0.152
        },
        "ROUGE-1": {
          "max": 0.0,
          "median": 0.0,
          "fine_grained_average": 0.0,
          "coarse_grained_average": 0.0
        },
        "ROUGE-2": {
          "max": 0.0,
          "median": 0.0,
          "fine_grained_average": 0.0,
          "coarse_grained_average": 0.0
        },
        "ROUGE-L": {
          "max": 0.0,
          "median": 0.0,
          "fine_grained_average": 0.0,
          "coarse_grained_average": 0.0
        },
        "ACC": {
          "max": 0.224,
          "median": 0.224,
          "fine_grained_average": 0.224,
          "coarse_grained_average": 0.224
        },
        "length": {
          "max": 125,
          "median": 125.0,
          "fine_grained_average": 125.0,
          "coarse_grained_average": 125.0
        }
      },
      "science-qa_MUL": {
        "BLEU": {
          "max": 0.01647369089080033,
          "median": 0.01647369089080033,
          "fine_grained_average": 0.01647369089080033,
          "coarse_grained_average": 0.01647369089080033
        },
        "F1": {
          "max": 0.08760330578512396,
          "median": 0.08760330578512396,
          "fine_grained_average": 0.08760330578512396,
          "coarse_grained_average": 0.08760330578512396
        },
        "ROUGE-1": {
          "max": 0.0,
          "median": 0.0,
          "fine_grained_average": 0.0,
          "coarse_grained_average": 0.0
        },
        "ROUGE-2": {
          "max": 0.0,
          "median": 0.0,
          "fine_grained_average": 0.0,
          "coarse_grained_average": 0.0
        },
        "ROUGE-L": {
          "max": 0.0,
          "median": 0.0,
          "fine_grained_average": 0.0,
          "coarse_grained_average": 0.0
        },
        "ACC": {
          "max": 0.2727272727272727,
          "median": 0.2727272727272727,
          "fine_grained_average": 0.2727272727272727,
          "coarse_grained_average": 0.2727272727272727
        },
        "length": {
          "max": 121,
          "median": 121.0,
          "fine_grained_average": 121.0,
          "coarse_grained_average": 121.0
        }
      },
      "sentimental-analysis_MUL": {
        "BLEU": {
          "max": 0.08932969321441345,