{
  "BLEU": 0.010945272735086515,
  "F1": 0.0586409009354012,
  "ROUGE-1": 0.0,
  "ROUGE-2": 0.0,
  "ROUGE-L": 0.0,
  "ACC": 0.13488372093023257,
  "length": 645
}