{
  "BLEU": 0.008021676764189007,
  "F1": 0.04710450675174945,
  "ROUGE-1": 0.0,
  "ROUGE-2": 0.0,
  "ROUGE-L": 0.0,
  "ACC": 0.16339869281045752,
  "length": 153
}