{
  "BLEU": 0.0011622741242084463,
  "F1": 0.006535947712418301,
  "ROUGE-1": 0.0,
  "ROUGE-2": 0.0,
  "ROUGE-L": 0.0,
  "ACC": 0.1568627450980392,
  "length": 153
}