{
  "calculate": {
    "groups": {
      "factual-qa_QA": {
        "BLEU": {
          "max": 0.007645477592915757,
          "median": 0.007645477592915757,
          "fine_grained_average": 0.007645477592915757,
          "coarse_grained_average": 0.007645477592915757
        },
        "F1": {
          "max": 0.06393792825270223,
          "median": 0.06393792825270223,
          "fine_grained_average": 0.06393792825270223,
          "coarse_grained_average": 0.06393792825270223
        },
        "ROUGE-1": {
          "max": 0.06409474852228039,
          "median": 0.06409474852228039,
          "fine_grained_average": 0.06409474852228039,
          "coarse_grained_average": 0.06409474852228039
        },
        "ROUGE-2": {
          "max": 0.013199518510342238,
          "median": 0.013199518510342238,
          "fine_grained_average": 0.013199518510342238,
          "coarse_grained_average": 0.013199518510342238
        },
        "ROUGE-L": {
          "max": 0.053865847417589055,
          "median": 0.053865847417589055,
          "fine_grained_average": 0.053865847417589055,
          "coarse_grained_average": 0.053865847417589055
        },
        "ACC-prefix": {
          "max": 0.0,
          "median": 0.0,
          "fine_grained_average": 0.0,
          "coarse_grained_average": 0.0
        },
        "ACC-in": {
          "max": 0.0,
          "median": 0.0,
          "fine_grained_average": 0.0,
          "coarse_grained_average": 0.0
        },
        "length": {
          "max": 155,
          "median": 155.0,
          "fine_grained_average": 155.0,
          "coarse_grained_average": 155.0
        }
      },
      "inference_QA": {
        "BLEU": {
          "max": 0.020696734768831215,
          "median": 0.020696734768831215,
          "fine_grained_average": 0.020696734768831215,
          "coarse_grained_average": 0.020696734768831215
        },
        "F1": {
          "max": 0.10178571428571428,
          "median": 0.10178571428571428,
          "fine_grained_average": 0.10178571428571428,
          "coarse_grained_average": 0.10178571428571428
        },
        "ROUGE-1": {
          "max": 0.11934523727266866,
          "median": 0.11934523727266866,
          "fine_grained_average": 0.11934523727266866,
          "coarse_grained_average": 0.11934523727266866
        },
        "ROUGE-2": {
          "max": 0.0,
          "median": 0.0,
          "fine_grained_average": 0.0,
          "coarse_grained_average": 0.0
        },
        "ROUGE-L": {
          "max": 0.11934523727266866,
          "median": 0.11934523727266866,
          "fine_grained_average": 0.11934523727266866,
          "coarse_grained_average": 0.11934523727266866
        },
        "ACC-prefix": {
          "max": 0.19642857142857142,
          "median": 0.19642857142857142,
          "fine_grained_average": 0.19642857142857142,
          "coarse_grained_average": 0.19642857142857142
        },
        "ACC-in": {
          "max": 0.20535714285714285,
          "median": 0.20535714285714285,
          "fine_grained_average": 0.20535714285714285,
          "coarse_grained_average": 0.20535714285714285
        },
        "length": {
          "max": 112,
          "median": 112.0,
          "fine_grained_average": 112.0,
          "coarse_grained_average": 112.0
        }
      },
      "math_QA": {
        "BLEU": {
          "max": 0.0022842866630877257,
          "median": 0.0022842866630877257,
          "fine_grained_average": 0.0022842866630877257,
          "coarse_grained_average": 0.0022842866630877257
        },
        "F1": {
          "max": 0.022960674626367205,
          "median": 0.022960674626367205,
          "fine_grained_average": 0.022960674626367205,
          "coarse_grained_average": 0.022960674626367205
        },
        "ROUGE-1": {
          "max": 0.016280106826743627,
          "median": 0.016280106826743627,
          "fine_grained_average": 0.016280106826743627,
          "coarse_grained_average": 0.016280106826743627
        },
        "ROUGE-2": {
          "max": 0.0,
          "median": 0.0,
          "fine_grained_average": 0.0,
          "coarse_grained_average": 0.0
        },
        "ROUGE-L": {
          "max": 0.01178026189307844,
          "median": 0.01178026189307844,
          "fine_grained_average": 0.01178026189307844,
          "coarse_grained_average": 0.01178026189307844
        },
        "ACC-prefix": {
          "max": 0.0,
          "median": 0.0,
          "fine_grained_average": 0.0,
          "coarse_grained_average": 0.0
        },
        "ACC-in": {
          "max": 0.01694915254237288,
          "median": 0.01694915254237288,
          "fine_grained_average": 0.01694915254237288,
          "coarse_grained_average": 0.01694915254237288
        },
        "length": {
          "max": 59,
          "median": 59.0,
          "fine_grained_average": 59.0,
          "coarse_grained_average": 59.0
        }
      },
      "reading-comprehension_QA": {
        "BLEU": {
          "max": 0.1068064467697932,
          "median": 0.1068064467697932,
          "fine_grained_average": 0.1068064467697932,
          "coarse_grained_average": 0.1068064467697932
        },
        "F1": {
          "max": 0.35335622691031815,
          "median": 0.35335622691031815,
          "fine_grained_average": 0.35335622691031815,
          "coarse_grained_average": 0.35335622691031815
        },
        "ROUGE-1": {
          "max": 0.35563699792882864,
          "median": 0.35563699792882864,
          "fine_grained_average": 0.35563699792882864,
          "coarse_grained_average": 0.35563699792882864
        },
        "ROUGE-2": {
          "max": 0.1559450172883979,
          "median": 0.1559450172883979,
          "fine_grained_average": 0.1559450172883979,
          "coarse_grained_average": 0.1559450172883979
        },
        "ROUGE-L": {
          "max": 0.3353065304287019,
          "median": 0.3353065304287019,
          "fine_grained_average": 0.3353065304287019,
          "coarse_grained_average": 0.3353065304287019
        },
        "ACC-prefix": {
          "max": 0.36666666666666664,
          "median": 0.36666666666666664,
          "fine_grained_average": 0.36666666666666664,
          "coarse_grained_average": 0.36666666666666664
        },
        "ACC-in": {
          "max": 0.5266666666666666,
          "median": 0.5266666666666666,
          "fine_grained_average": 0.5266666666666666,
          "coarse_grained_average": 0.5266666666666666
        },
        "length": {
          "max": 150,
          "median": 150.0,
          "fine_grained_average": 150.0,
          "coarse_grained_average": 150.0
        }
      },
      "real-world_QA": {
        "BLEU": {
          "max": 0.0024240978060173887,
          "median": 0.0024240978060173887,
          "fine_grained_average": 0.0024240978060173887,
          "coarse_grained_average": 0.0024240978060173887
        },
        "F1": {
          "max": 0.010218978102189781,
          "median": 0.010218978102189781,
          "fine_grained_average": 0.010218978102189781,
          "coarse_grained_average": 0.010218978102189781
        },
        "ROUGE-1": {
          "max": 0.013381995041565288,
          "median": 0.013381995041565288,
          "fine_grained_average": 0.013381995041565288,
          "coarse_grained_average": 0.013381995041565288
        },
        "ROUGE-2": {
          "max": 0.0,
          "median": 0.0,
          "fine_grained_average": 0.0,
          "coarse_grained_average": 0.0
        },
        "ROUGE-L": {
          "max": 0.012652068038280615,
          "median": 0.012652068038280615,
          "fine_grained_average": 0.012652068038280615,
          "coarse_grained_average": 0.012652068038280615
        },
        "ACC-prefix": {
          "max": 0.0,
          "median": 0.0,
          "fine_grained_average": 0.0,
          "coarse_grained_average": 0.0
        },