{
  "BLEU": 0.003546946476319051,
  "F1": 0.10547239037525338,
  "ROUGE-1": 0.10547238950967887,
  "ROUGE-2": 0.006540516125159959,
  "ROUGE-L": 0.040743605941562816,
  "ACC-prefix": 0.0,
  "ACC-in": 0.0,
  "length": 83
}