{
  "calculate": {
    "groups": {
      "commonsense-qa_MUL": {
        "BLEU": {
          "max": 0.03476393959855019,
          "median": 0.03476393959855019,
          "fine_grained_average": 0.03476393959855019,
          "coarse_grained_average": 0.03476393959855019
        },
        "F1": {
          "max": 0.15480984340044743,
          "median": 0.15480984340044743,
          "fine_grained_average": 0.15480984340044743,
          "coarse_grained_average": 0.15480984340044743
        },
        "ROUGE-1": {
          "max": 0.0,
          "median": 0.0,
          "fine_grained_average": 0.0,
          "coarse_grained_average": 0.0
        },
        "ROUGE-2": {
          "max": 0.0,
          "median": 0.0,
          "fine_grained_average": 0.0,
          "coarse_grained_average": 0.0
        },
        "ROUGE-L": {
          "max": 0.0,
          "median": 0.0,
          "fine_grained_average": 0.0,
          "coarse_grained_average": 0.0
        },
        "ACC": {
          "max": 0.348993288590604,
          "median": 0.348993288590604,
          "fine_grained_average": 0.348993288590604,
          "coarse_grained_average": 0.348993288590604
        },
        "length": {
          "max": 149,
          "median": 149.0,
          "fine_grained_average": 149.0,
          "coarse_grained_average": 149.0
        }
      },
      "inference_MUL": {
        "BLEU": {
          "max": 0.014332347558402996,
          "median": 0.014332347558402996,
          "fine_grained_average": 0.014332347558402996,
          "coarse_grained_average": 0.014332347558402996
        },
        "F1": {
          "max": 0.07558776540919399,
          "median": 0.07558776540919399,
          "fine_grained_average": 0.07558776540919399,
          "coarse_grained_average": 0.07558776540919399
        },
        "ROUGE-1": {
          "max": 0.0,
          "median": 0.0,
          "fine_grained_average": 0.0,
          "coarse_grained_average": 0.0
        },
        "ROUGE-2": {
          "max": 0.0,
          "median": 0.0,
          "fine_grained_average": 0.0,
          "coarse_grained_average": 0.0
        },
        "ROUGE-L": {
          "max": 0.0,
          "median": 0.0,
          "fine_grained_average": 0.0,
          "coarse_grained_average": 0.0
        },
        "ACC": {
          "max": 0.1595238095238095,
          "median": 0.1595238095238095,
          "fine_grained_average": 0.1595238095238095,
          "coarse_grained_average": 0.1595238095238095
        },
        "length": {
          "max": 420,
          "median": 420.0,
          "fine_grained_average": 420.0,
          "coarse_grained_average": 420.0
        }
      },
      "math_MUL": {
        "BLEU": {
          "max": 0.013020093230648982,
          "median": 0.013020093230648982,
          "fine_grained_average": 0.013020093230648982,
          "coarse_grained_average": 0.013020093230648982
        },
        "F1": {
          "max": 0.06966183574879227,
          "median": 0.06966183574879227,
          "fine_grained_average": 0.06966183574879227,
          "coarse_grained_average": 0.06966183574879227
        },
        "ROUGE-1": {
          "max": 0.0,
          "median": 0.0,
          "fine_grained_average": 0.0,
          "coarse_grained_average": 0.0
        },
        "ROUGE-2": {
          "max": 0.0,
          "median": 0.0,
          "fine_grained_average": 0.0,
          "coarse_grained_average": 0.0
        },
        "ROUGE-L": {
          "max": 0.0,
          "median": 0.0,
          "fine_grained_average": 0.0,
          "coarse_grained_average": 0.0
        },
        "ACC": {
          "max": 0.16521739130434782,
          "median": 0.16521739130434782,
          "fine_grained_average": 0.16521739130434782,
          "coarse_grained_average": 0.16521739130434782
        },
        "length": {
          "max": 115,
          "median": 115.0,
          "fine_grained_average": 115.0,
          "coarse_grained_average": 115.0
        }
      },
      "real-world_MUL": {
        "BLEU": {
          "max": 0.010541283060376353,
          "median": 0.010541283060376353,
          "fine_grained_average": 0.010541283060376353,
          "coarse_grained_average": 0.010541283060376353
        },
        "F1": {
          "max": 0.053086419753086415,
          "median": 0.053086419753086415,
          "fine_grained_average": 0.053086419753086415,
          "coarse_grained_average": 0.053086419753086415
        },
        "ROUGE-1": {
          "max": 0.0,
          "median": 0.0,
          "fine_grained_average": 0.0,
          "coarse_grained_average": 0.0
        },
        "ROUGE-2": {
          "max": 0.0,
          "median": 0.0,
          "fine_grained_average": 0.0,
          "coarse_grained_average": 0.0
        },
        "ROUGE-L": {
          "max": 0.0,
          "median": 0.0,
          "fine_grained_average": 0.0,
          "coarse_grained_average": 0.0
        },
        "ACC": {
          "max": 0.17777777777777778,
          "median": 0.17777777777777778,
          "fine_grained_average": 0.17777777777777778,
          "coarse_grained_average": 0.17777777777777778
        },
        "length": {
          "max": 135,
          "median": 135.0,
          "fine_grained_average": 135.0,
          "coarse_grained_average": 135.0
        }
      },
      "science-qa_MUL": {
        "BLEU": {
          "max": 0.026292978654376457,
          "median": 0.026292978654376457,
          "fine_grained_average": 0.026292978654376457,
          "coarse_grained_average": 0.026292978654376457
        },
        "F1": {
          "max": 0.14227397946406212,
          "median": 0.14227397946406212,
          "fine_grained_average": 0.14227397946406212,
          "coarse_grained_average": 0.14227397946406212
        },
        "ROUGE-1": {
          "max": 0.0,
          "median": 0.0,
          "fine_grained_average": 0.0,
          "coarse_grained_average": 0.0
        },
        "ROUGE-2": {
          "max": 0.0,
          "median": 0.0,
          "fine_grained_average": 0.0,
          "coarse_grained_average": 0.0
        },
        "ROUGE-L": {
          "max": 0.0,
          "median": 0.0,
          "fine_grained_average": 0.0,
          "coarse_grained_average": 0.0
        },
        "ACC": {
          "max": 0.2396694214876033,
          "median": 0.2396694214876033,
          "fine_grained_average": 0.2396694214876033,
          "coarse_grained_average": 0.2396694214876033
        },
        "length": {
          "max": 121,
          "median": 121.0,
          "fine_grained_average": 121.0,
          "coarse_grained_average": 121.0
        }
      },
      "sentimental-analysis_MUL": {
        "BLEU": {
          "max": 0.0016612685967849529,
          "median": 0.0016612685967849529,
          "fine_grained_average": 0.0016612685967849529,
          "coarse_grained_average": 0.0016612685967849529
        },
        "F1": {
          "max": 0.009937888198757763,
          "median": 0.009937888198757763,
          "fine_grained_average": 0.009937888198757763,
          "coarse_grained_average": 0.009937888198757763
        },
        "ROUGE-1": {
          "max": 0.0,
          "median": 0.0,
          "fine_grained_average": 0.0,
          "coarse_grained_average": 0.0
        },
        "ROUGE-2": {
          "max": 0.0,
          "median": 0.0,
          "fine_grained_average": 0.0,
          "coarse_grained_average": 0.0
        },
        "ROUGE-L": {
          "max": 0.0,
          "median": 0.0,
          "fine_grained_average": 0.0,
          "coarse_grained_average": 0.0
        },
        "ACC": {
          "max": 0.1565217391304348,
          "median": 0.1565217391304348,
          "fine_grained_average": 0.1565217391304348,
          "coarse_grained_average": 0.1565217391304348
        },
        "length": {
          "max": 115,
          "median": 115.0,
          "fine_grained_average": 115.0,