{
  "BLEU": 0.01582561375667021,
  "F1": 0.07154882154882156,
  "ROUGE-1": 0.07154882103278151,
  "ROUGE-2": 0.0,
  "ROUGE-L": 0.07154882103278151,
  "ACC": 0.10606060606060606,
  "length": 66
}