{
  "BLEU": 0.0032557630436307753,
  "F1": 0.038848533763787996,
  "ROUGE-1": 0.02118644045021187,
  "ROUGE-2": 0.0,
  "ROUGE-L": 0.019209039345480232,
  "ACC-prefix": 0.0,
  "ACC-in": 0.0,
  "length": 59
}