{
  "BLEU": 0.004996819694467197,
  "F1": 0.034584636774417796,
  "ROUGE-1": 0.03580118154451562,
  "ROUGE-2": 0.0,
  "ROUGE-L": 0.03417912154221678,
  "ACC-prefix": 0.021897810218978103,
  "ACC-in": 0.0364963503649635,
  "length": 137
}