{
  "BLEU": 0.13778317806854198,
  "F1": 0.39827545388778673,
  "ROUGE-1": 0.3996018207739606,
  "ROUGE-2": 0.22234880588820174,
  "ROUGE-L": 0.3911020987423404,
  "ACC-prefix": 0.2733333333333333,
  "ACC-in": 0.64,
  "length": 150
}