{
  "BLEU": 0.023054088841457786,
  "F1": 0.14040755990771003,
  "ROUGE-1": 0.13875886209687388,
  "ROUGE-2": 0.02872380214419753,
  "ROUGE-L": 0.1194779103512543,
  "ACC-prefix": 0.0,
  "ACC-in": 0.0064516129032258064,
  "length": 155
}