{
  "BLEU": 0.03621109298533427,
  "F1": 0.1970238095238095,
  "ROUGE-1": 0.27380952216269844,
  "ROUGE-2": 0.0,
  "ROUGE-L": 0.27380952216269844,
  "ACC-prefix": 0.0,
  "ACC-in": 0.375,
  "length": 112
}