{
  "BLEU": 0.028326260937420564,
  "F1": 0.14986730441275894,
  "ROUGE-1": 0.0,
  "ROUGE-2": 0.0,
  "ROUGE-L": 0.0,
  "ACC": 0.2975206611570248,
  "length": 121
}