{
  "BLEU": 0.038298976704775445,
  "F1": 0.21254580735645975,
  "ROUGE-1": 0.0,
  "ROUGE-2": 0.0,
  "ROUGE-L": 0.0,
  "ACC": 0.3816793893129771,
  "length": 131
}