{
  "BLEU": 0.06797149890052952,
  "F1": 0.368952380952381,
  "ROUGE-1": 0.0,
  "ROUGE-2": 0.0,
  "ROUGE-L": 0.0,
  "ACC": 0.73,
  "length": 100
}