{
  "BLEU": 0.020648505704921185,
  "F1": 0.10314327485380116,
  "ROUGE-1": 0.0,
  "ROUGE-2": 0.0,
  "ROUGE-L": 0.0,
  "ACC": 0.18421052631578946,
  "length": 114
}