{
  "BLEU": 0.020785090014043796,
  "F1": 0.09792038027332145,
  "ROUGE-1": 0.0,
  "ROUGE-2": 0.0,
  "ROUGE-L": 0.0,
  "ACC": 0.20915032679738563,
  "length": 153
}