{
  "BLEU": 0.005264564615964782,
  "F1": 0.03957584606169511,
  "ROUGE-1": 0.0,
  "ROUGE-2": 0.0,
  "ROUGE-L": 0.0,
  "ACC": 0.1320754716981132,
  "length": 424
}