{
  "BLEU": 0.012428826954797526,
  "F1": 0.09489144316730523,
  "ROUGE-1": 0.09489144164229832,
  "ROUGE-2": 0.03968253922902495,
  "ROUGE-L": 0.06424010064612973,
  "ACC-prefix": 0.0,
  "ACC-in": 0.0,
  "length": 9
}