{
  "BLEU": 0.0048315526729510085,
  "F1": 0.03861001571527887,
  "ROUGE-1": 0.03861001520384841,
  "ROUGE-2": 0.00315789468631579,
  "ROUGE-L": 0.03861001520384841,
  "ACC-prefix": 0.0,
  "ACC-in": 0.06315789473684211,
  "length": 190
}