{
  "BLEU": 0.07065522212445048,
  "F1": 0.369831707783515,
  "ROUGE-1": 0.36983170556764644,
  "ROUGE-2": 0.010125569976478985,
  "ROUGE-L": 0.3631191410237566,
  "ACC-prefix": 0.20481927710843373,
  "ACC-in": 0.5301204819277109,
  "length": 83
}