{
  "calculate": {
    "groups": {
      "K12_MUL": {
        "BLEU": {
          "max": 0.0156094370278799,
          "median": 0.0156094370278799,
          "fine_grained_average": 0.0156094370278799,
          "coarse_grained_average": 0.0156094370278799
        },
        "F1": {
          "max": 0.08075911286328646,
          "median": 0.08075911286328646,
          "fine_grained_average": 0.08075911286328646,
          "coarse_grained_average": 0.08075911286328646
        },
        "ROUGE-1": {
          "max": 0.0,
          "median": 0.0,
          "fine_grained_average": 0.0,
          "coarse_grained_average": 0.0
        },
        "ROUGE-2": {
          "max": 0.0,
          "median": 0.0,
          "fine_grained_average": 0.0,
          "coarse_grained_average": 0.0
        },
        "ROUGE-L": {
          "max": 0.0,
          "median": 0.0,
          "fine_grained_average": 0.0,
          "coarse_grained_average": 0.0
        },
        "ACC": {
          "max": 0.16899224806201552,
          "median": 0.16899224806201552,
          "fine_grained_average": 0.16899224806201552,
          "coarse_grained_average": 0.16899224806201552
        },
        "length": {
          "max": 645,
          "median": 645.0,
          "fine_grained_average": 645.0,
          "coarse_grained_average": 645.0
        }
      },
      "chinese-gov-test_MUL": {
        "BLEU": {
          "max": 0.018742890848887788,
          "median": 0.018742890848887788,
          "fine_grained_average": 0.018742890848887788,
          "coarse_grained_average": 0.018742890848887788
        },
        "F1": {
          "max": 0.09689761756339466,
          "median": 0.09689761756339466,
          "fine_grained_average": 0.09689761756339466,
          "coarse_grained_average": 0.09689761756339466
        },
        "ROUGE-1": {
          "max": 0.0,
          "median": 0.0,
          "fine_grained_average": 0.0,
          "coarse_grained_average": 0.0
        },
        "ROUGE-2": {
          "max": 0.0,
          "median": 0.0,
          "fine_grained_average": 0.0,
          "coarse_grained_average": 0.0
        },
        "ROUGE-L": {
          "max": 0.0,
          "median": 0.0,
          "fine_grained_average": 0.0,
          "coarse_grained_average": 0.0
        },
        "ACC": {
          "max": 0.16339869281045752,
          "median": 0.16339869281045752,
          "fine_grained_average": 0.16339869281045752,
          "coarse_grained_average": 0.16339869281045752
        },
        "length": {
          "max": 153,
          "median": 153.0,
          "fine_grained_average": 153.0,
          "coarse_grained_average": 153.0
        }
      }
    },
    "overall": {
      "BLEU": {
        "max": 0.018742890848887788,
        "median": 0.017176163938383844,
        "fine_grained_average": 0.01621021200859946,
        "coarse_grained_average": 0.017176163938383844
      },
      "F1": {
        "max": 0.09689761756339466,
        "median": 0.08882836521334056,
        "fine_grained_average": 0.08385333744864555,
        "coarse_grained_average": 0.08882836521334056
      },
      "ROUGE-1": {
        "max": 0.0,
        "median": 0.0,
        "fine_grained_average": 0.0,
        "coarse_grained_average": 0.0
      },
      "ROUGE-2": {
        "max": 0.0,
        "median": 0.0,
        "fine_grained_average": 0.0,
        "coarse_grained_average": 0.0
      },
      "ROUGE-L": {
        "max": 0.0,
        "median": 0.0,
        "fine_grained_average": 0.0,
        "coarse_grained_average": 0.0
      },
      "ACC": {
        "max": 0.16899224806201552,
        "median": 0.1661954704362365,
        "fine_grained_average": 0.16791979949874686,
        "coarse_grained_average": 0.1661954704362365
      },
      "length": {
        "max": 645,
        "median": 399.0,
        "fine_grained_average": 550.6691729323309,
        "coarse_grained_average": 399.0
      }
    }
  },
  "results": {
    "K12_MUL": {
      "K12_MUL.jsonl": {
        "BLEU": 0.0156094370278799,
        "F1": 0.08075911286328646,
        "ROUGE-1": 0.0,
        "ROUGE-2": 0.0,
        "ROUGE-L": 0.0,
        "ACC": 0.16899224806201552,
        "length": 645
      }
    },
    "chinese-gov-test_MUL": {
      "chinese-gov-test_MUL.jsonl": {
        "BLEU": 0.018742890848887788,
        "F1": 0.09689761756339466,
        "ROUGE-1": 0.0,
        "ROUGE-2": 0.0,
        "ROUGE-L": 0.0,
        "ACC": 0.16339869281045752,
        "length": 153
      }
    }
  }
}