{
  "calculate": {
    "groups": {
      "factual-qa_QA": {
        "BLEU": {
          "max": 0.018270438705965737,
          "median": 0.018270438705965737,
          "fine_grained_average": 0.018270438705965737,
          "coarse_grained_average": 0.018270438705965737
        },
        "F1": {
          "max": 0.12301587301587302,
          "median": 0.12301587301587302,
          "fine_grained_average": 0.12301587301587302,
          "coarse_grained_average": 0.12301587301587302
        },
        "ROUGE-1": {
          "max": 0.12301587195082202,
          "median": 0.12301587195082202,
          "fine_grained_average": 0.12301587195082202,
          "coarse_grained_average": 0.12301587195082202
        },
        "ROUGE-2": {
          "max": 0.05847953162203755,
          "median": 0.05847953162203755,
          "fine_grained_average": 0.05847953162203755,
          "coarse_grained_average": 0.05847953162203755
        },
        "ROUGE-L": {
          "max": 0.08068782962277969,
          "median": 0.08068782962277969,
          "fine_grained_average": 0.08068782962277969,
          "coarse_grained_average": 0.08068782962277969
        },
        "ACC-prefix": {
          "max": 0.0,
          "median": 0.0,
          "fine_grained_average": 0.0,
          "coarse_grained_average": 0.0
        },
        "ACC-in": {
          "max": 0.0,
          "median": 0.0,
          "fine_grained_average": 0.0,
          "coarse_grained_average": 0.0
        },
        "length": {
          "max": 9,
          "median": 9.0,
          "fine_grained_average": 9.0,
          "coarse_grained_average": 9.0
        }
      },
      "logic_QA": {
        "BLEU": {
          "max": 0.11682645577049887,
          "median": 0.11682645577049887,
          "fine_grained_average": 0.11682645577049887,
          "coarse_grained_average": 0.11682645577049887
        },
        "F1": {
          "max": 0.19276514256648822,
          "median": 0.19276514256648822,
          "fine_grained_average": 0.19276514256648822,
          "coarse_grained_average": 0.19276514256648822
        },
        "ROUGE-1": {
          "max": 0.19276514143121543,
          "median": 0.19276514143121543,
          "fine_grained_average": 0.19276514143121543,
          "coarse_grained_average": 0.19276514143121543
        },
        "ROUGE-2": {
          "max": 0.1371488211060082,
          "median": 0.1371488211060082,
          "fine_grained_average": 0.1371488211060082,
          "coarse_grained_average": 0.1371488211060082
        },
        "ROUGE-L": {
          "max": 0.1805401965388346,
          "median": 0.1805401965388346,
          "fine_grained_average": 0.1805401965388346,
          "coarse_grained_average": 0.1805401965388346
        },
        "ACC-prefix": {
          "max": 0.0,
          "median": 0.0,
          "fine_grained_average": 0.0,
          "coarse_grained_average": 0.0
        },
        "ACC-in": {
          "max": 0.0,
          "median": 0.0,
          "fine_grained_average": 0.0,
          "coarse_grained_average": 0.0
        },
        "length": {
          "max": 83,
          "median": 83.0,
          "fine_grained_average": 83.0,
          "coarse_grained_average": 83.0
        }
      },
      "real-world_QA": {
        "BLEU": {
          "max": 0.002300709179555067,
          "median": 0.002300709179555067,
          "fine_grained_average": 0.002300709179555067,
          "coarse_grained_average": 0.002300709179555067
        },
        "F1": {
          "max": 0.008521303258145364,
          "median": 0.008521303258145364,
          "fine_grained_average": 0.008521303258145364,
          "coarse_grained_average": 0.008521303258145364
        },
        "ROUGE-1": {
          "max": 0.008521303198472371,
          "median": 0.008521303198472371,
          "fine_grained_average": 0.008521303198472371,
          "coarse_grained_average": 0.008521303198472371
        },
        "ROUGE-2": {
          "max": 0.00601503755102041,
          "median": 0.00601503755102041,
          "fine_grained_average": 0.00601503755102041,
          "coarse_grained_average": 0.00601503755102041
        },
        "ROUGE-L": {
          "max": 0.008521303198472371,
          "median": 0.008521303198472371,
          "fine_grained_average": 0.008521303198472371,
          "coarse_grained_average": 0.008521303198472371
        },
        "ACC-prefix": {
          "max": 0.0,
          "median": 0.0,
          "fine_grained_average": 0.0,
          "coarse_grained_average": 0.0
        },
        "ACC-in": {
          "max": 0.021052631578947368,
          "median": 0.021052631578947368,
          "fine_grained_average": 0.021052631578947368,
          "coarse_grained_average": 0.021052631578947368
        },
        "length": {
          "max": 190,
          "median": 190.0,
          "fine_grained_average": 190.0,
          "coarse_grained_average": 190.0
        }
      }
    },
    "overall": {
      "BLEU": {
        "max": 0.11682645577049887,
        "median": 0.018270438705965737,
        "fine_grained_average": 0.03651831390574667,
        "coarse_grained_average": 0.04579920121867323
      },
      "F1": {
        "max": 0.19276514256648822,
        "median": 0.12301587301587302,
        "fine_grained_average": 0.06640318194754964,
        "coarse_grained_average": 0.10810077294683555
      },
      "ROUGE-1": {
        "max": 0.19276514143121543,
        "median": 0.12301587195082202,
        "fine_grained_average": 0.06640318153921286,
        "coarse_grained_average": 0.10810077219350328
      },
      "ROUGE-2": {
        "max": 0.1371488211060082,
        "median": 0.05847953162203755,
        "fine_grained_average": 0.046285549897485456,
        "coarse_grained_average": 0.06721446342635538
      },
      "ROUGE-L": {
        "max": 0.1805401965388346,
        "median": 0.08068782962277969,
        "fine_grained_average": 0.06145416449304269,
        "coarse_grained_average": 0.08991644312002889
      },
      "ACC-prefix": {
        "max": 0.0,
        "median": 0.0,
        "fine_grained_average": 0.0,
        "coarse_grained_average": 0.0
      },
      "ACC-in": {
        "max": 0.021052631578947368,
        "median": 0.0,
        "fine_grained_average": 0.014184397163120567,
        "coarse_grained_average": 0.007017543859649123
      },
      "length": {
        "max": 190,
        "median": 83.0,
        "fine_grained_average": 152.7304964539007,
        "coarse_grained_average": 94.0
      }
    }
  },
  "results": {
    "factual-qa_QA": {
      "factual-qa_QA.jsonl": {
        "BLEU": 0.018270438705965737,
        "F1": 0.12301587301587302,
        "ROUGE-1": 0.12301587195082202,
        "ROUGE-2": 0.05847953162203755,
        "ROUGE-L": 0.08068782962277969,
        "ACC-prefix": 0.0,
        "ACC-in": 0.0,
        "length": 9
      }
    },
    "logic_QA": {
      "logic_QA.jsonl": {
        "BLEU": 0.11682645577049887,
        "F1": 0.19276514256648822,
        "ROUGE-1": 0.19276514143121543,
        "ROUGE-2": 0.1371488211060082,
        "ROUGE-L": 0.1805401965388346,
        "ACC-prefix": 0.0,
        "ACC-in": 0.0,
        "length": 83
      }
    },
    "real-world_QA": {
      "real-world_QA.jsonl": {
        "BLEU": 0.002300709179555067,
        "F1": 0.008521303258145364,
        "ROUGE-1": 0.008521303198472371,
        "ROUGE-2": 0.00601503755102041,
        "ROUGE-L": 0.008521303198472371,
        "ACC-prefix": 0.0,
        "ACC-in": 0.021052631578947368,
        "length": 190
      }
    }
  }
}