{
  "BLEU": 0.011706659290167043,
  "F1": 0.05333333333333334,
  "ROUGE-1": 0.0,
  "ROUGE-2": 0.0,
  "ROUGE-L": 0.0,
  "ACC": 0.12173913043478261,
  "length": 115
}