{
  "BLEU": 0.010299003948713144,
  "F1": 0.05691876676348726,
  "ROUGE-1": 0.0,
  "ROUGE-2": 0.0,
  "ROUGE-L": 0.0,
  "ACC": 0.06666666666666667,
  "length": 420
}