{
  "BLEU": 0.007248732460018949,
  "F1": 0.038589995324918185,
  "ROUGE-1": 0.0,
  "ROUGE-2": 0.0,
  "ROUGE-L": 0.0,
  "ACC": 0.043478260869565216,
  "length": 115
}