{
  "BLEU": 0.015999040098134843,
  "F1": 0.07988980716253442,
  "ROUGE-1": 0.0,
  "ROUGE-2": 0.0,
  "ROUGE-L": 0.0,
  "ACC": 0.09917355371900827,
  "length": 121
}