{
  "BLEU": 0.0057774942425348405,
  "F1": 0.03131991051454138,
  "ROUGE-1": 0.0,
  "ROUGE-2": 0.0,
  "ROUGE-L": 0.0,
  "ACC": 0.053691275167785234,
  "length": 149
}