{
  "BLEU": 0.02329456664760141,
  "F1": 0.12222222222222222,
  "ROUGE-1": 0.0,
  "ROUGE-2": 0.0,
  "ROUGE-L": 0.0,
  "ACC": 0.18518518518518517,
  "length": 135
}