{
  "BLEU": 5.6049591931561036e-05,
  "F1": 0.009365692622571564,
  "ROUGE-1": 0.009365692437733213,
  "ROUGE-2": 0.0,
  "ROUGE-L": 0.009365692437733213,
  "ACC-prefix": 0.0,
  "ACC-in": 0.02631578947368421,
  "length": 190
}