{
  "BLEU": 0.0004614014620769545,
  "F1": 0.08902116402116403,
  "ROUGE-1": 0.08902116240106456,
  "ROUGE-2": 0.018912529236959918,
  "ROUGE-L": 0.08346560684550898,
  "ACC-prefix": 0.0,
  "ACC-in": 0.0,
  "length": 9
}