{
  "BLEU": 0.0006282976236939267,
  "F1": 0.16592012926416713,
  "ROUGE-1": 0.16592012827963984,
  "ROUGE-2": 0.009765569175323998,
  "ROUGE-L": 0.14522848458042872,
  "ACC-prefix": 0.0,
  "ACC-in": 0.0,
  "length": 83
}