{
  "BLEU": 0.002707223845640984,
  "F1": 0.01790633608815427,
  "ROUGE-1": 0.01818181807878788,
  "ROUGE-2": 0.0,
  "ROUGE-L": 0.015342100170109185,
  "ACC": 0.015151515151515152,
  "length": 66
}