{
  "calculate": {
    "groups": {
      "K12_MUL": {
        "BLEU": {
          "max": 0.0322812695808812,
          "median": 0.0322812695808812,
          "fine_grained_average": 0.0322812695808812,
          "coarse_grained_average": 0.0322812695808812
        },
        "F1": {
          "max": 0.18442088869328846,
          "median": 0.18442088869328846,
          "fine_grained_average": 0.18442088869328846,
          "coarse_grained_average": 0.18442088869328846
        },
        "ROUGE-1": {
          "max": 0.0,
          "median": 0.0,
          "fine_grained_average": 0.0,
          "coarse_grained_average": 0.0
        },
        "ROUGE-2": {
          "max": 0.0,
          "median": 0.0,
          "fine_grained_average": 0.0,
          "coarse_grained_average": 0.0
        },
        "ROUGE-L": {
          "max": 0.0,
          "median": 0.0,
          "fine_grained_average": 0.0,
          "coarse_grained_average": 0.0
        },
        "ACC": {
          "max": 0.3767441860465116,
          "median": 0.3767441860465116,
          "fine_grained_average": 0.3767441860465116,
          "coarse_grained_average": 0.3767441860465116
        },
        "length": {
          "max": 645,
          "median": 645.0,
          "fine_grained_average": 645.0,
          "coarse_grained_average": 645.0
        }
      },
      "chinese-gov-test_MUL": {
        "BLEU": {
          "max": 0.016421351787998164,
          "median": 0.016421351787998164,
          "fine_grained_average": 0.016421351787998164,
          "coarse_grained_average": 0.016421351787998164
        },
        "F1": {
          "max": 0.09666414040835938,
          "median": 0.09666414040835938,
          "fine_grained_average": 0.09666414040835938,
          "coarse_grained_average": 0.09666414040835938
        },
        "ROUGE-1": {
          "max": 0.0,
          "median": 0.0,
          "fine_grained_average": 0.0,
          "coarse_grained_average": 0.0
        },
        "ROUGE-2": {
          "max": 0.0,
          "median": 0.0,
          "fine_grained_average": 0.0,
          "coarse_grained_average": 0.0
        },
        "ROUGE-L": {
          "max": 0.0,
          "median": 0.0,
          "fine_grained_average": 0.0,
          "coarse_grained_average": 0.0
        },
        "ACC": {
          "max": 0.2679738562091503,
          "median": 0.2679738562091503,
          "fine_grained_average": 0.2679738562091503,
          "coarse_grained_average": 0.2679738562091503
        },
        "length": {
          "max": 153,
          "median": 153.0,
          "fine_grained_average": 153.0,
          "coarse_grained_average": 153.0
        }
      }
    },
    "overall": {
      "BLEU": {
        "max": 0.0322812695808812,
        "median": 0.02435131068443968,
        "fine_grained_average": 0.029240458274726933,
        "coarse_grained_average": 0.02435131068443968
      },
      "F1": {
        "max": 0.18442088869328846,
        "median": 0.14054251455082392,
        "fine_grained_average": 0.16759534672888476,
        "coarse_grained_average": 0.14054251455082392
      },
      "ROUGE-1": {
        "max": 0.0,
        "median": 0.0,
        "fine_grained_average": 0.0,
        "coarse_grained_average": 0.0
      },
      "ROUGE-2": {
        "max": 0.0,
        "median": 0.0,
        "fine_grained_average": 0.0,
        "coarse_grained_average": 0.0
      },
      "ROUGE-L": {
        "max": 0.0,
        "median": 0.0,
        "fine_grained_average": 0.0,
        "coarse_grained_average": 0.0
      },
      "ACC": {
        "max": 0.3767441860465116,
        "median": 0.322359021127831,
        "fine_grained_average": 0.3558897243107769,
        "coarse_grained_average": 0.322359021127831
      },
      "length": {
        "max": 645,
        "median": 399.0,
        "fine_grained_average": 550.6691729323309,
        "coarse_grained_average": 399.0
      }
    }
  },
  "results": {
    "K12_MUL": {
      "K12_MUL.jsonl": {
        "BLEU": 0.0322812695808812,
        "F1": 0.18442088869328846,
        "ROUGE-1": 0.0,
        "ROUGE-2": 0.0,
        "ROUGE-L": 0.0,
        "ACC": 0.3767441860465116,
        "length": 645
      }
    },
    "chinese-gov-test_MUL": {
      "chinese-gov-test_MUL.jsonl": {
        "BLEU": 0.016421351787998164,
        "F1": 0.09666414040835938,
        "ROUGE-1": 0.0,
        "ROUGE-2": 0.0,
        "ROUGE-L": 0.0,
        "ACC": 0.2679738562091503,
        "length": 153
      }
    }
  }
}