{
  "calculate": {
    "groups": {
      "commonsense-qa_MUL": {
        "BLEU": {
          "max": 0.02000897688899333,
          "median": 0.02000897688899333,
          "fine_grained_average": 0.02000897688899333,
          "coarse_grained_average": 0.02000897688899333
        },
        "F1": {
          "max": 0.13343139444164953,
          "median": 0.13343139444164953,
          "fine_grained_average": 0.13343139444164953,
          "coarse_grained_average": 0.13343139444164953
        },
        "ROUGE-1": {
          "max": 0.0,
          "median": 0.0,
          "fine_grained_average": 0.0,
          "coarse_grained_average": 0.0
        },
        "ROUGE-2": {
          "max": 0.0,
          "median": 0.0,
          "fine_grained_average": 0.0,
          "coarse_grained_average": 0.0
        },
        "ROUGE-L": {
          "max": 0.0,
          "median": 0.0,
          "fine_grained_average": 0.0,
          "coarse_grained_average": 0.0
        },
        "ACC": {
          "max": 0.32679738562091504,
          "median": 0.32679738562091504,
          "fine_grained_average": 0.32679738562091504,
          "coarse_grained_average": 0.32679738562091504
        },
        "length": {
          "max": 153,
          "median": 153.0,
          "fine_grained_average": 153.0,
          "coarse_grained_average": 153.0
        }
      },
      "logic_MUL": {
        "BLEU": {
          "max": 0.02029035694348963,
          "median": 0.02029035694348963,
          "fine_grained_average": 0.02029035694348963,
          "coarse_grained_average": 0.02029035694348963
        },
        "F1": {
          "max": 0.12008802372621019,
          "median": 0.12008802372621019,
          "fine_grained_average": 0.12008802372621019,
          "coarse_grained_average": 0.12008802372621019
        },
        "ROUGE-1": {
          "max": 0.0,
          "median": 0.0,
          "fine_grained_average": 0.0,
          "coarse_grained_average": 0.0
        },
        "ROUGE-2": {
          "max": 0.0,
          "median": 0.0,
          "fine_grained_average": 0.0,
          "coarse_grained_average": 0.0
        },
        "ROUGE-L": {
          "max": 0.0,
          "median": 0.0,
          "fine_grained_average": 0.0,
          "coarse_grained_average": 0.0
        },
        "ACC": {
          "max": 0.2028301886792453,
          "median": 0.2028301886792453,
          "fine_grained_average": 0.2028301886792453,
          "coarse_grained_average": 0.2028301886792453
        },
        "length": {
          "max": 424,
          "median": 424.0,
          "fine_grained_average": 424.0,
          "coarse_grained_average": 424.0
        }
      },
      "math_MUL": {
        "BLEU": {
          "max": 0.003276452871328193,
          "median": 0.003276452871328193,
          "fine_grained_average": 0.003276452871328193,
          "coarse_grained_average": 0.003276452871328193
        },
        "F1": {
          "max": 0.029855172554181006,
          "median": 0.029855172554181006,
          "fine_grained_average": 0.029855172554181006,
          "coarse_grained_average": 0.029855172554181006
        },
        "ROUGE-1": {
          "max": 0.0,
          "median": 0.0,
          "fine_grained_average": 0.0,
          "coarse_grained_average": 0.0
        },
        "ROUGE-2": {
          "max": 0.0,
          "median": 0.0,
          "fine_grained_average": 0.0,
          "coarse_grained_average": 0.0
        },
        "ROUGE-L": {
          "max": 0.0,
          "median": 0.0,
          "fine_grained_average": 0.0,
          "coarse_grained_average": 0.0
        },
        "ACC": {
          "max": 0.17543859649122806,
          "median": 0.17543859649122806,
          "fine_grained_average": 0.17543859649122806,
          "coarse_grained_average": 0.17543859649122806
        },
        "length": {
          "max": 114,
          "median": 114.0,
          "fine_grained_average": 114.0,
          "coarse_grained_average": 114.0
        }
      },
      "reading-comprehension_MUL": {
        "BLEU": {
          "max": 0.00011175129827568038,
          "median": 0.00011175129827568038,
          "fine_grained_average": 0.00011175129827568038,
          "coarse_grained_average": 0.00011175129827568038
        },
        "F1": {
          "max": 0.01632092368003874,
          "median": 0.01632092368003874,
          "fine_grained_average": 0.01632092368003874,
          "coarse_grained_average": 0.01632092368003874
        },
        "ROUGE-1": {
          "max": 0.0,
          "median": 0.0,
          "fine_grained_average": 0.0,
          "coarse_grained_average": 0.0
        },
        "ROUGE-2": {
          "max": 0.0,
          "median": 0.0,
          "fine_grained_average": 0.0,
          "coarse_grained_average": 0.0
        },
        "ROUGE-L": {
          "max": 0.0,
          "median": 0.0,
          "fine_grained_average": 0.0,
          "coarse_grained_average": 0.0
        },
        "ACC": {
          "max": 0.26717557251908397,
          "median": 0.26717557251908397,
          "fine_grained_average": 0.26717557251908397,
          "coarse_grained_average": 0.26717557251908397
        },
        "length": {
          "max": 131,
          "median": 131.0,
          "fine_grained_average": 131.0,
          "coarse_grained_average": 131.0
        }
      },
      "real-world_MUL": {
        "BLEU": {
          "max": 0.002957066514520612,
          "median": 0.002957066514520612,
          "fine_grained_average": 0.002957066514520612,
          "coarse_grained_average": 0.002957066514520612
        },
        "F1": {
          "max": 0.0270599079397841,
          "median": 0.0270599079397841,
          "fine_grained_average": 0.0270599079397841,
          "coarse_grained_average": 0.0270599079397841
        },
        "ROUGE-1": {
          "max": 0.0,
          "median": 0.0,
          "fine_grained_average": 0.0,
          "coarse_grained_average": 0.0
        },
        "ROUGE-2": {
          "max": 0.0,
          "median": 0.0,
          "fine_grained_average": 0.0,
          "coarse_grained_average": 0.0
        },
        "ROUGE-L": {
          "max": 0.0,
          "median": 0.0,
          "fine_grained_average": 0.0,
          "coarse_grained_average": 0.0
        },
        "ACC": {
          "max": 0.28,
          "median": 0.28,
          "fine_grained_average": 0.28,
          "coarse_grained_average": 0.28
        },
        "length": {
          "max": 125,
          "median": 125.0,
          "fine_grained_average": 125.0,
          "coarse_grained_average": 125.0
        }
      },
      "science-qa_MUL": {
        "BLEU": {
          "max": 0.0030908728880780405,
          "median": 0.0030908728880780405,
          "fine_grained_average": 0.0030908728880780405,
          "coarse_grained_average": 0.0030908728880780405
        },
        "F1": {
          "max": 0.042589481506387104,
          "median": 0.042589481506387104,
          "fine_grained_average": 0.042589481506387104,
          "coarse_grained_average": 0.042589481506387104
        },
        "ROUGE-1": {
          "max": 0.0,
          "median": 0.0,
          "fine_grained_average": 0.0,
          "coarse_grained_average": 0.0
        },
        "ROUGE-2": {
          "max": 0.0,
          "median": 0.0,
          "fine_grained_average": 0.0,
          "coarse_grained_average": 0.0
        },
        "ROUGE-L": {
          "max": 0.0,
          "median": 0.0,
          "fine_grained_average": 0.0,
          "coarse_grained_average": 0.0
        },
        "ACC": {
          "max": 0.2809917355371901,
          "median": 0.2809917355371901,
          "fine_grained_average": 0.2809917355371901,
          "coarse_grained_average": 0.2809917355371901
        },
        "length": {
          "max": 121,
          "median": 121.0,
          "fine_grained_average": 121.0,
          "coarse_grained_average": 121.0
        }
      },