{
  "BLEU": 0.026146257568751965,
  "F1": 0.13554053772920982,
  "ROUGE-1": 0.0,
  "ROUGE-2": 0.0,
  "ROUGE-L": 0.0,
  "ACC": 0.1895424836601307,
  "length": 153
}