{
  "BLEU": 0.02153698901878359,
  "F1": 0.11405023098357224,
  "ROUGE-1": 0.0,
  "ROUGE-2": 0.0,
  "ROUGE-L": 0.0,
  "ACC": 0.17519379844961241,
  "length": 645
}