{
  "calculate": {
    "groups": {
      "commonsense-qa_MUL": {
        "BLEU": {
          "max": 0.017837541262515706,
          "median": 0.017837541262515706,
          "fine_grained_average": 0.017837541262515706,
          "coarse_grained_average": 0.017837541262515706
        },
        "F1": {
          "max": 0.09082225630544181,
          "median": 0.09082225630544181,
          "fine_grained_average": 0.09082225630544181,
          "coarse_grained_average": 0.09082225630544181
        },
        "ROUGE-1": {
          "max": 0.0,
          "median": 0.0,
          "fine_grained_average": 0.0,
          "coarse_grained_average": 0.0
        },
        "ROUGE-2": {
          "max": 0.0,
          "median": 0.0,
          "fine_grained_average": 0.0,
          "coarse_grained_average": 0.0
        },
        "ROUGE-L": {
          "max": 0.0,
          "median": 0.0,
          "fine_grained_average": 0.0,
          "coarse_grained_average": 0.0
        },
        "ACC": {
          "max": 0.30201342281879195,
          "median": 0.30201342281879195,
          "fine_grained_average": 0.30201342281879195,
          "coarse_grained_average": 0.30201342281879195
        },
        "length": {
          "max": 149,
          "median": 149.0,
          "fine_grained_average": 149.0,
          "coarse_grained_average": 149.0
        }
      },
      "inference_MUL": {
        "BLEU": {
          "max": 0.012175598456202842,
          "median": 0.012175598456202842,
          "fine_grained_average": 0.012175598456202842,
          "coarse_grained_average": 0.012175598456202842
        },
        "F1": {
          "max": 0.06527150547413492,
          "median": 0.06527150547413492,
          "fine_grained_average": 0.06527150547413492,
          "coarse_grained_average": 0.06527150547413492
        },
        "ROUGE-1": {
          "max": 0.0,
          "median": 0.0,
          "fine_grained_average": 0.0,
          "coarse_grained_average": 0.0
        },
        "ROUGE-2": {
          "max": 0.0,
          "median": 0.0,
          "fine_grained_average": 0.0,
          "coarse_grained_average": 0.0
        },
        "ROUGE-L": {
          "max": 0.0,
          "median": 0.0,
          "fine_grained_average": 0.0,
          "coarse_grained_average": 0.0
        },
        "ACC": {
          "max": 0.1619047619047619,
          "median": 0.1619047619047619,
          "fine_grained_average": 0.1619047619047619,
          "coarse_grained_average": 0.1619047619047619
        },
        "length": {
          "max": 420,
          "median": 420.0,
          "fine_grained_average": 420.0,
          "coarse_grained_average": 420.0
        }
      },
      "math_MUL": {
        "BLEU": {
          "max": 0.017559846632708723,
          "median": 0.017559846632708723,
          "fine_grained_average": 0.017559846632708723,
          "coarse_grained_average": 0.017559846632708723
        },
        "F1": {
          "max": 0.08968115942028985,
          "median": 0.08968115942028985,
          "fine_grained_average": 0.08968115942028985,
          "coarse_grained_average": 0.08968115942028985
        },
        "ROUGE-1": {
          "max": 0.0,
          "median": 0.0,
          "fine_grained_average": 0.0,
          "coarse_grained_average": 0.0
        },
        "ROUGE-2": {
          "max": 0.0,
          "median": 0.0,
          "fine_grained_average": 0.0,
          "coarse_grained_average": 0.0
        },
        "ROUGE-L": {
          "max": 0.0,
          "median": 0.0,
          "fine_grained_average": 0.0,
          "coarse_grained_average": 0.0
        },
        "ACC": {
          "max": 0.34782608695652173,
          "median": 0.34782608695652173,
          "fine_grained_average": 0.34782608695652173,
          "coarse_grained_average": 0.34782608695652173
        },
        "length": {
          "max": 115,
          "median": 115.0,
          "fine_grained_average": 115.0,
          "coarse_grained_average": 115.0
        }
      },
      "real-world_MUL": {
        "BLEU": {
          "max": 0.02458688176681233,
          "median": 0.02458688176681233,
          "fine_grained_average": 0.02458688176681233,
          "coarse_grained_average": 0.02458688176681233
        },
        "F1": {
          "max": 0.12925865109773158,
          "median": 0.12925865109773158,
          "fine_grained_average": 0.12925865109773158,
          "coarse_grained_average": 0.12925865109773158
        },
        "ROUGE-1": {
          "max": 0.0,
          "median": 0.0,
          "fine_grained_average": 0.0,
          "coarse_grained_average": 0.0
        },
        "ROUGE-2": {
          "max": 0.0,
          "median": 0.0,
          "fine_grained_average": 0.0,
          "coarse_grained_average": 0.0
        },
        "ROUGE-L": {
          "max": 0.0,
          "median": 0.0,
          "fine_grained_average": 0.0,
          "coarse_grained_average": 0.0
        },
        "ACC": {
          "max": 0.3851851851851852,
          "median": 0.3851851851851852,
          "fine_grained_average": 0.3851851851851852,
          "coarse_grained_average": 0.3851851851851852
        },
        "length": {
          "max": 135,
          "median": 135.0,
          "fine_grained_average": 135.0,
          "coarse_grained_average": 135.0
        }
      },
      "science-qa_MUL": {
        "BLEU": {
          "max": 0.04271388751804442,
          "median": 0.04271388751804442,
          "fine_grained_average": 0.04271388751804442,
          "coarse_grained_average": 0.04271388751804442
        },
        "F1": {
          "max": 0.24505702078058775,
          "median": 0.24505702078058775,
          "fine_grained_average": 0.24505702078058775,
          "coarse_grained_average": 0.24505702078058775
        },
        "ROUGE-1": {
          "max": 0.0,
          "median": 0.0,
          "fine_grained_average": 0.0,
          "coarse_grained_average": 0.0
        },
        "ROUGE-2": {
          "max": 0.0,
          "median": 0.0,
          "fine_grained_average": 0.0,
          "coarse_grained_average": 0.0
        },
        "ROUGE-L": {
          "max": 0.0,
          "median": 0.0,
          "fine_grained_average": 0.0,
          "coarse_grained_average": 0.0
        },
        "ACC": {
          "max": 0.47107438016528924,
          "median": 0.47107438016528924,
          "fine_grained_average": 0.47107438016528924,
          "coarse_grained_average": 0.47107438016528924
        },
        "length": {
          "max": 121,
          "median": 121.0,
          "fine_grained_average": 121.0,
          "coarse_grained_average": 121.0
        }
      },
      "sentimental-analysis_MUL": {
        "BLEU": {
          "max": 0.027232583227703153,
          "median": 0.027232583227703153,
          "fine_grained_average": 0.027232583227703153,
          "coarse_grained_average": 0.027232583227703153
        },
        "F1": {
          "max": 0.16896407685881373,
          "median": 0.16896407685881373,
          "fine_grained_average": 0.16896407685881373,
          "coarse_grained_average": 0.16896407685881373
        },
        "ROUGE-1": {
          "max": 0.0,
          "median": 0.0,
          "fine_grained_average": 0.0,
          "coarse_grained_average": 0.0
        },
        "ROUGE-2": {
          "max": 0.0,
          "median": 0.0,
          "fine_grained_average": 0.0,
          "coarse_grained_average": 0.0
        },
        "ROUGE-L": {
          "max": 0.0,
          "median": 0.0,
          "fine_grained_average": 0.0,
          "coarse_grained_average": 0.0
        },
        "ACC": {
          "max": 0.45217391304347826,
          "median": 0.45217391304347826,
          "fine_grained_average": 0.45217391304347826,
          "coarse_grained_average": 0.45217391304347826
        },
        "length": {
          "max": 115,
          "median": 115.0,
          "fine_grained_average": 115.0,