{
  "calculate": {
    "groups": {
      "commonsense-qa_MUL": {
        "BLEU": {
          "max": 0.03375831895463244,
          "median": 0.03375831895463244,
          "fine_grained_average": 0.03375831895463244,
          "coarse_grained_average": 0.03375831895463244
        },
        "F1": {
          "max": 0.19292975402063,
          "median": 0.19292975402063,
          "fine_grained_average": 0.19292975402063,
          "coarse_grained_average": 0.19292975402063
        },
        "ROUGE-1": {
          "max": 0.0,
          "median": 0.0,
          "fine_grained_average": 0.0,
          "coarse_grained_average": 0.0
        },
        "ROUGE-2": {
          "max": 0.0,
          "median": 0.0,
          "fine_grained_average": 0.0,
          "coarse_grained_average": 0.0
        },
        "ROUGE-L": {
          "max": 0.0,
          "median": 0.0,
          "fine_grained_average": 0.0,
          "coarse_grained_average": 0.0
        },
        "ACC": {
          "max": 0.22875816993464052,
          "median": 0.22875816993464052,
          "fine_grained_average": 0.22875816993464052,
          "coarse_grained_average": 0.22875816993464052
        },
        "length": {
          "max": 153,
          "median": 153.0,
          "fine_grained_average": 153.0,
          "coarse_grained_average": 153.0
        }
      },
      "logic_MUL": {
        "BLEU": {
          "max": 0.02139876785468963,
          "median": 0.02139876785468963,
          "fine_grained_average": 0.02139876785468963,
          "coarse_grained_average": 0.02139876785468963
        },
        "F1": {
          "max": 0.12085932165856064,
          "median": 0.12085932165856064,
          "fine_grained_average": 0.12085932165856064,
          "coarse_grained_average": 0.12085932165856064
        },
        "ROUGE-1": {
          "max": 0.0,
          "median": 0.0,
          "fine_grained_average": 0.0,
          "coarse_grained_average": 0.0
        },
        "ROUGE-2": {
          "max": 0.0,
          "median": 0.0,
          "fine_grained_average": 0.0,
          "coarse_grained_average": 0.0
        },
        "ROUGE-L": {
          "max": 0.0,
          "median": 0.0,
          "fine_grained_average": 0.0,
          "coarse_grained_average": 0.0
        },
        "ACC": {
          "max": 0.12028301886792453,
          "median": 0.12028301886792453,
          "fine_grained_average": 0.12028301886792453,
          "coarse_grained_average": 0.12028301886792453
        },
        "length": {
          "max": 424,
          "median": 424.0,
          "fine_grained_average": 424.0,
          "coarse_grained_average": 424.0
        }
      },
      "math_MUL": {
        "BLEU": {
          "max": 0.021992479212869197,
          "median": 0.021992479212869197,
          "fine_grained_average": 0.021992479212869197,
          "coarse_grained_average": 0.021992479212869197
        },
        "F1": {
          "max": 0.12341078447609836,
          "median": 0.12341078447609836,
          "fine_grained_average": 0.12341078447609836,
          "coarse_grained_average": 0.12341078447609836
        },
        "ROUGE-1": {
          "max": 0.0,
          "median": 0.0,
          "fine_grained_average": 0.0,
          "coarse_grained_average": 0.0
        },
        "ROUGE-2": {
          "max": 0.0,
          "median": 0.0,
          "fine_grained_average": 0.0,
          "coarse_grained_average": 0.0
        },
        "ROUGE-L": {
          "max": 0.0,
          "median": 0.0,
          "fine_grained_average": 0.0,
          "coarse_grained_average": 0.0
        },
        "ACC": {
          "max": 0.14912280701754385,
          "median": 0.14912280701754385,
          "fine_grained_average": 0.14912280701754385,
          "coarse_grained_average": 0.14912280701754385
        },
        "length": {
          "max": 114,
          "median": 114.0,
          "fine_grained_average": 114.0,
          "coarse_grained_average": 114.0
        }
      },
      "reading-comprehension_MUL": {
        "BLEU": {
          "max": 0.0394227039914105,
          "median": 0.0394227039914105,
          "fine_grained_average": 0.0394227039914105,
          "coarse_grained_average": 0.0394227039914105
        },
        "F1": {
          "max": 0.23024900341871626,
          "median": 0.23024900341871626,
          "fine_grained_average": 0.23024900341871626,
          "coarse_grained_average": 0.23024900341871626
        },
        "ROUGE-1": {
          "max": 0.0,
          "median": 0.0,
          "fine_grained_average": 0.0,
          "coarse_grained_average": 0.0
        },
        "ROUGE-2": {
          "max": 0.0,
          "median": 0.0,
          "fine_grained_average": 0.0,
          "coarse_grained_average": 0.0
        },
        "ROUGE-L": {
          "max": 0.0,
          "median": 0.0,
          "fine_grained_average": 0.0,
          "coarse_grained_average": 0.0
        },
        "ACC": {
          "max": 0.2824427480916031,
          "median": 0.2824427480916031,
          "fine_grained_average": 0.2824427480916031,
          "coarse_grained_average": 0.2824427480916031
        },
        "length": {
          "max": 131,
          "median": 131.0,
          "fine_grained_average": 131.0,
          "coarse_grained_average": 131.0
        }
      },
      "real-world_MUL": {
        "BLEU": {
          "max": 0.04552395289699643,
          "median": 0.04552395289699643,
          "fine_grained_average": 0.04552395289699643,
          "coarse_grained_average": 0.04552395289699643
        },
        "F1": {
          "max": 0.256,
          "median": 0.256,
          "fine_grained_average": 0.256,
          "coarse_grained_average": 0.256
        },
        "ROUGE-1": {
          "max": 0.0,
          "median": 0.0,
          "fine_grained_average": 0.0,
          "coarse_grained_average": 0.0
        },
        "ROUGE-2": {
          "max": 0.0,
          "median": 0.0,
          "fine_grained_average": 0.0,
          "coarse_grained_average": 0.0
        },
        "ROUGE-L": {
          "max": 0.0,
          "median": 0.0,
          "fine_grained_average": 0.0,
          "coarse_grained_average": 0.0
        },
        "ACC": {
          "max": 0.264,
          "median": 0.264,
          "fine_grained_average": 0.264,
          "coarse_grained_average": 0.264
        },
        "length": {
          "max": 125,
          "median": 125.0,
          "fine_grained_average": 125.0,
          "coarse_grained_average": 125.0
        }
      },
      "science-qa_MUL": {
        "BLEU": {
          "max": 0.023844342263376356,
          "median": 0.023844342263376356,
          "fine_grained_average": 0.023844342263376356,
          "coarse_grained_average": 0.023844342263376356
        },
        "F1": {
          "max": 0.14285686878982912,
          "median": 0.14285686878982912,
          "fine_grained_average": 0.14285686878982912,
          "coarse_grained_average": 0.14285686878982912
        },
        "ROUGE-1": {
          "max": 0.0,
          "median": 0.0,
          "fine_grained_average": 0.0,
          "coarse_grained_average": 0.0
        },
        "ROUGE-2": {
          "max": 0.0,
          "median": 0.0,
          "fine_grained_average": 0.0,
          "coarse_grained_average": 0.0
        },
        "ROUGE-L": {
          "max": 0.0,
          "median": 0.0,
          "fine_grained_average": 0.0,
          "coarse_grained_average": 0.0
        },
        "ACC": {
          "max": 0.2809917355371901,
          "median": 0.2809917355371901,
          "fine_grained_average": 0.2809917355371901,
          "coarse_grained_average": 0.2809917355371901
        },
        "length": {
          "max": 121,
          "median": 121.0,
          "fine_grained_average": 121.0,
          "coarse_grained_average": 121.0
        }
      },
      "sentimental-analysis_MUL": {
        "BLEU": {
          "max": 0.001778279410038923,
          "median": 0.001778279410038923,