{
  "BLEU": 0.015112676239267556,
  "F1": 0.07971540702269146,
  "ROUGE-1": 0.0,
  "ROUGE-2": 0.0,
  "ROUGE-L": 0.0,
  "ACC": 0.22875816993464052,
  "length": 153
}