{
  "BLEU": 0.018221066184638448,
  "F1": 0.09437927748827538,
  "ROUGE-1": 0.0,
  "ROUGE-2": 0.0,
  "ROUGE-L": 0.0,
  "ACC": 0.15658914728682172,
  "length": 645
}