{
  "calculate": {
    "groups": {
      "factual-qa_QA": {
        "BLEU": {
          "max": 0.010769134878227574,
          "median": 0.010769134878227574,
          "fine_grained_average": 0.010769134878227574,
          "coarse_grained_average": 0.010769134878227574
        },
        "F1": {
          "max": 0.09078613303789873,
          "median": 0.09078613303789873,
          "fine_grained_average": 0.09078613303789873,
          "coarse_grained_average": 0.09078613303789873
        },
        "ROUGE-1": {
          "max": 0.09078613197123886,
          "median": 0.09078613197123886,
          "fine_grained_average": 0.09078613197123886,
          "coarse_grained_average": 0.09078613197123886
        },
        "ROUGE-2": {
          "max": 0.0473251022306051,
          "median": 0.0473251022306051,
          "fine_grained_average": 0.0473251022306051,
          "coarse_grained_average": 0.0473251022306051
        },
        "ROUGE-L": {
          "max": 0.06013479097507027,
          "median": 0.06013479097507027,
          "fine_grained_average": 0.06013479097507027,
          "coarse_grained_average": 0.06013479097507027
        },
        "ACC-prefix": {
          "max": 0.0,
          "median": 0.0,
          "fine_grained_average": 0.0,
          "coarse_grained_average": 0.0
        },
        "ACC-in": {
          "max": 0.0,
          "median": 0.0,
          "fine_grained_average": 0.0,
          "coarse_grained_average": 0.0
        },
        "length": {
          "max": 9,
          "median": 9.0,
          "fine_grained_average": 9.0,
          "coarse_grained_average": 9.0
        }
      },
      "logic_QA": {
        "BLEU": {
          "max": 0.016206335218725155,
          "median": 0.016206335218725155,
          "fine_grained_average": 0.016206335218725155,
          "coarse_grained_average": 0.016206335218725155
        },
        "F1": {
          "max": 0.10216523975211365,
          "median": 0.10216523975211365,
          "fine_grained_average": 0.10216523975211365,
          "coarse_grained_average": 0.10216523975211365
        },
        "ROUGE-1": {
          "max": 0.10216523910545176,
          "median": 0.10216523910545176,
          "fine_grained_average": 0.10216523910545176,
          "coarse_grained_average": 0.10216523910545176
        },
        "ROUGE-2": {
          "max": 0.02706734740285102,
          "median": 0.02706734740285102,
          "fine_grained_average": 0.02706734740285102,
          "coarse_grained_average": 0.02706734740285102
        },
        "ROUGE-L": {
          "max": 0.07005514403613064,
          "median": 0.07005514403613064,
          "fine_grained_average": 0.07005514403613064,
          "coarse_grained_average": 0.07005514403613064
        },
        "ACC-prefix": {
          "max": 0.0,
          "median": 0.0,
          "fine_grained_average": 0.0,
          "coarse_grained_average": 0.0
        },
        "ACC-in": {
          "max": 0.012048192771084338,
          "median": 0.012048192771084338,
          "fine_grained_average": 0.012048192771084338,
          "coarse_grained_average": 0.012048192771084338
        },
        "length": {
          "max": 83,
          "median": 83.0,
          "fine_grained_average": 83.0,
          "coarse_grained_average": 83.0
        }
      },
      "real-world_QA": {
        "BLEU": {
          "max": 0.0008684479579497328,
          "median": 0.0008684479579497328,
          "fine_grained_average": 0.0008684479579497328,
          "coarse_grained_average": 0.0008684479579497328
        },
        "F1": {
          "max": 0.007870813397129186,
          "median": 0.007870813397129186,
          "fine_grained_average": 0.007870813397129186,
          "coarse_grained_average": 0.007870813397129186
        },
        "ROUGE-1": {
          "max": 0.007870813302060135,
          "median": 0.007870813302060135,
          "fine_grained_average": 0.007870813302060135,
          "coarse_grained_average": 0.007870813302060135
        },
        "ROUGE-2": {
          "max": 0.0,
          "median": 0.0,
          "fine_grained_average": 0.0,
          "coarse_grained_average": 0.0
        },
        "ROUGE-L": {
          "max": 0.007870813302060135,
          "median": 0.007870813302060135,
          "fine_grained_average": 0.007870813302060135,
          "coarse_grained_average": 0.007870813302060135
        },
        "ACC-prefix": {
          "max": 0.0,
          "median": 0.0,
          "fine_grained_average": 0.0,
          "coarse_grained_average": 0.0
        },
        "ACC-in": {
          "max": 0.015789473684210527,
          "median": 0.015789473684210527,
          "fine_grained_average": 0.015789473684210527,
          "coarse_grained_average": 0.015789473684210527
        },
        "length": {
          "max": 190,
          "median": 190.0,
          "fine_grained_average": 190.0,
          "coarse_grained_average": 190.0
        }
      }
    },
    "overall": {
      "BLEU": {
        "max": 0.016206335218725155,
        "median": 0.010769134878227574,
        "fine_grained_average": 0.005698770032158458,
        "coarse_grained_average": 0.00928130601830082
      },
      "F1": {
        "max": 0.10216523975211365,
        "median": 0.09078613303789873,
        "fine_grained_average": 0.038270371071705916,
        "coarse_grained_average": 0.0669407287290472
      },
      "ROUGE-1": {
        "max": 0.10216523910545176,
        "median": 0.09078613197123886,
        "fine_grained_average": 0.0382703707832804,
        "coarse_grained_average": 0.06694072812625025
      },
      "ROUGE-2": {
        "max": 0.0473251022306051,
        "median": 0.02706734740285102,
        "fine_grained_average": 0.009477006221674045,
        "coarse_grained_average": 0.02479748321115204
      },
      "ROUGE-L": {
        "max": 0.07005514403613064,
        "median": 0.06013479097507027,
        "fine_grained_average": 0.02784129291193582,
        "coarse_grained_average": 0.04602024943775368
      },
      "ACC-prefix": {
        "max": 0.0,
        "median": 0.0,
        "fine_grained_average": 0.0,
        "coarse_grained_average": 0.0
      },
      "ACC-in": {
        "max": 0.015789473684210527,
        "median": 0.012048192771084338,
        "fine_grained_average": 0.014184397163120567,
        "coarse_grained_average": 0.009279222151764955
      },
      "length": {
        "max": 190,
        "median": 83.0,
        "fine_grained_average": 152.7304964539007,
        "coarse_grained_average": 94.0
      }
    }
  },
  "results": {
    "factual-qa_QA": {
      "factual-qa_QA.jsonl": {
        "BLEU": 0.010769134878227574,
        "F1": 0.09078613303789873,
        "ROUGE-1": 0.09078613197123886,
        "ROUGE-2": 0.0473251022306051,
        "ROUGE-L": 0.06013479097507027,
        "ACC-prefix": 0.0,
        "ACC-in": 0.0,
        "length": 9
      }
    },
    "logic_QA": {
      "logic_QA.jsonl": {
        "BLEU": 0.016206335218725155,
        "F1": 0.10216523975211365,
        "ROUGE-1": 0.10216523910545176,
        "ROUGE-2": 0.02706734740285102,
        "ROUGE-L": 0.07005514403613064,
        "ACC-prefix": 0.0,
        "ACC-in": 0.012048192771084338,
        "length": 83
      }
    },
    "real-world_QA": {
      "real-world_QA.jsonl": {
        "BLEU": 0.0008684479579497328,
        "F1": 0.007870813397129186,
        "ROUGE-1": 0.007870813302060135,
        "ROUGE-2": 0.0,
        "ROUGE-L": 0.007870813302060135,
        "ACC-prefix": 0.0,
        "ACC-in": 0.015789473684210527,
        "length": 190
      }
    }
  }
}