{
  "calculate": {
    "groups": {
      "commonsense-qa_MUL": {
        "BLEU": {
          "max": 0.04953946293880956,
          "median": 0.04953946293880956,
          "fine_grained_average": 0.04953946293880956,
          "coarse_grained_average": 0.04953946293880956
        },
        "F1": {
          "max": 0.275599128540305,
          "median": 0.275599128540305,
          "fine_grained_average": 0.275599128540305,
          "coarse_grained_average": 0.275599128540305
        },
        "ROUGE-1": {
          "max": 0.0,
          "median": 0.0,
          "fine_grained_average": 0.0,
          "coarse_grained_average": 0.0
        },
        "ROUGE-2": {
          "max": 0.0,
          "median": 0.0,
          "fine_grained_average": 0.0,
          "coarse_grained_average": 0.0
        },
        "ROUGE-L": {
          "max": 0.0,
          "median": 0.0,
          "fine_grained_average": 0.0,
          "coarse_grained_average": 0.0
        },
        "ACC": {
          "max": 0.33986928104575165,
          "median": 0.33986928104575165,
          "fine_grained_average": 0.33986928104575165,
          "coarse_grained_average": 0.33986928104575165
        },
        "length": {
          "max": 153,
          "median": 153.0,
          "fine_grained_average": 153.0,
          "coarse_grained_average": 153.0
        }
      },
      "logic_MUL": {
        "BLEU": {
          "max": 0.03271363065637641,
          "median": 0.03271363065637641,
          "fine_grained_average": 0.03271363065637641,
          "coarse_grained_average": 0.03271363065637641
        },
        "F1": {
          "max": 0.18396226415094338,
          "median": 0.18396226415094338,
          "fine_grained_average": 0.18396226415094338,
          "coarse_grained_average": 0.18396226415094338
        },
        "ROUGE-1": {
          "max": 0.0,
          "median": 0.0,
          "fine_grained_average": 0.0,
          "coarse_grained_average": 0.0
        },
        "ROUGE-2": {
          "max": 0.0,
          "median": 0.0,
          "fine_grained_average": 0.0,
          "coarse_grained_average": 0.0
        },
        "ROUGE-L": {
          "max": 0.0,
          "median": 0.0,
          "fine_grained_average": 0.0,
          "coarse_grained_average": 0.0
        },
        "ACC": {
          "max": 0.18396226415094338,
          "median": 0.18396226415094338,
          "fine_grained_average": 0.18396226415094338,
          "coarse_grained_average": 0.18396226415094338
        },
        "length": {
          "max": 424,
          "median": 424.0,
          "fine_grained_average": 424.0,
          "coarse_grained_average": 424.0
        }
      },
      "math_MUL": {
        "BLEU": {
          "max": 0.02963799016731538,
          "median": 0.02963799016731538,
          "fine_grained_average": 0.02963799016731538,
          "coarse_grained_average": 0.02963799016731538
        },
        "F1": {
          "max": 0.16666666666666666,
          "median": 0.16666666666666666,
          "fine_grained_average": 0.16666666666666666,
          "coarse_grained_average": 0.16666666666666666
        },
        "ROUGE-1": {
          "max": 0.0,
          "median": 0.0,
          "fine_grained_average": 0.0,
          "coarse_grained_average": 0.0
        },
        "ROUGE-2": {
          "max": 0.0,
          "median": 0.0,
          "fine_grained_average": 0.0,
          "coarse_grained_average": 0.0
        },
        "ROUGE-L": {
          "max": 0.0,
          "median": 0.0,
          "fine_grained_average": 0.0,
          "coarse_grained_average": 0.0
        },
        "ACC": {
          "max": 0.19298245614035087,
          "median": 0.19298245614035087,
          "fine_grained_average": 0.19298245614035087,
          "coarse_grained_average": 0.19298245614035087
        },
        "length": {
          "max": 114,
          "median": 114.0,
          "fine_grained_average": 114.0,
          "coarse_grained_average": 114.0
        }
      },
      "reading-comprehension_MUL": {
        "BLEU": {
          "max": 0.07066888509714807,
          "median": 0.07066888509714807,
          "fine_grained_average": 0.07066888509714807,
          "coarse_grained_average": 0.07066888509714807
        },
        "F1": {
          "max": 0.39734641948382404,
          "median": 0.39734641948382404,
          "fine_grained_average": 0.39734641948382404,
          "coarse_grained_average": 0.39734641948382404
        },
        "ROUGE-1": {
          "max": 0.0,
          "median": 0.0,
          "fine_grained_average": 0.0,
          "coarse_grained_average": 0.0
        },
        "ROUGE-2": {
          "max": 0.0,
          "median": 0.0,
          "fine_grained_average": 0.0,
          "coarse_grained_average": 0.0
        },
        "ROUGE-L": {
          "max": 0.0,
          "median": 0.0,
          "fine_grained_average": 0.0,
          "coarse_grained_average": 0.0
        },
        "ACC": {
          "max": 0.6106870229007634,
          "median": 0.6106870229007634,
          "fine_grained_average": 0.6106870229007634,
          "coarse_grained_average": 0.6106870229007634
        },
        "length": {
          "max": 131,
          "median": 131.0,
          "fine_grained_average": 131.0,
          "coarse_grained_average": 131.0
        }
      },
      "real-world_MUL": {
        "BLEU": {
          "max": 0.052637070537152116,
          "median": 0.052637070537152116,
          "fine_grained_average": 0.052637070537152116,
          "coarse_grained_average": 0.052637070537152116
        },
        "F1": {
          "max": 0.296,
          "median": 0.296,
          "fine_grained_average": 0.296,
          "coarse_grained_average": 0.296
        },
        "ROUGE-1": {
          "max": 0.0,
          "median": 0.0,
          "fine_grained_average": 0.0,
          "coarse_grained_average": 0.0
        },
        "ROUGE-2": {
          "max": 0.0,
          "median": 0.0,
          "fine_grained_average": 0.0,
          "coarse_grained_average": 0.0
        },
        "ROUGE-L": {
          "max": 0.0,
          "median": 0.0,
          "fine_grained_average": 0.0,
          "coarse_grained_average": 0.0
        },
        "ACC": {
          "max": 0.304,
          "median": 0.304,
          "fine_grained_average": 0.304,
          "coarse_grained_average": 0.304
        },
        "length": {
          "max": 125,
          "median": 125.0,
          "fine_grained_average": 125.0,
          "coarse_grained_average": 125.0
        }
      },
      "science-qa_MUL": {
        "BLEU": {
          "max": 0.10875427796932256,
          "median": 0.10875427796932256,
          "fine_grained_average": 0.10875427796932256,
          "coarse_grained_average": 0.10875427796932256
        },
        "F1": {
          "max": 0.6115702479338843,
          "median": 0.6115702479338843,
          "fine_grained_average": 0.6115702479338843,
          "coarse_grained_average": 0.6115702479338843
        },
        "ROUGE-1": {
          "max": 0.0,
          "median": 0.0,
          "fine_grained_average": 0.0,
          "coarse_grained_average": 0.0
        },
        "ROUGE-2": {
          "max": 0.0,
          "median": 0.0,
          "fine_grained_average": 0.0,
          "coarse_grained_average": 0.0
        },
        "ROUGE-L": {
          "max": 0.0,
          "median": 0.0,
          "fine_grained_average": 0.0,
          "coarse_grained_average": 0.0
        },
        "ACC": {
          "max": 0.628099173553719,
          "median": 0.628099173553719,
          "fine_grained_average": 0.628099173553719,
          "coarse_grained_average": 0.628099173553719
        },
        "length": {
          "max": 121,
          "median": 121.0,
          "fine_grained_average": 121.0,
          "coarse_grained_average": 121.0
        }
      },
      "sentimental-analysis_MUL": {
        "BLEU": {
          "max": 0.05270632225759627,
          "median": 0.05270632225759627,