{
  "BLEU": 0.009539995625607473,
  "F1": 0.05428743961352657,
  "ROUGE-1": 0.0,
  "ROUGE-2": 0.0,
  "ROUGE-L": 0.0,
  "ACC": 0.08496732026143791,
  "length": 153
}