{
  "BLEU": 0.009744055999747576,
  "F1": 0.05452802436141403,
  "ROUGE-1": 0.0,
  "ROUGE-2": 0.0,
  "ROUGE-L": 0.0,
  "ACC": 0.09767441860465116,
  "length": 645
}