{
  "BLEU": 0.012923941019194045,
  "F1": 0.07789477669925532,
  "ROUGE-1": 0.0,
  "ROUGE-2": 0.0,
  "ROUGE-L": 0.0,
  "ACC": 0.13071895424836602,
  "length": 153
}