{
  "BLEU": 0.018828254057357968,
  "F1": 0.10591666279841186,
  "ROUGE-1": 0.0,
  "ROUGE-2": 0.0,
  "ROUGE-L": 0.0,
  "ACC": 0.1813953488372093,
  "length": 645
}