{
  "BLEU": 0.016421351787998164,
  "F1": 0.09666414040835938,
  "ROUGE-1": 0.0,
  "ROUGE-2": 0.0,
  "ROUGE-L": 0.0,
  "ACC": 0.2679738562091503,
  "length": 153
}