{
  "BLEU": 0.0322812695808812,
  "F1": 0.18442088869328846,
  "ROUGE-1": 0.0,
  "ROUGE-2": 0.0,
  "ROUGE-L": 0.0,
  "ACC": 0.3767441860465116,
  "length": 645
}