{
  "calculate": {
    "groups": {
      "commonsense-qa_MUL": {
        "BLEU": {
          "max": 0.03171420616352415,
          "median": 0.03171420616352415,
          "fine_grained_average": 0.03171420616352415,
          "coarse_grained_average": 0.03171420616352415
        },
        "F1": {
          "max": 0.15162039735540495,
          "median": 0.15162039735540495,
          "fine_grained_average": 0.15162039735540495,
          "coarse_grained_average": 0.15162039735540495
        },
        "ROUGE-1": {
          "max": 0.0,
          "median": 0.0,
          "fine_grained_average": 0.0,
          "coarse_grained_average": 0.0
        },
        "ROUGE-2": {
          "max": 0.0,
          "median": 0.0,
          "fine_grained_average": 0.0,
          "coarse_grained_average": 0.0
        },
        "ROUGE-L": {
          "max": 0.0,
          "median": 0.0,
          "fine_grained_average": 0.0,
          "coarse_grained_average": 0.0
        },
        "ACC": {
          "max": 0.40939597315436244,
          "median": 0.40939597315436244,
          "fine_grained_average": 0.40939597315436244,
          "coarse_grained_average": 0.40939597315436244
        },
        "length": {
          "max": 149,
          "median": 149.0,
          "fine_grained_average": 149.0,
          "coarse_grained_average": 149.0
        }
      },
      "inference_MUL": {
        "BLEU": {
          "max": 0.009957843078783037,
          "median": 0.009957843078783037,
          "fine_grained_average": 0.009957843078783037,
          "coarse_grained_average": 0.009957843078783037
        },
        "F1": {
          "max": 0.05568426137613811,
          "median": 0.05568426137613811,
          "fine_grained_average": 0.05568426137613811,
          "coarse_grained_average": 0.05568426137613811
        },
        "ROUGE-1": {
          "max": 0.0,
          "median": 0.0,
          "fine_grained_average": 0.0,
          "coarse_grained_average": 0.0
        },
        "ROUGE-2": {
          "max": 0.0,
          "median": 0.0,
          "fine_grained_average": 0.0,
          "coarse_grained_average": 0.0
        },
        "ROUGE-L": {
          "max": 0.0,
          "median": 0.0,
          "fine_grained_average": 0.0,
          "coarse_grained_average": 0.0
        },
        "ACC": {
          "max": 0.12857142857142856,
          "median": 0.12857142857142856,
          "fine_grained_average": 0.12857142857142856,
          "coarse_grained_average": 0.12857142857142856
        },
        "length": {
          "max": 420,
          "median": 420.0,
          "fine_grained_average": 420.0,
          "coarse_grained_average": 420.0
        }
      },
      "math_MUL": {
        "BLEU": {
          "max": 0.014111435234181085,
          "median": 0.014111435234181085,
          "fine_grained_average": 0.014111435234181085,
          "coarse_grained_average": 0.014111435234181085
        },
        "F1": {
          "max": 0.07707111560498821,
          "median": 0.07707111560498821,
          "fine_grained_average": 0.07707111560498821,
          "coarse_grained_average": 0.07707111560498821
        },
        "ROUGE-1": {
          "max": 0.0,
          "median": 0.0,
          "fine_grained_average": 0.0,
          "coarse_grained_average": 0.0
        },
        "ROUGE-2": {
          "max": 0.0,
          "median": 0.0,
          "fine_grained_average": 0.0,
          "coarse_grained_average": 0.0
        },
        "ROUGE-L": {
          "max": 0.0,
          "median": 0.0,
          "fine_grained_average": 0.0,
          "coarse_grained_average": 0.0
        },
        "ACC": {
          "max": 0.16521739130434782,
          "median": 0.16521739130434782,
          "fine_grained_average": 0.16521739130434782,
          "coarse_grained_average": 0.16521739130434782
        },
        "length": {
          "max": 115,
          "median": 115.0,
          "fine_grained_average": 115.0,
          "coarse_grained_average": 115.0
        }
      },
      "real-world_MUL": {
        "BLEU": {
          "max": 0.019323433855618723,
          "median": 0.019323433855618723,
          "fine_grained_average": 0.019323433855618723,
          "coarse_grained_average": 0.019323433855618723
        },
        "F1": {
          "max": 0.09546058879392212,
          "median": 0.09546058879392212,
          "fine_grained_average": 0.09546058879392212,
          "coarse_grained_average": 0.09546058879392212
        },
        "ROUGE-1": {
          "max": 0.0,
          "median": 0.0,
          "fine_grained_average": 0.0,
          "coarse_grained_average": 0.0
        },
        "ROUGE-2": {
          "max": 0.0,
          "median": 0.0,
          "fine_grained_average": 0.0,
          "coarse_grained_average": 0.0
        },
        "ROUGE-L": {
          "max": 0.0,
          "median": 0.0,
          "fine_grained_average": 0.0,
          "coarse_grained_average": 0.0
        },
        "ACC": {
          "max": 0.2074074074074074,
          "median": 0.2074074074074074,
          "fine_grained_average": 0.2074074074074074,
          "coarse_grained_average": 0.2074074074074074
        },
        "length": {
          "max": 135,
          "median": 135.0,
          "fine_grained_average": 135.0,
          "coarse_grained_average": 135.0
        }
      },
      "science-qa_MUL": {
        "BLEU": {
          "max": 0.03622173273041856,
          "median": 0.03622173273041856,
          "fine_grained_average": 0.03622173273041856,
          "coarse_grained_average": 0.03622173273041856
        },
        "F1": {
          "max": 0.17433509251691068,
          "median": 0.17433509251691068,
          "fine_grained_average": 0.17433509251691068,
          "coarse_grained_average": 0.17433509251691068
        },
        "ROUGE-1": {
          "max": 0.0,
          "median": 0.0,
          "fine_grained_average": 0.0,
          "coarse_grained_average": 0.0
        },
        "ROUGE-2": {
          "max": 0.0,
          "median": 0.0,
          "fine_grained_average": 0.0,
          "coarse_grained_average": 0.0
        },
        "ROUGE-L": {
          "max": 0.0,
          "median": 0.0,
          "fine_grained_average": 0.0,
          "coarse_grained_average": 0.0
        },
        "ACC": {
          "max": 0.3884297520661157,
          "median": 0.3884297520661157,
          "fine_grained_average": 0.3884297520661157,
          "coarse_grained_average": 0.3884297520661157
        },
        "length": {
          "max": 121,
          "median": 121.0,
          "fine_grained_average": 121.0,
          "coarse_grained_average": 121.0
        }
      },
      "sentimental-analysis_MUL": {
        "BLEU": {
          "max": 0.00566841747025796,
          "median": 0.00566841747025796,
          "fine_grained_average": 0.00566841747025796,
          "coarse_grained_average": 0.00566841747025796
        },
        "F1": {
          "max": 0.026086956521739126,
          "median": 0.026086956521739126,
          "fine_grained_average": 0.026086956521739126,
          "coarse_grained_average": 0.026086956521739126
        },
        "ROUGE-1": {
          "max": 0.0,
          "median": 0.0,
          "fine_grained_average": 0.0,
          "coarse_grained_average": 0.0
        },
        "ROUGE-2": {
          "max": 0.0,
          "median": 0.0,
          "fine_grained_average": 0.0,
          "coarse_grained_average": 0.0
        },
        "ROUGE-L": {
          "max": 0.0,
          "median": 0.0,
          "fine_grained_average": 0.0,
          "coarse_grained_average": 0.0
        },
        "ACC": {
          "max": 0.05217391304347826,
          "median": 0.05217391304347826,
          "fine_grained_average": 0.05217391304347826,
          "coarse_grained_average": 0.05217391304347826
        },
        "length": {
          "max": 115,
          "median": 115.0,
          "fine_grained_average": 115.0,