{
  "BLEU": 0.013578047790734335,
  "F1": 0.06852578068264342,
  "ROUGE-1": 0.0,
  "ROUGE-2": 0.0,
  "ROUGE-L": 0.0,
  "ACC": 0.25925925925925924,
  "length": 135
}