{
  "BLEU": 0.04655073575379162,
  "F1": 0.24319260163050893,
  "ROUGE-1": 0.0,
  "ROUGE-2": 0.0,
  "ROUGE-L": 0.0,
  "ACC": 0.2550335570469799,
  "length": 149
}