{
  "BLEU": 0.01915838304353414,
  "F1": 0.10967027251924276,
  "ROUGE-1": 0.0,
  "ROUGE-2": 0.0,
  "ROUGE-L": 0.0,
  "ACC": 0.21739130434782608,
  "length": 115
}