{
  "BLEU": 0.021987114549099924,
  "F1": 0.1121201813038087,
  "ROUGE-1": 0.0,
  "ROUGE-2": 0.0,
  "ROUGE-L": 0.0,
  "ACC": 0.3140495867768595,
  "length": 121
}