{
  "BLEU": 0.004867134428055243,
  "F1": 0.027122153209109733,
  "ROUGE-1": 0.0,
  "ROUGE-2": 0.0,
  "ROUGE-L": 0.0,
  "ACC": 0.2956521739130435,
  "length": 115
}