{
  "BLEU": 0.017242969495511535,
  "F1": 0.09470998964666484,
  "ROUGE-1": 0.0,
  "ROUGE-2": 0.0,
  "ROUGE-L": 0.0,
  "ACC": 0.15,
  "length": 420
}