{
  "calculate": {
    "groups": {
      "factual-qa_QA": {
        "BLEU": {
          "max": 0.011245184215513841,
          "median": 0.011245184215513841,
          "fine_grained_average": 0.011245184215513841,
          "coarse_grained_average": 0.011245184215513841
        },
        "F1": {
          "max": 0.09970131421744326,
          "median": 0.09970131421744326,
          "fine_grained_average": 0.09970131421744326,
          "coarse_grained_average": 0.09970131421744326
        },
        "ROUGE-1": {
          "max": 0.0997013125404511,
          "median": 0.0997013125404511,
          "fine_grained_average": 0.0997013125404511,
          "coarse_grained_average": 0.0997013125404511
        },
        "ROUGE-2": {
          "max": 0.04420549489822591,
          "median": 0.04420549489822591,
          "fine_grained_average": 0.04420549489822591,
          "coarse_grained_average": 0.04420549489822591
        },
        "ROUGE-L": {
          "max": 0.06547192185944753,
          "median": 0.06547192185944753,
          "fine_grained_average": 0.06547192185944753,
          "coarse_grained_average": 0.06547192185944753
        },
        "ACC-prefix": {
          "max": 0.0,
          "median": 0.0,
          "fine_grained_average": 0.0,
          "coarse_grained_average": 0.0
        },
        "ACC-in": {
          "max": 0.0,
          "median": 0.0,
          "fine_grained_average": 0.0,
          "coarse_grained_average": 0.0
        },
        "length": {
          "max": 9,
          "median": 9.0,
          "fine_grained_average": 9.0,
          "coarse_grained_average": 9.0
        }
      },
      "logic_QA": {
        "BLEU": {
          "max": 0.002614706999160767,
          "median": 0.002614706999160767,
          "fine_grained_average": 0.002614706999160767,
          "coarse_grained_average": 0.002614706999160767
        },
        "F1": {
          "max": 0.14820638193912222,
          "median": 0.14820638193912222,
          "fine_grained_average": 0.14820638193912222,
          "coarse_grained_average": 0.14820638193912222
        },
        "ROUGE-1": {
          "max": 0.1482063809233632,
          "median": 0.1482063809233632,
          "fine_grained_average": 0.1482063809233632,
          "coarse_grained_average": 0.1482063809233632
        },
        "ROUGE-2": {
          "max": 0.007677182329413556,
          "median": 0.007677182329413556,
          "fine_grained_average": 0.007677182329413556,
          "coarse_grained_average": 0.007677182329413556
        },
        "ROUGE-L": {
          "max": 0.10801768243049024,
          "median": 0.10801768243049024,
          "fine_grained_average": 0.10801768243049024,
          "coarse_grained_average": 0.10801768243049024
        },
        "ACC-prefix": {
          "max": 0.0,
          "median": 0.0,
          "fine_grained_average": 0.0,
          "coarse_grained_average": 0.0
        },
        "ACC-in": {
          "max": 0.0,
          "median": 0.0,
          "fine_grained_average": 0.0,
          "coarse_grained_average": 0.0
        },
        "length": {
          "max": 83,
          "median": 83.0,
          "fine_grained_average": 83.0,
          "coarse_grained_average": 83.0
        }
      },
      "real-world_QA": {
        "BLEU": {
          "max": 0.0012844798459156893,
          "median": 0.0012844798459156893,
          "fine_grained_average": 0.0012844798459156893,
          "coarse_grained_average": 0.0012844798459156893
        },
        "F1": {
          "max": 0.014418063876268209,
          "median": 0.014418063876268209,
          "fine_grained_average": 0.014418063876268209,
          "coarse_grained_average": 0.014418063876268209
        },
        "ROUGE-1": {
          "max": 0.014418063638718248,
          "median": 0.014418063638718248,
          "fine_grained_average": 0.014418063638718248,
          "coarse_grained_average": 0.014418063638718248
        },
        "ROUGE-2": {
          "max": 0.0,
          "median": 0.0,
          "fine_grained_average": 0.0,
          "coarse_grained_average": 0.0
        },
        "ROUGE-L": {
          "max": 0.014418063638718248,
          "median": 0.014418063638718248,
          "fine_grained_average": 0.014418063638718248,
          "coarse_grained_average": 0.014418063638718248
        },
        "ACC-prefix": {
          "max": 0.0,
          "median": 0.0,
          "fine_grained_average": 0.0,
          "coarse_grained_average": 0.0
        },
        "ACC-in": {
          "max": 0.021052631578947368,
          "median": 0.021052631578947368,
          "fine_grained_average": 0.021052631578947368,
          "coarse_grained_average": 0.021052631578947368
        },
        "length": {
          "max": 190,
          "median": 190.0,
          "fine_grained_average": 190.0,
          "coarse_grained_average": 190.0
        }
      }
    },
    "overall": {
      "BLEU": {
        "max": 0.011245184215513841,
        "median": 0.002614706999160767,
        "fine_grained_average": 0.0019938954240920183,
        "coarse_grained_average": 0.005048123686863433
      },
      "F1": {
        "max": 0.14820638193912222,
        "median": 0.09970131421744326,
        "fine_grained_average": 0.05651728250140104,
        "coarse_grained_average": 0.08744192001094457
      },
      "ROUGE-1": {
        "max": 0.1482063809233632,
        "median": 0.0997013125404511,
        "fine_grained_average": 0.05651728198886408,
        "coarse_grained_average": 0.08744191903417751
      },
      "ROUGE-2": {
        "max": 0.04420549489822591,
        "median": 0.007677182329413556,
        "fine_grained_average": 0.0036704098844870868,
        "coarse_grained_average": 0.01729422574254649
      },
      "ROUGE-L": {
        "max": 0.10801768243049024,
        "median": 0.06547192185944753,
        "fine_grained_average": 0.04359626606319923,
        "coarse_grained_average": 0.06263588930955201
      },
      "ACC-prefix": {
        "max": 0.0,
        "median": 0.0,
        "fine_grained_average": 0.0,
        "coarse_grained_average": 0.0
      },
      "ACC-in": {
        "max": 0.021052631578947368,
        "median": 0.0,
        "fine_grained_average": 0.014184397163120567,
        "coarse_grained_average": 0.007017543859649123
      },
      "length": {
        "max": 190,
        "median": 83.0,
        "fine_grained_average": 152.7304964539007,
        "coarse_grained_average": 94.0
      }
    }
  },
  "results": {
    "factual-qa_QA": {
      "factual-qa_QA.jsonl": {
        "BLEU": 0.011245184215513841,
        "F1": 0.09970131421744326,
        "ROUGE-1": 0.0997013125404511,
        "ROUGE-2": 0.04420549489822591,
        "ROUGE-L": 0.06547192185944753,
        "ACC-prefix": 0.0,
        "ACC-in": 0.0,
        "length": 9
      }
    },
    "logic_QA": {
      "logic_QA.jsonl": {
        "BLEU": 0.002614706999160767,
        "F1": 0.14820638193912222,
        "ROUGE-1": 0.1482063809233632,
        "ROUGE-2": 0.007677182329413556,
        "ROUGE-L": 0.10801768243049024,
        "ACC-prefix": 0.0,
        "ACC-in": 0.0,
        "length": 83
      }
    },
    "real-world_QA": {
      "real-world_QA.jsonl": {
        "BLEU": 0.0012844798459156893,
        "F1": 0.014418063876268209,
        "ROUGE-1": 0.014418063638718248,
        "ROUGE-2": 0.0,
        "ROUGE-L": 0.014418063638718248,
        "ACC-prefix": 0.0,
        "ACC-in": 0.021052631578947368,
        "length": 190
      }
    }
  }
}