{
  "BLEU": 0.03825963678253306,
  "F1": 0.17475697555446373,
  "ROUGE-1": 0.1771034568972205,
  "ROUGE-2": 0.04721320015506349,
  "ROUGE-L": 0.16214755434393147,
  "ACC-prefix": 0.021621621621621623,
  "ACC-in": 0.02702702702702703,
  "length": 185
}