{
  "calculate": {
    "groups": {
      "commonsense-qa_MUL": {
        "BLEU": {
          "max": 0.044017632308326685,
          "median": 0.044017632308326685,
          "fine_grained_average": 0.044017632308326685,
          "coarse_grained_average": 0.044017632308326685
        },
        "F1": {
          "max": 0.21513764503279764,
          "median": 0.21513764503279764,
          "fine_grained_average": 0.21513764503279764,
          "coarse_grained_average": 0.21513764503279764
        },
        "ROUGE-1": {
          "max": 0.0,
          "median": 0.0,
          "fine_grained_average": 0.0,
          "coarse_grained_average": 0.0
        },
        "ROUGE-2": {
          "max": 0.0,
          "median": 0.0,
          "fine_grained_average": 0.0,
          "coarse_grained_average": 0.0
        },
        "ROUGE-L": {
          "max": 0.0,
          "median": 0.0,
          "fine_grained_average": 0.0,
          "coarse_grained_average": 0.0
        },
        "ACC": {
          "max": 0.37583892617449666,
          "median": 0.37583892617449666,
          "fine_grained_average": 0.37583892617449666,
          "coarse_grained_average": 0.37583892617449666
        },
        "length": {
          "max": 149,
          "median": 149.0,
          "fine_grained_average": 149.0,
          "coarse_grained_average": 149.0
        }
      },
      "inference_MUL": {
        "BLEU": {
          "max": 0.02398114357989927,
          "median": 0.02398114357989927,
          "fine_grained_average": 0.02398114357989927,
          "coarse_grained_average": 0.02398114357989927
        },
        "F1": {
          "max": 0.11890836341081222,
          "median": 0.11890836341081222,
          "fine_grained_average": 0.11890836341081222,
          "coarse_grained_average": 0.11890836341081222
        },
        "ROUGE-1": {
          "max": 0.0,
          "median": 0.0,
          "fine_grained_average": 0.0,
          "coarse_grained_average": 0.0
        },
        "ROUGE-2": {
          "max": 0.0,
          "median": 0.0,
          "fine_grained_average": 0.0,
          "coarse_grained_average": 0.0
        },
        "ROUGE-L": {
          "max": 0.0,
          "median": 0.0,
          "fine_grained_average": 0.0,
          "coarse_grained_average": 0.0
        },
        "ACC": {
          "max": 0.2261904761904762,
          "median": 0.2261904761904762,
          "fine_grained_average": 0.2261904761904762,
          "coarse_grained_average": 0.2261904761904762
        },
        "length": {
          "max": 420,
          "median": 420.0,
          "fine_grained_average": 420.0,
          "coarse_grained_average": 420.0
        }
      },
      "math_MUL": {
        "BLEU": {
          "max": 0.011519638044905356,
          "median": 0.011519638044905356,
          "fine_grained_average": 0.011519638044905356,
          "coarse_grained_average": 0.011519638044905356
        },
        "F1": {
          "max": 0.06351819232031584,
          "median": 0.06351819232031584,
          "fine_grained_average": 0.06351819232031584,
          "coarse_grained_average": 0.06351819232031584
        },
        "ROUGE-1": {
          "max": 0.0,
          "median": 0.0,
          "fine_grained_average": 0.0,
          "coarse_grained_average": 0.0
        },
        "ROUGE-2": {
          "max": 0.0,
          "median": 0.0,
          "fine_grained_average": 0.0,
          "coarse_grained_average": 0.0
        },
        "ROUGE-L": {
          "max": 0.0,
          "median": 0.0,
          "fine_grained_average": 0.0,
          "coarse_grained_average": 0.0
        },
        "ACC": {
          "max": 0.1826086956521739,
          "median": 0.1826086956521739,
          "fine_grained_average": 0.1826086956521739,
          "coarse_grained_average": 0.1826086956521739
        },
        "length": {
          "max": 115,
          "median": 115.0,
          "fine_grained_average": 115.0,
          "coarse_grained_average": 115.0
        }
      },
      "real-world_MUL": {
        "BLEU": {
          "max": 0.039949356587027286,
          "median": 0.039949356587027286,
          "fine_grained_average": 0.039949356587027286,
          "coarse_grained_average": 0.039949356587027286
        },
        "F1": {
          "max": 0.19829844337090713,
          "median": 0.19829844337090713,
          "fine_grained_average": 0.19829844337090713,
          "coarse_grained_average": 0.19829844337090713
        },
        "ROUGE-1": {
          "max": 0.0,
          "median": 0.0,
          "fine_grained_average": 0.0,
          "coarse_grained_average": 0.0
        },
        "ROUGE-2": {
          "max": 0.0,
          "median": 0.0,
          "fine_grained_average": 0.0,
          "coarse_grained_average": 0.0
        },
        "ROUGE-L": {
          "max": 0.0,
          "median": 0.0,
          "fine_grained_average": 0.0,
          "coarse_grained_average": 0.0
        },
        "ACC": {
          "max": 0.2740740740740741,
          "median": 0.2740740740740741,
          "fine_grained_average": 0.2740740740740741,
          "coarse_grained_average": 0.2740740740740741
        },
        "length": {
          "max": 135,
          "median": 135.0,
          "fine_grained_average": 135.0,
          "coarse_grained_average": 135.0
        }
      },
      "science-qa_MUL": {
        "BLEU": {
          "max": 0.027031669974656745,
          "median": 0.027031669974656745,
          "fine_grained_average": 0.027031669974656745,
          "coarse_grained_average": 0.027031669974656745
        },
        "F1": {
          "max": 0.14293397981029488,
          "median": 0.14293397981029488,
          "fine_grained_average": 0.14293397981029488,
          "coarse_grained_average": 0.14293397981029488
        },
        "ROUGE-1": {
          "max": 0.0,
          "median": 0.0,
          "fine_grained_average": 0.0,
          "coarse_grained_average": 0.0
        },
        "ROUGE-2": {
          "max": 0.0,
          "median": 0.0,
          "fine_grained_average": 0.0,
          "coarse_grained_average": 0.0
        },
        "ROUGE-L": {
          "max": 0.0,
          "median": 0.0,
          "fine_grained_average": 0.0,
          "coarse_grained_average": 0.0
        },
        "ACC": {
          "max": 0.2975206611570248,
          "median": 0.2975206611570248,
          "fine_grained_average": 0.2975206611570248,
          "coarse_grained_average": 0.2975206611570248
        },
        "length": {
          "max": 121,
          "median": 121.0,
          "fine_grained_average": 121.0,
          "coarse_grained_average": 121.0
        }
      },
      "sentimental-analysis_MUL": {
        "BLEU": {
          "max": 0.021391327295538477,
          "median": 0.021391327295538477,
          "fine_grained_average": 0.021391327295538477,
          "coarse_grained_average": 0.021391327295538477
        },
        "F1": {
          "max": 0.13499171630309215,
          "median": 0.13499171630309215,
          "fine_grained_average": 0.13499171630309215,
          "coarse_grained_average": 0.13499171630309215
        },
        "ROUGE-1": {
          "max": 0.0,
          "median": 0.0,
          "fine_grained_average": 0.0,
          "coarse_grained_average": 0.0
        },
        "ROUGE-2": {
          "max": 0.0,
          "median": 0.0,
          "fine_grained_average": 0.0,
          "coarse_grained_average": 0.0
        },
        "ROUGE-L": {
          "max": 0.0,
          "median": 0.0,
          "fine_grained_average": 0.0,
          "coarse_grained_average": 0.0
        },
        "ACC": {
          "max": 0.06086956521739131,
          "median": 0.06086956521739131,
          "fine_grained_average": 0.06086956521739131,
          "coarse_grained_average": 0.06086956521739131
        },
        "length": {
          "max": 115,
          "median": 115.0,
          "fine_grained_average": 115.0,