{
  "calculate": {
    "groups": {
      "K12_QA": {
        "BLEU": {
          "max": 0.026706169460186814,
          "median": 0.026706169460186814,
          "fine_grained_average": 0.026706169460186814,
          "coarse_grained_average": 0.026706169460186814
        },
        "F1": {
          "max": 0.1326987662921543,
          "median": 0.1326987662921543,
          "fine_grained_average": 0.1326987662921543,
          "coarse_grained_average": 0.1326987662921543
        },
        "ROUGE-1": {
          "max": 0.13184634456431737,
          "median": 0.13184634456431737,
          "fine_grained_average": 0.13184634456431737,
          "coarse_grained_average": 0.13184634456431737
        },
        "ROUGE-2": {
          "max": 0.031730953020894445,
          "median": 0.031730953020894445,
          "fine_grained_average": 0.031730953020894445,
          "coarse_grained_average": 0.031730953020894445
        },
        "ROUGE-L": {
          "max": 0.10011597088687425,
          "median": 0.10011597088687425,
          "fine_grained_average": 0.10011597088687425,
          "coarse_grained_average": 0.10011597088687425
        },
        "ACC-prefix": {
          "max": 0.021621621621621623,
          "median": 0.021621621621621623,
          "fine_grained_average": 0.021621621621621623,
          "coarse_grained_average": 0.021621621621621623
        },
        "ACC-in": {
          "max": 0.02702702702702703,
          "median": 0.02702702702702703,
          "fine_grained_average": 0.02702702702702703,
          "coarse_grained_average": 0.02702702702702703
        },
        "length": {
          "max": 185,
          "median": 185.0,
          "fine_grained_average": 185.0,
          "coarse_grained_average": 185.0
        }
      }
    },
    "overall": {
      "BLEU": {
        "max": 0.026706169460186814,
        "median": 0.026706169460186814,
        "fine_grained_average": 0.026706169460186814,
        "coarse_grained_average": 0.026706169460186814
      },
      "F1": {
        "max": 0.1326987662921543,
        "median": 0.1326987662921543,
        "fine_grained_average": 0.1326987662921543,
        "coarse_grained_average": 0.1326987662921543
      },
      "ROUGE-1": {
        "max": 0.13184634456431737,
        "median": 0.13184634456431737,
        "fine_grained_average": 0.13184634456431737,
        "coarse_grained_average": 0.13184634456431737
      },
      "ROUGE-2": {
        "max": 0.031730953020894445,
        "median": 0.031730953020894445,
        "fine_grained_average": 0.031730953020894445,
        "coarse_grained_average": 0.031730953020894445
      },
      "ROUGE-L": {
        "max": 0.10011597088687425,
        "median": 0.10011597088687425,
        "fine_grained_average": 0.10011597088687425,
        "coarse_grained_average": 0.10011597088687425
      },
      "ACC-prefix": {
        "max": 0.021621621621621623,
        "median": 0.021621621621621623,
        "fine_grained_average": 0.021621621621621623,
        "coarse_grained_average": 0.021621621621621623
      },
      "ACC-in": {
        "max": 0.02702702702702703,
        "median": 0.02702702702702703,
        "fine_grained_average": 0.02702702702702703,
        "coarse_grained_average": 0.02702702702702703
      },
      "length": {
        "max": 185,
        "median": 185.0,
        "fine_grained_average": 185.0,
        "coarse_grained_average": 185.0
      }
    }
  },
  "results": {
    "K12_QA": {
      "K12_QA.jsonl": {
        "BLEU": 0.026706169460186814,
        "F1": 0.1326987662921543,
        "ROUGE-1": 0.13184634456431737,
        "ROUGE-2": 0.031730953020894445,
        "ROUGE-L": 0.10011597088687425,
        "ACC-prefix": 0.021621621621621623,
        "ACC-in": 0.02702702702702703,
        "length": 185
      }
    }
  }
}