{
  "BLEU": 0.022289396085855534,
  "F1": 0.11050108932461873,
  "ROUGE-1": 0.0,
  "ROUGE-2": 0.0,
  "ROUGE-L": 0.0,
  "ACC": 0.26666666666666666,
  "length": 135
}