{
  "BLEU": 0.020958680575124424,
  "F1": 0.11070667527822813,
  "ROUGE-1": 0.0,
  "ROUGE-2": 0.0,
  "ROUGE-L": 0.0,
  "ACC": 0.2975206611570248,
  "length": 121
}