{
  "BLEU": 0.02594593243658214,
  "F1": 0.1412504447549225,
  "ROUGE-1": 0.0,
  "ROUGE-2": 0.0,
  "ROUGE-L": 0.0,
  "ACC": 0.35570469798657717,
  "length": 149
}