{
  "BLEU": 0.007682614200160977,
  "F1": 0.04380341016512006,
  "ROUGE-1": 0.0,
  "ROUGE-2": 0.0,
  "ROUGE-L": 0.0,
  "ACC": 0.09761904761904762,
  "length": 420
}