{
  "BLEU": 0.026649106680981728,
  "F1": 0.14695652173913043,
  "ROUGE-1": 0.0,
  "ROUGE-2": 0.0,
  "ROUGE-L": 0.0,
  "ACC": 0.22608695652173913,
  "length": 115
}