{
  "BLEU": 0.016650916752515444,
  "F1": 0.0990622335890878,
  "ROUGE-1": 0.0,
  "ROUGE-2": 0.0,
  "ROUGE-L": 0.0,
  "ACC": 0.2608695652173913,
  "length": 115
}