{
  "calculate": {
    "groups": {
      "K12_MUL": {
        "BLEU": {
          "max": 0.018828254057357968,
          "median": 0.018828254057357968,
          "fine_grained_average": 0.018828254057357968,
          "coarse_grained_average": 0.018828254057357968
        },
        "F1": {
          "max": 0.10591666279841186,
          "median": 0.10591666279841186,
          "fine_grained_average": 0.10591666279841186,
          "coarse_grained_average": 0.10591666279841186
        },
        "ROUGE-1": {
          "max": 0.0,
          "median": 0.0,
          "fine_grained_average": 0.0,
          "coarse_grained_average": 0.0
        },
        "ROUGE-2": {
          "max": 0.0,
          "median": 0.0,
          "fine_grained_average": 0.0,
          "coarse_grained_average": 0.0
        },
        "ROUGE-L": {
          "max": 0.0,
          "median": 0.0,
          "fine_grained_average": 0.0,
          "coarse_grained_average": 0.0
        },
        "ACC": {
          "max": 0.1813953488372093,
          "median": 0.1813953488372093,
          "fine_grained_average": 0.1813953488372093,
          "coarse_grained_average": 0.1813953488372093
        },
        "length": {
          "max": 645,
          "median": 645.0,
          "fine_grained_average": 645.0,
          "coarse_grained_average": 645.0
        }
      },
      "chinese-gov-test_MUL": {
        "BLEU": {
          "max": 0.012923941019194045,
          "median": 0.012923941019194045,
          "fine_grained_average": 0.012923941019194045,
          "coarse_grained_average": 0.012923941019194045
        },
        "F1": {
          "max": 0.07789477669925532,
          "median": 0.07789477669925532,
          "fine_grained_average": 0.07789477669925532,
          "coarse_grained_average": 0.07789477669925532
        },
        "ROUGE-1": {
          "max": 0.0,
          "median": 0.0,
          "fine_grained_average": 0.0,
          "coarse_grained_average": 0.0
        },
        "ROUGE-2": {
          "max": 0.0,
          "median": 0.0,
          "fine_grained_average": 0.0,
          "coarse_grained_average": 0.0
        },
        "ROUGE-L": {
          "max": 0.0,
          "median": 0.0,
          "fine_grained_average": 0.0,
          "coarse_grained_average": 0.0
        },
        "ACC": {
          "max": 0.13071895424836602,
          "median": 0.13071895424836602,
          "fine_grained_average": 0.13071895424836602,
          "coarse_grained_average": 0.13071895424836602
        },
        "length": {
          "max": 153,
          "median": 153.0,
          "fine_grained_average": 153.0,
          "coarse_grained_average": 153.0
        }
      }
    },
    "overall": {
      "BLEU": {
        "max": 0.018828254057357968,
        "median": 0.015876097538276006,
        "fine_grained_average": 0.0176962241139506,
        "coarse_grained_average": 0.015876097538276006
      },
      "F1": {
        "max": 0.10591666279841186,
        "median": 0.09190571974883359,
        "fine_grained_average": 0.10054404553879913,
        "coarse_grained_average": 0.09190571974883359
      },
      "ROUGE-1": {
        "max": 0.0,
        "median": 0.0,
        "fine_grained_average": 0.0,
        "coarse_grained_average": 0.0
      },
      "ROUGE-2": {
        "max": 0.0,
        "median": 0.0,
        "fine_grained_average": 0.0,
        "coarse_grained_average": 0.0
      },
      "ROUGE-L": {
        "max": 0.0,
        "median": 0.0,
        "fine_grained_average": 0.0,
        "coarse_grained_average": 0.0
      },
      "ACC": {
        "max": 0.1813953488372093,
        "median": 0.15605715154278765,
        "fine_grained_average": 0.17167919799498746,
        "coarse_grained_average": 0.15605715154278765
      },
      "length": {
        "max": 645,
        "median": 399.0,
        "fine_grained_average": 550.6691729323309,
        "coarse_grained_average": 399.0
      }
    }
  },
  "results": {
    "K12_MUL": {
      "K12_MUL.jsonl": {
        "BLEU": 0.018828254057357968,
        "F1": 0.10591666279841186,
        "ROUGE-1": 0.0,
        "ROUGE-2": 0.0,
        "ROUGE-L": 0.0,
        "ACC": 0.1813953488372093,
        "length": 645
      }
    },
    "chinese-gov-test_MUL": {
      "chinese-gov-test_MUL.jsonl": {
        "BLEU": 0.012923941019194045,
        "F1": 0.07789477669925532,
        "ROUGE-1": 0.0,
        "ROUGE-2": 0.0,
        "ROUGE-L": 0.0,
        "ACC": 0.13071895424836602,
        "length": 153
      }
    }
  }
}