{
  "BLEU": 0.10875427796932256,
  "F1": 0.6115702479338843,
  "ROUGE-1": 0.0,
  "ROUGE-2": 0.0,
  "ROUGE-L": 0.0,
  "ACC": 0.628099173553719,
  "length": 121
}