{
  "BLEU": 0.03271363065637641,
  "F1": 0.18396226415094338,
  "ROUGE-1": 0.0,
  "ROUGE-2": 0.0,
  "ROUGE-L": 0.0,
  "ACC": 0.18396226415094338,
  "length": 424
}