{
  "BLEU": 0.02963799016731538,
  "F1": 0.16666666666666666,
  "ROUGE-1": 0.0,
  "ROUGE-2": 0.0,
  "ROUGE-L": 0.0,
  "ACC": 0.19298245614035087,
  "length": 114
}