{
  "BLEU": 0.04953946293880956,
  "F1": 0.275599128540305,
  "ROUGE-1": 0.0,
  "ROUGE-2": 0.0,
  "ROUGE-L": 0.0,
  "ACC": 0.33986928104575165,
  "length": 153
}