{
  "BLEU": 0.07066888509714807,
  "F1": 0.39734641948382404,
  "ROUGE-1": 0.0,
  "ROUGE-2": 0.0,
  "ROUGE-L": 0.0,
  "ACC": 0.6106870229007634,
  "length": 131
}