{
  "calculate": {
    "groups": {
      "commonsense-qa_MUL": {
        "BLEU": {
          "max": 0.03588838923678782,
          "median": 0.03588838923678782,
          "fine_grained_average": 0.03588838923678782,
          "coarse_grained_average": 0.03588838923678782
        },
        "F1": {
          "max": 0.20102269095557687,
          "median": 0.20102269095557687,
          "fine_grained_average": 0.20102269095557687,
          "coarse_grained_average": 0.20102269095557687
        },
        "ROUGE-1": {
          "max": 0.0,
          "median": 0.0,
          "fine_grained_average": 0.0,
          "coarse_grained_average": 0.0
        },
        "ROUGE-2": {
          "max": 0.0,
          "median": 0.0,
          "fine_grained_average": 0.0,
          "coarse_grained_average": 0.0
        },
        "ROUGE-L": {
          "max": 0.0,
          "median": 0.0,
          "fine_grained_average": 0.0,
          "coarse_grained_average": 0.0
        },
        "ACC": {
          "max": 0.2214765100671141,
          "median": 0.2214765100671141,
          "fine_grained_average": 0.2214765100671141,
          "coarse_grained_average": 0.2214765100671141
        },
        "length": {
          "max": 149,
          "median": 149.0,
          "fine_grained_average": 149.0,
          "coarse_grained_average": 149.0
        }
      },
      "inference_MUL": {
        "BLEU": {
          "max": 0.02412570111044041,
          "median": 0.02412570111044041,
          "fine_grained_average": 0.02412570111044041,
          "coarse_grained_average": 0.02412570111044041
        },
        "F1": {
          "max": 0.13579931972789117,
          "median": 0.13579931972789117,
          "fine_grained_average": 0.13579931972789117,
          "coarse_grained_average": 0.13579931972789117
        },
        "ROUGE-1": {
          "max": 0.0,
          "median": 0.0,
          "fine_grained_average": 0.0,
          "coarse_grained_average": 0.0
        },
        "ROUGE-2": {
          "max": 0.0,
          "median": 0.0,
          "fine_grained_average": 0.0,
          "coarse_grained_average": 0.0
        },
        "ROUGE-L": {
          "max": 0.0,
          "median": 0.0,
          "fine_grained_average": 0.0,
          "coarse_grained_average": 0.0
        },
        "ACC": {
          "max": 0.14047619047619048,
          "median": 0.14047619047619048,
          "fine_grained_average": 0.14047619047619048,
          "coarse_grained_average": 0.14047619047619048
        },
        "length": {
          "max": 420,
          "median": 420.0,
          "fine_grained_average": 420.0,
          "coarse_grained_average": 420.0
        }
      },
      "math_MUL": {
        "BLEU": {
          "max": 0.04244954129564832,
          "median": 0.04244954129564832,
          "fine_grained_average": 0.04244954129564832,
          "coarse_grained_average": 0.04244954129564832
        },
        "F1": {
          "max": 0.2391304347826087,
          "median": 0.2391304347826087,
          "fine_grained_average": 0.2391304347826087,
          "coarse_grained_average": 0.2391304347826087
        },
        "ROUGE-1": {
          "max": 0.0,
          "median": 0.0,
          "fine_grained_average": 0.0,
          "coarse_grained_average": 0.0
        },
        "ROUGE-2": {
          "max": 0.0,
          "median": 0.0,
          "fine_grained_average": 0.0,
          "coarse_grained_average": 0.0
        },
        "ROUGE-L": {
          "max": 0.0,
          "median": 0.0,
          "fine_grained_average": 0.0,
          "coarse_grained_average": 0.0
        },
        "ACC": {
          "max": 0.25217391304347825,
          "median": 0.25217391304347825,
          "fine_grained_average": 0.25217391304347825,
          "coarse_grained_average": 0.25217391304347825
        },
        "length": {
          "max": 115,
          "median": 115.0,
          "fine_grained_average": 115.0,
          "coarse_grained_average": 115.0
        }
      },
      "real-world_MUL": {
        "BLEU": {
          "max": 0.05927598033463076,
          "median": 0.05927598033463076,
          "fine_grained_average": 0.05927598033463076,
          "coarse_grained_average": 0.05927598033463076
        },
        "F1": {
          "max": 0.3333333333333333,
          "median": 0.3333333333333333,
          "fine_grained_average": 0.3333333333333333,
          "coarse_grained_average": 0.3333333333333333
        },
        "ROUGE-1": {
          "max": 0.0,
          "median": 0.0,
          "fine_grained_average": 0.0,
          "coarse_grained_average": 0.0
        },
        "ROUGE-2": {
          "max": 0.0,
          "median": 0.0,
          "fine_grained_average": 0.0,
          "coarse_grained_average": 0.0
        },
        "ROUGE-L": {
          "max": 0.0,
          "median": 0.0,
          "fine_grained_average": 0.0,
          "coarse_grained_average": 0.0
        },
        "ACC": {
          "max": 0.3333333333333333,
          "median": 0.3333333333333333,
          "fine_grained_average": 0.3333333333333333,
          "coarse_grained_average": 0.3333333333333333
        },
        "length": {
          "max": 135,
          "median": 135.0,
          "fine_grained_average": 135.0,
          "coarse_grained_average": 135.0
        }
      },
      "science-qa_MUL": {
        "BLEU": {
          "max": 0.10140601594436834,
          "median": 0.10140601594436834,
          "fine_grained_average": 0.10140601594436834,
          "coarse_grained_average": 0.10140601594436834
        },
        "F1": {
          "max": 0.5702479338842975,
          "median": 0.5702479338842975,
          "fine_grained_average": 0.5702479338842975,
          "coarse_grained_average": 0.5702479338842975
        },
        "ROUGE-1": {
          "max": 0.0,
          "median": 0.0,
          "fine_grained_average": 0.0,
          "coarse_grained_average": 0.0
        },
        "ROUGE-2": {
          "max": 0.0,
          "median": 0.0,
          "fine_grained_average": 0.0,
          "coarse_grained_average": 0.0
        },
        "ROUGE-L": {
          "max": 0.0,
          "median": 0.0,
          "fine_grained_average": 0.0,
          "coarse_grained_average": 0.0
        },
        "ACC": {
          "max": 0.5702479338842975,
          "median": 0.5702479338842975,
          "fine_grained_average": 0.5702479338842975,
          "coarse_grained_average": 0.5702479338842975
        },
        "length": {
          "max": 121,
          "median": 121.0,
          "fine_grained_average": 121.0,
          "coarse_grained_average": 121.0
        }
      },
      "sentimental-analysis_MUL": {
        "BLEU": {
          "max": 0.030926598435459526,
          "median": 0.030926598435459526,
          "fine_grained_average": 0.030926598435459526,
          "coarse_grained_average": 0.030926598435459526
        },
        "F1": {
          "max": 0.17391304347826086,
          "median": 0.17391304347826086,
          "fine_grained_average": 0.17391304347826086,
          "coarse_grained_average": 0.17391304347826086
        },
        "ROUGE-1": {
          "max": 0.0,
          "median": 0.0,
          "fine_grained_average": 0.0,
          "coarse_grained_average": 0.0
        },
        "ROUGE-2": {
          "max": 0.0,
          "median": 0.0,
          "fine_grained_average": 0.0,
          "coarse_grained_average": 0.0
        },
        "ROUGE-L": {
          "max": 0.0,
          "median": 0.0,
          "fine_grained_average": 0.0,
          "coarse_grained_average": 0.0
        },
        "ACC": {
          "max": 0.17391304347826086,
          "median": 0.17391304347826086,
          "fine_grained_average": 0.17391304347826086,
          "coarse_grained_average": 0.17391304347826086
        },
        "length": {
          "max": 115,
          "median": 115.0,
          "fine_grained_average": 115.0,
          "coarse_grained_average": 115.0
        }
      }
    },