{
  "BLEU": 0.006723806082772632,
  "F1": 0.04881534841359052,
  "ROUGE-1": 0.0,
  "ROUGE-2": 0.0,
  "ROUGE-L": 0.0,
  "ACC": 0.44966442953020136,
  "length": 149
}