{
  "BLEU": 0.005819239079283433,
  "F1": 0.04046330329929948,
  "ROUGE-1": 0.0,
  "ROUGE-2": 0.0,
  "ROUGE-L": 0.0,
  "ACC": 0.35537190082644626,
  "length": 121
}