{
  "BLEU": 0.015351790949182022,
  "F1": 0.08812891372437687,
  "ROUGE-1": 0.0,
  "ROUGE-2": 0.0,
  "ROUGE-L": 0.0,
  "ACC": 0.19130434782608696,
  "length": 115
}