{
  "BLEU": 0.0012758742822555267,
  "F1": 0.014699794488032875,
  "ROUGE-1": 0.0,
  "ROUGE-2": 0.0,
  "ROUGE-L": 0.0,
  "ACC": 0.10238095238095238,
  "length": 420
}