{
  "BLEU": 6.612815298866025e-05,
  "F1": 0.0009217613415514463,
  "ROUGE-1": 0.0,
  "ROUGE-2": 0.0,
  "ROUGE-L": 0.0,
  "ACC": 0.10434782608695652,
  "length": 115
}