{
  "BLEU": 0.004236319990692254,
  "F1": 0.02860849373187128,
  "ROUGE-1": 0.0,
  "ROUGE-2": 0.0,
  "ROUGE-L": 0.0,
  "ACC": 0.2814814814814815,
  "length": 135
}