{
  "calculate": {
    "groups": {
      "factual-qa_QA": {
        "BLEU": {
          "max": 0.023858620148841908,
          "median": 0.023858620148841908,
          "fine_grained_average": 0.023858620148841908,
          "coarse_grained_average": 0.023858620148841908
        },
        "F1": {
          "max": 0.1428469741565507,
          "median": 0.1428469741565507,
          "fine_grained_average": 0.1428469741565507,
          "coarse_grained_average": 0.1428469741565507
        },
        "ROUGE-1": {
          "max": 0.14225623171295118,
          "median": 0.14225623171295118,
          "fine_grained_average": 0.14225623171295118,
          "coarse_grained_average": 0.14225623171295118
        },
        "ROUGE-2": {
          "max": 0.030934937152473647,
          "median": 0.030934937152473647,
          "fine_grained_average": 0.030934937152473647,
          "coarse_grained_average": 0.030934937152473647
        },
        "ROUGE-L": {
          "max": 0.12899779368836434,
          "median": 0.12899779368836434,
          "fine_grained_average": 0.12899779368836434,
          "coarse_grained_average": 0.12899779368836434
        },
        "ACC-prefix": {
          "max": 0.0,
          "median": 0.0,
          "fine_grained_average": 0.0,
          "coarse_grained_average": 0.0
        },
        "ACC-in": {
          "max": 0.0064516129032258064,
          "median": 0.0064516129032258064,
          "fine_grained_average": 0.0064516129032258064,
          "coarse_grained_average": 0.0064516129032258064
        },
        "length": {
          "max": 155,
          "median": 155.0,
          "fine_grained_average": 155.0,
          "coarse_grained_average": 155.0
        }
      },
      "inference_QA": {
        "BLEU": {
          "max": 0.034060679891738575,
          "median": 0.034060679891738575,
          "fine_grained_average": 0.034060679891738575,
          "coarse_grained_average": 0.034060679891738575
        },
        "F1": {
          "max": 0.18596938775510205,
          "median": 0.18596938775510205,
          "fine_grained_average": 0.18596938775510205,
          "coarse_grained_average": 0.18596938775510205
        },
        "ROUGE-1": {
          "max": 0.1859693866094874,
          "median": 0.1859693866094874,
          "fine_grained_average": 0.1859693866094874,
          "coarse_grained_average": 0.1859693866094874
        },
        "ROUGE-2": {
          "max": 0.0,
          "median": 0.0,
          "fine_grained_average": 0.0,
          "coarse_grained_average": 0.0
        },
        "ROUGE-L": {
          "max": 0.1859693866094874,
          "median": 0.1859693866094874,
          "fine_grained_average": 0.1859693866094874,
          "coarse_grained_average": 0.1859693866094874
        },
        "ACC-prefix": {
          "max": 0.25892857142857145,
          "median": 0.25892857142857145,
          "fine_grained_average": 0.25892857142857145,
          "coarse_grained_average": 0.25892857142857145
        },
        "ACC-in": {
          "max": 0.30357142857142855,
          "median": 0.30357142857142855,
          "fine_grained_average": 0.30357142857142855,
          "coarse_grained_average": 0.30357142857142855
        },
        "length": {
          "max": 112,
          "median": 112.0,
          "fine_grained_average": 112.0,
          "coarse_grained_average": 112.0
        }
      },
      "math_QA": {
        "BLEU": {
          "max": 0.011836015210101433,
          "median": 0.011836015210101433,
          "fine_grained_average": 0.011836015210101433,
          "coarse_grained_average": 0.011836015210101433
        },
        "F1": {
          "max": 0.05069871896366098,
          "median": 0.05069871896366098,
          "fine_grained_average": 0.05069871896366098,
          "coarse_grained_average": 0.05069871896366098
        },
        "ROUGE-1": {
          "max": 0.030008250859225826,
          "median": 0.030008250859225826,
          "fine_grained_average": 0.030008250859225826,
          "coarse_grained_average": 0.030008250859225826
        },
        "ROUGE-2": {
          "max": 0.003988035814908218,
          "median": 0.003988035814908218,
          "fine_grained_average": 0.003988035814908218,
          "coarse_grained_average": 0.003988035814908218
        },
        "ROUGE-L": {
          "max": 0.029076850864830486,
          "median": 0.029076850864830486,
          "fine_grained_average": 0.029076850864830486,
          "coarse_grained_average": 0.029076850864830486
        },
        "ACC-prefix": {
          "max": 0.0,
          "median": 0.0,
          "fine_grained_average": 0.0,
          "coarse_grained_average": 0.0
        },
        "ACC-in": {
          "max": 0.0,
          "median": 0.0,
          "fine_grained_average": 0.0,
          "coarse_grained_average": 0.0
        },
        "length": {
          "max": 59,
          "median": 59.0,
          "fine_grained_average": 59.0,
          "coarse_grained_average": 59.0
        }
      },
      "reading-comprehension_QA": {
        "BLEU": {
          "max": 0.23595053203638736,
          "median": 0.23595053203638736,
          "fine_grained_average": 0.23595053203638736,
          "coarse_grained_average": 0.23595053203638736
        },
        "F1": {
          "max": 0.5927537040774353,
          "median": 0.5927537040774353,
          "fine_grained_average": 0.5927537040774353,
          "coarse_grained_average": 0.5927537040774353
        },
        "ROUGE-1": {
          "max": 0.5930711607076,
          "median": 0.5930711607076,
          "fine_grained_average": 0.5930711607076,
          "coarse_grained_average": 0.5930711607076
        },
        "ROUGE-2": {
          "max": 0.3404120215087795,
          "median": 0.3404120215087795,
          "fine_grained_average": 0.3404120215087795,
          "coarse_grained_average": 0.3404120215087795
        },
        "ROUGE-L": {
          "max": 0.5892901009525277,
          "median": 0.5892901009525277,
          "fine_grained_average": 0.5892901009525277,
          "coarse_grained_average": 0.5892901009525277
        },
        "ACC-prefix": {
          "max": 0.58,
          "median": 0.58,
          "fine_grained_average": 0.58,
          "coarse_grained_average": 0.58
        },
        "ACC-in": {
          "max": 0.8266666666666667,
          "median": 0.8266666666666667,
          "fine_grained_average": 0.8266666666666667,
          "coarse_grained_average": 0.8266666666666667
        },
        "length": {
          "max": 150,
          "median": 150.0,
          "fine_grained_average": 150.0,
          "coarse_grained_average": 150.0
        }
      },
      "real-world_QA": {
        "BLEU": {
          "max": 0.009170875133785669,
          "median": 0.009170875133785669,
          "fine_grained_average": 0.009170875133785669,
          "coarse_grained_average": 0.009170875133785669
        },
        "F1": {
          "max": 0.05039972193256865,
          "median": 0.05039972193256865,
          "fine_grained_average": 0.05039972193256865,
          "coarse_grained_average": 0.05039972193256865
        },
        "ROUGE-1": {
          "max": 0.05109489016220601,
          "median": 0.05109489016220601,
          "fine_grained_average": 0.05109489016220601,
          "coarse_grained_average": 0.05109489016220601
        },
        "ROUGE-2": {
          "max": 0.0,
          "median": 0.0,
          "fine_grained_average": 0.0,
          "coarse_grained_average": 0.0
        },
        "ROUGE-L": {
          "max": 0.04914841816090836,
          "median": 0.04914841816090836,
          "fine_grained_average": 0.04914841816090836,
          "coarse_grained_average": 0.04914841816090836
        },
        "ACC-prefix": {
          "max": 0.0364963503649635,
          "median": 0.0364963503649635,
          "fine_grained_average": 0.0364963503649635,
          "coarse_grained_average": 0.0364963503649635
        },