{
  "BLEU": 0.004960042714030521,
  "F1": 0.02525252525252525,
  "ROUGE-1": 0.025252525109427607,
  "ROUGE-2": 0.0,
  "ROUGE-L": 0.025252525109427607,
  "ACC": 0.06060606060606061,
  "length": 66
}