{
  "calculate": {
    "groups": {
      "factual-qa_QA": {
        "BLEU": {
          "max": 0.00619649873848048,
          "median": 0.00619649873848048,
          "fine_grained_average": 0.00619649873848048,
          "coarse_grained_average": 0.00619649873848048
        },
        "F1": {
          "max": 0.08253968253968254,
          "median": 0.08253968253968254,
          "fine_grained_average": 0.08253968253968254,
          "coarse_grained_average": 0.08253968253968254
        },
        "ROUGE-1": {
          "max": 0.08253968161950115,
          "median": 0.08253968161950115,
          "fine_grained_average": 0.08253968161950115,
          "coarse_grained_average": 0.08253968161950115
        },
        "ROUGE-2": {
          "max": 0.03065134055225261,
          "median": 0.03065134055225261,
          "fine_grained_average": 0.03065134055225261,
          "coarse_grained_average": 0.03065134055225261
        },
        "ROUGE-L": {
          "max": 0.06031745939727892,
          "median": 0.06031745939727892,
          "fine_grained_average": 0.06031745939727892,
          "coarse_grained_average": 0.06031745939727892
        },
        "ACC-prefix": {
          "max": 0.0,
          "median": 0.0,
          "fine_grained_average": 0.0,
          "coarse_grained_average": 0.0
        },
        "ACC-in": {
          "max": 0.0,
          "median": 0.0,
          "fine_grained_average": 0.0,
          "coarse_grained_average": 0.0
        },
        "length": {
          "max": 9,
          "median": 9.0,
          "fine_grained_average": 9.0,
          "coarse_grained_average": 9.0
        }
      },
      "logic_QA": {
        "BLEU": {
          "max": 0.012016091755320885,
          "median": 0.012016091755320885,
          "fine_grained_average": 0.012016091755320885,
          "coarse_grained_average": 0.012016091755320885
        },
        "F1": {
          "max": 0.09194308704326348,
          "median": 0.09194308704326348,
          "fine_grained_average": 0.09194308704326348,
          "coarse_grained_average": 0.09194308704326348
        },
        "ROUGE-1": {
          "max": 0.09194308633622114,
          "median": 0.09194308633622114,
          "fine_grained_average": 0.09194308633622114,
          "coarse_grained_average": 0.09194308633622114
        },
        "ROUGE-2": {
          "max": 0.0277555362412273,
          "median": 0.0277555362412273,
          "fine_grained_average": 0.0277555362412273,
          "coarse_grained_average": 0.0277555362412273
        },
        "ROUGE-L": {
          "max": 0.07770245761771488,
          "median": 0.07770245761771488,
          "fine_grained_average": 0.07770245761771488,
          "coarse_grained_average": 0.07770245761771488
        },
        "ACC-prefix": {
          "max": 0.012048192771084338,
          "median": 0.012048192771084338,
          "fine_grained_average": 0.012048192771084338,
          "coarse_grained_average": 0.012048192771084338
        },
        "ACC-in": {
          "max": 0.024096385542168676,
          "median": 0.024096385542168676,
          "fine_grained_average": 0.024096385542168676,
          "coarse_grained_average": 0.024096385542168676
        },
        "length": {
          "max": 83,
          "median": 83.0,
          "fine_grained_average": 83.0,
          "coarse_grained_average": 83.0
        }
      },
      "real-world_QA": {
        "BLEU": {
          "max": 0.0,
          "median": 0.0,
          "fine_grained_average": 0.0,
          "coarse_grained_average": 0.0
        },
        "F1": {
          "max": 0.0,
          "median": 0.0,
          "fine_grained_average": 0.0,
          "coarse_grained_average": 0.0
        },
        "ROUGE-1": {
          "max": 0.0,
          "median": 0.0,
          "fine_grained_average": 0.0,
          "coarse_grained_average": 0.0
        },
        "ROUGE-2": {
          "max": 0.0,
          "median": 0.0,
          "fine_grained_average": 0.0,
          "coarse_grained_average": 0.0
        },
        "ROUGE-L": {
          "max": 0.0,
          "median": 0.0,
          "fine_grained_average": 0.0,
          "coarse_grained_average": 0.0
        },
        "ACC-prefix": {
          "max": 0.0,
          "median": 0.0,
          "fine_grained_average": 0.0,
          "coarse_grained_average": 0.0
        },
        "ACC-in": {
          "max": 0.015789473684210527,
          "median": 0.015789473684210527,
          "fine_grained_average": 0.015789473684210527,
          "coarse_grained_average": 0.015789473684210527
        },
        "length": {
          "max": 190,
          "median": 190.0,
          "fine_grained_average": 190.0,
          "coarse_grained_average": 190.0
        }
      }
    },
    "overall": {
      "BLEU": {
        "max": 0.012016091755320885,
        "median": 0.00619649873848048,
        "fine_grained_average": 0.003734411717510488,
        "coarse_grained_average": 0.006070863497933788
      },
      "F1": {
        "max": 0.09194308704326348,
        "median": 0.08253968253968254,
        "fine_grained_average": 0.029695508395205718,
        "coarse_grained_average": 0.05816092319431534
      },
      "ROUGE-1": {
        "max": 0.09194308633622114,
        "median": 0.08253968161950115,
        "fine_grained_average": 0.029695508157737114,
        "coarse_grained_average": 0.05816092265190743
      },
      "ROUGE-2": {
        "max": 0.03065134055225261,
        "median": 0.0277555362412273,
        "fine_grained_average": 0.009147416925504042,
        "coarse_grained_average": 0.01946895893115997
      },
      "ROUGE-L": {
        "max": 0.07770245761771488,
        "median": 0.06031745939727892,
        "fine_grained_average": 0.024794897577467535,
        "coarse_grained_average": 0.046006639004997935
      },
      "ACC-prefix": {
        "max": 0.012048192771084338,
        "median": 0.0,
        "fine_grained_average": 0.0035460992907801418,
        "coarse_grained_average": 0.004016064257028113
      },
      "ACC-in": {
        "max": 0.024096385542168676,
        "median": 0.015789473684210527,
        "fine_grained_average": 0.01773049645390071,
        "coarse_grained_average": 0.013295286408793067
      },
      "length": {
        "max": 190,
        "median": 83.0,
        "fine_grained_average": 152.7304964539007,
        "coarse_grained_average": 94.0
      }
    }
  },
  "results": {
    "factual-qa_QA": {
      "factual-qa_QA.jsonl": {
        "BLEU": 0.00619649873848048,
        "F1": 0.08253968253968254,
        "ROUGE-1": 0.08253968161950115,
        "ROUGE-2": 0.03065134055225261,
        "ROUGE-L": 0.06031745939727892,
        "ACC-prefix": 0.0,
        "ACC-in": 0.0,
        "length": 9
      }
    },
    "logic_QA": {
      "logic_QA.jsonl": {
        "BLEU": 0.012016091755320885,
        "F1": 0.09194308704326348,
        "ROUGE-1": 0.09194308633622114,
        "ROUGE-2": 0.0277555362412273,
        "ROUGE-L": 0.07770245761771488,
        "ACC-prefix": 0.012048192771084338,
        "ACC-in": 0.024096385542168676,
        "length": 83
      }
    },
    "real-world_QA": {
      "real-world_QA.jsonl": {
        "BLEU": 0.0,
        "F1": 0.0,
        "ROUGE-1": 0.0,
        "ROUGE-2": 0.0,
        "ROUGE-L": 0.0,
        "ACC-prefix": 0.0,
        "ACC-in": 0.015789473684210527,
        "length": 190
      }
    }
  }
}