{
  "BLEU": 0.012479153754659108,
  "F1": 0.07017543859649122,
  "ROUGE-1": 0.0,
  "ROUGE-2": 0.0,
  "ROUGE-L": 0.0,
  "ACC": 0.2894736842105263,
  "length": 114
}