{
  "BLEU": 0.011622741242084463,
  "F1": 0.06535947712418301,
  "ROUGE-1": 0.0,
  "ROUGE-2": 0.0,
  "ROUGE-L": 0.0,
  "ACC": 0.26143790849673204,
  "length": 153
}