{
  "BLEU": 0.000419405521235595,
  "F1": 0.0023584905660377358,
  "ROUGE-1": 0.0,
  "ROUGE-2": 0.0,
  "ROUGE-L": 0.0,
  "ACC": 0.12735849056603774,
  "length": 424
}