{
  "BLEU": 0.004408957214972536,
  "F1": 0.024793388429752067,
  "ROUGE-1": 0.0,
  "ROUGE-2": 0.0,
  "ROUGE-L": 0.0,
  "ACC": 0.3884297520661157,
  "length": 121
}