{
  "BLEU": 0.0016840445490788902,
  "F1": 0.017067798100892536,
  "ROUGE-1": 0.0,
  "ROUGE-2": 0.0,
  "ROUGE-L": 0.0,
  "ACC": 0.2231404958677686,
  "length": 121
}