{
  "BLEU": 0.011858106123014526,
  "F1": 0.07620590339049099,
  "ROUGE-1": 0.0,
  "ROUGE-2": 0.0,
  "ROUGE-L": 0.0,
  "ACC": 0.10849056603773585,
  "length": 424
}