{
  "BLEU": 0.001551909022734163,
  "F1": 0.03470372876976623,
  "ROUGE-1": 0.0,
  "ROUGE-2": 0.0,
  "ROUGE-L": 0.0,
  "ACC": 0.2366412213740458,
  "length": 131
}