{
  "BLEU": 0.009394899312575183,
  "F1": 0.05609578759733559,
  "ROUGE-1": 0.0,
  "ROUGE-2": 0.0,
  "ROUGE-L": 0.0,
  "ACC": 0.11403508771929824,
  "length": 114
}