{
  "BLEU": 0.03381375290985145,
  "F1": 0.20860543833126421,
  "ROUGE-1": 0.0,
  "ROUGE-2": 0.0,
  "ROUGE-L": 0.0,
  "ACC": 0.2679738562091503,
  "length": 153
}