{
  "BLEU": 0.00356551754863267,
  "F1": 0.020952380952380955,
  "ROUGE-1": 0.0,
  "ROUGE-2": 0.0,
  "ROUGE-L": 0.0,
  "ACC": 0.53,
  "length": 100
}