{
  "calculate": {
    "groups": {
      "factual-qa_QA": {
        "BLEU": {
          "max": 0.01753650778639288,
          "median": 0.01753650778639288,
          "fine_grained_average": 0.01753650778639288,
          "coarse_grained_average": 0.01753650778639288
        },
        "F1": {
          "max": 0.10830730404724012,
          "median": 0.10830730404724012,
          "fine_grained_average": 0.10830730404724012,
          "coarse_grained_average": 0.10830730404724012
        },
        "ROUGE-1": {
          "max": 0.10562290956406648,
          "median": 0.10562290956406648,
          "fine_grained_average": 0.10562290956406648,
          "coarse_grained_average": 0.10562290956406648
        },
        "ROUGE-2": {
          "max": 0.01590968464968256,
          "median": 0.01590968464968256,
          "fine_grained_average": 0.01590968464968256,
          "coarse_grained_average": 0.01590968464968256
        },
        "ROUGE-L": {
          "max": 0.0965846198110694,
          "median": 0.0965846198110694,
          "fine_grained_average": 0.0965846198110694,
          "coarse_grained_average": 0.0965846198110694
        },
        "ACC-prefix": {
          "max": 0.0,
          "median": 0.0,
          "fine_grained_average": 0.0,
          "coarse_grained_average": 0.0
        },
        "ACC-in": {
          "max": 0.0,
          "median": 0.0,
          "fine_grained_average": 0.0,
          "coarse_grained_average": 0.0
        },
        "length": {
          "max": 155,
          "median": 155.0,
          "fine_grained_average": 155.0,
          "coarse_grained_average": 155.0
        }
      },
      "inference_QA": {
        "BLEU": {
          "max": 0.027314281777453424,
          "median": 0.027314281777453424,
          "fine_grained_average": 0.027314281777453424,
          "coarse_grained_average": 0.027314281777453424
        },
        "F1": {
          "max": 0.14330357142857145,
          "median": 0.14330357142857145,
          "fine_grained_average": 0.14330357142857145,
          "coarse_grained_average": 0.14330357142857145
        },
        "ROUGE-1": {
          "max": 0.15195578124711087,
          "median": 0.15195578124711087,
          "fine_grained_average": 0.15195578124711087,
          "coarse_grained_average": 0.15195578124711087
        },
        "ROUGE-2": {
          "max": 0.0,
          "median": 0.0,
          "fine_grained_average": 0.0,
          "coarse_grained_average": 0.0
        },
        "ROUGE-L": {
          "max": 0.15138888782730378,
          "median": 0.15138888782730378,
          "fine_grained_average": 0.15138888782730378,
          "coarse_grained_average": 0.15138888782730378
        },
        "ACC-prefix": {
          "max": 0.29464285714285715,
          "median": 0.29464285714285715,
          "fine_grained_average": 0.29464285714285715,
          "coarse_grained_average": 0.29464285714285715
        },
        "ACC-in": {
          "max": 0.29464285714285715,
          "median": 0.29464285714285715,
          "fine_grained_average": 0.29464285714285715,
          "coarse_grained_average": 0.29464285714285715
        },
        "length": {
          "max": 112,
          "median": 112.0,
          "fine_grained_average": 112.0,
          "coarse_grained_average": 112.0
        }
      },
      "math_QA": {
        "BLEU": {
          "max": 0.006930394637086914,
          "median": 0.006930394637086914,
          "fine_grained_average": 0.006930394637086914,
          "coarse_grained_average": 0.006930394637086914
        },
        "F1": {
          "max": 0.03965434902098595,
          "median": 0.03965434902098595,
          "fine_grained_average": 0.03965434902098595,
          "coarse_grained_average": 0.03965434902098595
        },
        "ROUGE-1": {
          "max": 0.021657250217618752,
          "median": 0.021657250217618752,
          "fine_grained_average": 0.021657250217618752,
          "coarse_grained_average": 0.021657250217618752
        },
        "ROUGE-2": {
          "max": 0.006779660935593222,
          "median": 0.006779660935593222,
          "fine_grained_average": 0.006779660935593222,
          "coarse_grained_average": 0.006779660935593222
        },
        "ROUGE-L": {
          "max": 0.017655366999780944,
          "median": 0.017655366999780944,
          "fine_grained_average": 0.017655366999780944,
          "coarse_grained_average": 0.017655366999780944
        },
        "ACC-prefix": {
          "max": 0.0,
          "median": 0.0,
          "fine_grained_average": 0.0,
          "coarse_grained_average": 0.0
        },
        "ACC-in": {
          "max": 0.0,
          "median": 0.0,
          "fine_grained_average": 0.0,
          "coarse_grained_average": 0.0
        },
        "length": {
          "max": 59,
          "median": 59.0,
          "fine_grained_average": 59.0,
          "coarse_grained_average": 59.0
        }
      },
      "reading-comprehension_QA": {
        "BLEU": {
          "max": 0.17705069315429503,
          "median": 0.17705069315429503,
          "fine_grained_average": 0.17705069315429503,
          "coarse_grained_average": 0.17705069315429503
        },
        "F1": {
          "max": 0.484175428140657,
          "median": 0.484175428140657,
          "fine_grained_average": 0.484175428140657,
          "coarse_grained_average": 0.484175428140657
        },
        "ROUGE-1": {
          "max": 0.48423392143549004,
          "median": 0.48423392143549004,
          "fine_grained_average": 0.48423392143549004,
          "coarse_grained_average": 0.48423392143549004
        },
        "ROUGE-2": {
          "max": 0.23755741336139327,
          "median": 0.23755741336139327,
          "fine_grained_average": 0.23755741336139327,
          "coarse_grained_average": 0.23755741336139327
        },
        "ROUGE-L": {
          "max": 0.4806339557791055,
          "median": 0.4806339557791055,
          "fine_grained_average": 0.4806339557791055,
          "coarse_grained_average": 0.4806339557791055
        },
        "ACC-prefix": {
          "max": 0.4866666666666667,
          "median": 0.4866666666666667,
          "fine_grained_average": 0.4866666666666667,
          "coarse_grained_average": 0.4866666666666667
        },
        "ACC-in": {
          "max": 0.6866666666666666,
          "median": 0.6866666666666666,
          "fine_grained_average": 0.6866666666666666,
          "coarse_grained_average": 0.6866666666666666
        },
        "length": {
          "max": 150,
          "median": 150.0,
          "fine_grained_average": 150.0,
          "coarse_grained_average": 150.0
        }
      },
      "real-world_QA": {
        "BLEU": {
          "max": 0.003481005089402456,
          "median": 0.003481005089402456,
          "fine_grained_average": 0.003481005089402456,
          "coarse_grained_average": 0.003481005089402456
        },
        "F1": {
          "max": 0.01581508515815085,
          "median": 0.01581508515815085,
          "fine_grained_average": 0.01581508515815085,
          "coarse_grained_average": 0.01581508515815085
        },
        "ROUGE-1": {
          "max": 0.015815085052716952,
          "median": 0.015815085052716952,
          "fine_grained_average": 0.015815085052716952,
          "coarse_grained_average": 0.015815085052716952
        },
        "ROUGE-2": {
          "max": 0.0,
          "median": 0.0,
          "fine_grained_average": 0.0,
          "coarse_grained_average": 0.0
        },
        "ROUGE-L": {
          "max": 0.015815085052716952,
          "median": 0.015815085052716952,
          "fine_grained_average": 0.015815085052716952,
          "coarse_grained_average": 0.015815085052716952
        },
        "ACC-prefix": {
          "max": 0.014598540145985401,
          "median": 0.014598540145985401,
          "fine_grained_average": 0.014598540145985401,
          "coarse_grained_average": 0.014598540145985401
        },