{
  "calculate": {
    "groups": {
      "commonsense-qa_MUL": {
        "BLEU": {
          "max": 0.0012269344101493076,
          "median": 0.0012269344101493076,
          "fine_grained_average": 0.0012269344101493076,
          "coarse_grained_average": 0.0012269344101493076
        },
        "F1": {
          "max": 0.007983684245156506,
          "median": 0.007983684245156506,
          "fine_grained_average": 0.007983684245156506,
          "coarse_grained_average": 0.007983684245156506
        },
        "ROUGE-1": {
          "max": 0.0,
          "median": 0.0,
          "fine_grained_average": 0.0,
          "coarse_grained_average": 0.0
        },
        "ROUGE-2": {
          "max": 0.0,
          "median": 0.0,
          "fine_grained_average": 0.0,
          "coarse_grained_average": 0.0
        },
        "ROUGE-L": {
          "max": 0.0,
          "median": 0.0,
          "fine_grained_average": 0.0,
          "coarse_grained_average": 0.0
        },
        "ACC": {
          "max": 0.13725490196078433,
          "median": 0.13725490196078433,
          "fine_grained_average": 0.13725490196078433,
          "coarse_grained_average": 0.13725490196078433
        },
        "length": {
          "max": 153,
          "median": 153.0,
          "fine_grained_average": 153.0,
          "coarse_grained_average": 153.0
        }
      },
      "logic_MUL": {
        "BLEU": {
          "max": 0.002657269649236528,
          "median": 0.002657269649236528,
          "fine_grained_average": 0.002657269649236528,
          "coarse_grained_average": 0.002657269649236528
        },
        "F1": {
          "max": 0.015246500304321365,
          "median": 0.015246500304321365,
          "fine_grained_average": 0.015246500304321365,
          "coarse_grained_average": 0.015246500304321365
        },
        "ROUGE-1": {
          "max": 0.0,
          "median": 0.0,
          "fine_grained_average": 0.0,
          "coarse_grained_average": 0.0
        },
        "ROUGE-2": {
          "max": 0.0,
          "median": 0.0,
          "fine_grained_average": 0.0,
          "coarse_grained_average": 0.0
        },
        "ROUGE-L": {
          "max": 0.0,
          "median": 0.0,
          "fine_grained_average": 0.0,
          "coarse_grained_average": 0.0
        },
        "ACC": {
          "max": 0.08490566037735849,
          "median": 0.08490566037735849,
          "fine_grained_average": 0.08490566037735849,
          "coarse_grained_average": 0.08490566037735849
        },
        "length": {
          "max": 424,
          "median": 424.0,
          "fine_grained_average": 424.0,
          "coarse_grained_average": 424.0
        }
      },
      "math_MUL": {
        "BLEU": {
          "max": 0.009374845230213539,
          "median": 0.009374845230213539,
          "fine_grained_average": 0.009374845230213539,
          "coarse_grained_average": 0.009374845230213539
        },
        "F1": {
          "max": 0.05323236534986841,
          "median": 0.05323236534986841,
          "fine_grained_average": 0.05323236534986841,
          "coarse_grained_average": 0.05323236534986841
        },
        "ROUGE-1": {
          "max": 0.0,
          "median": 0.0,
          "fine_grained_average": 0.0,
          "coarse_grained_average": 0.0
        },
        "ROUGE-2": {
          "max": 0.0,
          "median": 0.0,
          "fine_grained_average": 0.0,
          "coarse_grained_average": 0.0
        },
        "ROUGE-L": {
          "max": 0.0,
          "median": 0.0,
          "fine_grained_average": 0.0,
          "coarse_grained_average": 0.0
        },
        "ACC": {
          "max": 0.13157894736842105,
          "median": 0.13157894736842105,
          "fine_grained_average": 0.13157894736842105,
          "coarse_grained_average": 0.13157894736842105
        },
        "length": {
          "max": 114,
          "median": 114.0,
          "fine_grained_average": 114.0,
          "coarse_grained_average": 114.0
        }
      },
      "reading-comprehension_MUL": {
        "BLEU": {
          "max": 0.008586003548619063,
          "median": 0.008586003548619063,
          "fine_grained_average": 0.008586003548619063,
          "coarse_grained_average": 0.008586003548619063
        },
        "F1": {
          "max": 0.04892611586721165,
          "median": 0.04892611586721165,
          "fine_grained_average": 0.04892611586721165,
          "coarse_grained_average": 0.04892611586721165
        },
        "ROUGE-1": {
          "max": 0.0,
          "median": 0.0,
          "fine_grained_average": 0.0,
          "coarse_grained_average": 0.0
        },
        "ROUGE-2": {
          "max": 0.0,
          "median": 0.0,
          "fine_grained_average": 0.0,
          "coarse_grained_average": 0.0
        },
        "ROUGE-L": {
          "max": 0.0,
          "median": 0.0,
          "fine_grained_average": 0.0,
          "coarse_grained_average": 0.0
        },
        "ACC": {
          "max": 0.2366412213740458,
          "median": 0.2366412213740458,
          "fine_grained_average": 0.2366412213740458,
          "coarse_grained_average": 0.2366412213740458
        },
        "length": {
          "max": 131,
          "median": 131.0,
          "fine_grained_average": 131.0,
          "coarse_grained_average": 131.0
        }
      },
      "real-world_MUL": {
        "BLEU": {
          "max": 8.9757660721409e-06,
          "median": 8.9757660721409e-06,
          "fine_grained_average": 8.9757660721409e-06,
          "coarse_grained_average": 8.9757660721409e-06
        },
        "F1": {
          "max": 0.0012307692307692308,
          "median": 0.0012307692307692308,
          "fine_grained_average": 0.0012307692307692308,
          "coarse_grained_average": 0.0012307692307692308
        },
        "ROUGE-1": {
          "max": 0.0,
          "median": 0.0,
          "fine_grained_average": 0.0,
          "coarse_grained_average": 0.0
        },
        "ROUGE-2": {
          "max": 0.0,
          "median": 0.0,
          "fine_grained_average": 0.0,
          "coarse_grained_average": 0.0
        },
        "ROUGE-L": {
          "max": 0.0,
          "median": 0.0,
          "fine_grained_average": 0.0,
          "coarse_grained_average": 0.0
        },
        "ACC": {
          "max": 0.384,
          "median": 0.384,
          "fine_grained_average": 0.384,
          "coarse_grained_average": 0.384
        },
        "length": {
          "max": 125,
          "median": 125.0,
          "fine_grained_average": 125.0,
          "coarse_grained_average": 125.0
        }
      },
      "science-qa_MUL": {
        "BLEU": {
          "max": 0.009230026970517608,
          "median": 0.009230026970517608,
          "fine_grained_average": 0.009230026970517608,
          "coarse_grained_average": 0.009230026970517608
        },
        "F1": {
          "max": 0.04269972451790633,
          "median": 0.04269972451790633,
          "fine_grained_average": 0.04269972451790633,
          "coarse_grained_average": 0.04269972451790633
        },
        "ROUGE-1": {
          "max": 0.0,
          "median": 0.0,
          "fine_grained_average": 0.0,
          "coarse_grained_average": 0.0
        },
        "ROUGE-2": {
          "max": 0.0,
          "median": 0.0,
          "fine_grained_average": 0.0,
          "coarse_grained_average": 0.0
        },
        "ROUGE-L": {
          "max": 0.0,
          "median": 0.0,
          "fine_grained_average": 0.0,
          "coarse_grained_average": 0.0
        },
        "ACC": {
          "max": 0.3140495867768595,
          "median": 0.3140495867768595,
          "fine_grained_average": 0.3140495867768595,
          "coarse_grained_average": 0.3140495867768595
        },
        "length": {
          "max": 121,
          "median": 121.0,
          "fine_grained_average": 121.0,
          "coarse_grained_average": 121.0
        }
      },