{
  "calculate": {
    "groups": {
      "K12_MUL": {
        "BLEU": {
          "max": 0.018221066184638448,
          "median": 0.018221066184638448,
          "fine_grained_average": 0.018221066184638448,
          "coarse_grained_average": 0.018221066184638448
        },
        "F1": {
          "max": 0.09437927748827538,
          "median": 0.09437927748827538,
          "fine_grained_average": 0.09437927748827538,
          "coarse_grained_average": 0.09437927748827538
        },
        "ROUGE-1": {
          "max": 0.0,
          "median": 0.0,
          "fine_grained_average": 0.0,
          "coarse_grained_average": 0.0
        },
        "ROUGE-2": {
          "max": 0.0,
          "median": 0.0,
          "fine_grained_average": 0.0,
          "coarse_grained_average": 0.0
        },
        "ROUGE-L": {
          "max": 0.0,
          "median": 0.0,
          "fine_grained_average": 0.0,
          "coarse_grained_average": 0.0
        },
        "ACC": {
          "max": 0.15658914728682172,
          "median": 0.15658914728682172,
          "fine_grained_average": 0.15658914728682172,
          "coarse_grained_average": 0.15658914728682172
        },
        "length": {
          "max": 645,
          "median": 645.0,
          "fine_grained_average": 645.0,
          "coarse_grained_average": 645.0
        }
      },
      "chinese-gov-test_MUL": {
        "BLEU": {
          "max": 0.015112676239267556,
          "median": 0.015112676239267556,
          "fine_grained_average": 0.015112676239267556,
          "coarse_grained_average": 0.015112676239267556
        },
        "F1": {
          "max": 0.07971540702269146,
          "median": 0.07971540702269146,
          "fine_grained_average": 0.07971540702269146,
          "coarse_grained_average": 0.07971540702269146
        },
        "ROUGE-1": {
          "max": 0.0,
          "median": 0.0,
          "fine_grained_average": 0.0,
          "coarse_grained_average": 0.0
        },
        "ROUGE-2": {
          "max": 0.0,
          "median": 0.0,
          "fine_grained_average": 0.0,
          "coarse_grained_average": 0.0
        },
        "ROUGE-L": {
          "max": 0.0,
          "median": 0.0,
          "fine_grained_average": 0.0,
          "coarse_grained_average": 0.0
        },
        "ACC": {
          "max": 0.22875816993464052,
          "median": 0.22875816993464052,
          "fine_grained_average": 0.22875816993464052,
          "coarse_grained_average": 0.22875816993464052
        },
        "length": {
          "max": 153,
          "median": 153.0,
          "fine_grained_average": 153.0,
          "coarse_grained_average": 153.0
        }
      }
    },
    "overall": {
      "BLEU": {
        "max": 0.018221066184638448,
        "median": 0.016666871211953004,
        "fine_grained_average": 0.017625096683834253,
        "coarse_grained_average": 0.016666871211953004
      },
      "F1": {
        "max": 0.09437927748827538,
        "median": 0.08704734225548341,
        "fine_grained_average": 0.09156778352682883,
        "coarse_grained_average": 0.08704734225548341
      },
      "ROUGE-1": {
        "max": 0.0,
        "median": 0.0,
        "fine_grained_average": 0.0,
        "coarse_grained_average": 0.0
      },
      "ROUGE-2": {
        "max": 0.0,
        "median": 0.0,
        "fine_grained_average": 0.0,
        "coarse_grained_average": 0.0
      },
      "ROUGE-L": {
        "max": 0.0,
        "median": 0.0,
        "fine_grained_average": 0.0,
        "coarse_grained_average": 0.0
      },
      "ACC": {
        "max": 0.22875816993464052,
        "median": 0.1926736586107311,
        "fine_grained_average": 0.17042606516290726,
        "coarse_grained_average": 0.1926736586107311
      },
      "length": {
        "max": 645,
        "median": 399.0,
        "fine_grained_average": 550.6691729323309,
        "coarse_grained_average": 399.0
      }
    }
  },
  "results": {
    "K12_MUL": {
      "K12_MUL.jsonl": {
        "BLEU": 0.018221066184638448,
        "F1": 0.09437927748827538,
        "ROUGE-1": 0.0,
        "ROUGE-2": 0.0,
        "ROUGE-L": 0.0,
        "ACC": 0.15658914728682172,
        "length": 645
      }
    },
    "chinese-gov-test_MUL": {
      "chinese-gov-test_MUL.jsonl": {
        "BLEU": 0.015112676239267556,
        "F1": 0.07971540702269146,
        "ROUGE-1": 0.0,
        "ROUGE-2": 0.0,
        "ROUGE-L": 0.0,
        "ACC": 0.22875816993464052,
        "length": 153
      }
    }
  }
}