{
  "BLEU": 0.020268853627057996,
  "F1": 0.10606060606060606,
  "ROUGE-1": 0.10606060547979798,
  "ROUGE-2": 0.0,
  "ROUGE-L": 0.10606060547979798,
  "ACC": 0.09090909090909091,
  "length": 66
}