{
  "calculate": {
    "groups": {
      "factual-qa_QA": {
        "BLEU": {
          "max": 0.023054088841457786,
          "median": 0.023054088841457786,
          "fine_grained_average": 0.023054088841457786,
          "coarse_grained_average": 0.023054088841457786
        },
        "F1": {
          "max": 0.14040755990771003,
          "median": 0.14040755990771003,
          "fine_grained_average": 0.14040755990771003,
          "coarse_grained_average": 0.14040755990771003
        },
        "ROUGE-1": {
          "max": 0.13875886209687388,
          "median": 0.13875886209687388,
          "fine_grained_average": 0.13875886209687388,
          "coarse_grained_average": 0.13875886209687388
        },
        "ROUGE-2": {
          "max": 0.02872380214419753,
          "median": 0.02872380214419753,
          "fine_grained_average": 0.02872380214419753,
          "coarse_grained_average": 0.02872380214419753
        },
        "ROUGE-L": {
          "max": 0.1194779103512543,
          "median": 0.1194779103512543,
          "fine_grained_average": 0.1194779103512543,
          "coarse_grained_average": 0.1194779103512543
        },
        "ACC-prefix": {
          "max": 0.0,
          "median": 0.0,
          "fine_grained_average": 0.0,
          "coarse_grained_average": 0.0
        },
        "ACC-in": {
          "max": 0.0064516129032258064,
          "median": 0.0064516129032258064,
          "fine_grained_average": 0.0064516129032258064,
          "coarse_grained_average": 0.0064516129032258064
        },
        "length": {
          "max": 155,
          "median": 155.0,
          "fine_grained_average": 155.0,
          "coarse_grained_average": 155.0
        }
      },
      "inference_QA": {
        "BLEU": {
          "max": 0.03621109298533427,
          "median": 0.03621109298533427,
          "fine_grained_average": 0.03621109298533427,
          "coarse_grained_average": 0.03621109298533427
        },
        "F1": {
          "max": 0.1970238095238095,
          "median": 0.1970238095238095,
          "fine_grained_average": 0.1970238095238095,
          "coarse_grained_average": 0.1970238095238095
        },
        "ROUGE-1": {
          "max": 0.27380952216269844,
          "median": 0.27380952216269844,
          "fine_grained_average": 0.27380952216269844,
          "coarse_grained_average": 0.27380952216269844
        },
        "ROUGE-2": {
          "max": 0.0,
          "median": 0.0,
          "fine_grained_average": 0.0,
          "coarse_grained_average": 0.0
        },
        "ROUGE-L": {
          "max": 0.27380952216269844,
          "median": 0.27380952216269844,
          "fine_grained_average": 0.27380952216269844,
          "coarse_grained_average": 0.27380952216269844
        },
        "ACC-prefix": {
          "max": 0.0,
          "median": 0.0,
          "fine_grained_average": 0.0,
          "coarse_grained_average": 0.0
        },
        "ACC-in": {
          "max": 0.375,
          "median": 0.375,
          "fine_grained_average": 0.375,
          "coarse_grained_average": 0.375
        },
        "length": {
          "max": 112,
          "median": 112.0,
          "fine_grained_average": 112.0,
          "coarse_grained_average": 112.0
        }
      },
      "math_QA": {
        "BLEU": {
          "max": 0.0032557630436307753,
          "median": 0.0032557630436307753,
          "fine_grained_average": 0.0032557630436307753,
          "coarse_grained_average": 0.0032557630436307753
        },
        "F1": {
          "max": 0.038848533763787996,
          "median": 0.038848533763787996,
          "fine_grained_average": 0.038848533763787996,
          "coarse_grained_average": 0.038848533763787996
        },
        "ROUGE-1": {
          "max": 0.02118644045021187,
          "median": 0.02118644045021187,
          "fine_grained_average": 0.02118644045021187,
          "coarse_grained_average": 0.02118644045021187
        },
        "ROUGE-2": {
          "max": 0.0,
          "median": 0.0,
          "fine_grained_average": 0.0,
          "coarse_grained_average": 0.0
        },
        "ROUGE-L": {
          "max": 0.019209039345480232,
          "median": 0.019209039345480232,
          "fine_grained_average": 0.019209039345480232,
          "coarse_grained_average": 0.019209039345480232
        },
        "ACC-prefix": {
          "max": 0.0,
          "median": 0.0,
          "fine_grained_average": 0.0,
          "coarse_grained_average": 0.0
        },
        "ACC-in": {
          "max": 0.0,
          "median": 0.0,
          "fine_grained_average": 0.0,
          "coarse_grained_average": 0.0
        },
        "length": {
          "max": 59,
          "median": 59.0,
          "fine_grained_average": 59.0,
          "coarse_grained_average": 59.0
        }
      },
      "reading-comprehension_QA": {
        "BLEU": {
          "max": 0.13778317806854198,
          "median": 0.13778317806854198,
          "fine_grained_average": 0.13778317806854198,
          "coarse_grained_average": 0.13778317806854198
        },
        "F1": {
          "max": 0.39827545388778673,
          "median": 0.39827545388778673,
          "fine_grained_average": 0.39827545388778673,
          "coarse_grained_average": 0.39827545388778673
        },
        "ROUGE-1": {
          "max": 0.3996018207739606,
          "median": 0.3996018207739606,
          "fine_grained_average": 0.3996018207739606,
          "coarse_grained_average": 0.3996018207739606
        },
        "ROUGE-2": {
          "max": 0.22234880588820174,
          "median": 0.22234880588820174,
          "fine_grained_average": 0.22234880588820174,
          "coarse_grained_average": 0.22234880588820174
        },
        "ROUGE-L": {
          "max": 0.3911020987423404,
          "median": 0.3911020987423404,
          "fine_grained_average": 0.3911020987423404,
          "coarse_grained_average": 0.3911020987423404
        },
        "ACC-prefix": {
          "max": 0.2733333333333333,
          "median": 0.2733333333333333,
          "fine_grained_average": 0.2733333333333333,
          "coarse_grained_average": 0.2733333333333333
        },
        "ACC-in": {
          "max": 0.64,
          "median": 0.64,
          "fine_grained_average": 0.64,
          "coarse_grained_average": 0.64
        },
        "length": {
          "max": 150,
          "median": 150.0,
          "fine_grained_average": 150.0,
          "coarse_grained_average": 150.0
        }
      },
      "real-world_QA": {
        "BLEU": {
          "max": 0.004996819694467197,
          "median": 0.004996819694467197,
          "fine_grained_average": 0.004996819694467197,
          "coarse_grained_average": 0.004996819694467197
        },
        "F1": {
          "max": 0.034584636774417796,
          "median": 0.034584636774417796,
          "fine_grained_average": 0.034584636774417796,
          "coarse_grained_average": 0.034584636774417796
        },
        "ROUGE-1": {
          "max": 0.03580118154451562,
          "median": 0.03580118154451562,
          "fine_grained_average": 0.03580118154451562,
          "coarse_grained_average": 0.03580118154451562
        },
        "ROUGE-2": {
          "max": 0.0,
          "median": 0.0,
          "fine_grained_average": 0.0,
          "coarse_grained_average": 0.0
        },
        "ROUGE-L": {
          "max": 0.03417912154221678,
          "median": 0.03417912154221678,
          "fine_grained_average": 0.03417912154221678,
          "coarse_grained_average": 0.03417912154221678
        },
        "ACC-prefix": {
          "max": 0.021897810218978103,
          "median": 0.021897810218978103,
          "fine_grained_average": 0.021897810218978103,
          "coarse_grained_average": 0.021897810218978103
        },
        "ACC-in": {
          "max": 0.0364963503649635,
          "median": 0.0364963503649635,
          "fine_grained_average": 0.0364963503649635,