{
  "calculate": {
    "groups": {
      "commonsense-qa_MUL": {
        "BLEU": {
          "max": 0.023409213976324457,
          "median": 0.023409213976324457,
          "fine_grained_average": 0.023409213976324457,
          "coarse_grained_average": 0.023409213976324457
        },
        "F1": {
          "max": 0.13567570087780503,
          "median": 0.13567570087780503,
          "fine_grained_average": 0.13567570087780503,
          "coarse_grained_average": 0.13567570087780503
        },
        "ROUGE-1": {
          "max": 0.0,
          "median": 0.0,
          "fine_grained_average": 0.0,
          "coarse_grained_average": 0.0
        },
        "ROUGE-2": {
          "max": 0.0,
          "median": 0.0,
          "fine_grained_average": 0.0,
          "coarse_grained_average": 0.0
        },
        "ROUGE-L": {
          "max": 0.0,
          "median": 0.0,
          "fine_grained_average": 0.0,
          "coarse_grained_average": 0.0
        },
        "ACC": {
          "max": 0.2684563758389262,
          "median": 0.2684563758389262,
          "fine_grained_average": 0.2684563758389262,
          "coarse_grained_average": 0.2684563758389262
        },
        "length": {
          "max": 149,
          "median": 149.0,
          "fine_grained_average": 149.0,
          "coarse_grained_average": 149.0
        }
      },
      "inference_MUL": {
        "BLEU": {
          "max": 0.011661292470212619,
          "median": 0.011661292470212619,
          "fine_grained_average": 0.011661292470212619,
          "coarse_grained_average": 0.011661292470212619
        },
        "F1": {
          "max": 0.07013362265888771,
          "median": 0.07013362265888771,
          "fine_grained_average": 0.07013362265888771,
          "coarse_grained_average": 0.07013362265888771
        },
        "ROUGE-1": {
          "max": 0.0,
          "median": 0.0,
          "fine_grained_average": 0.0,
          "coarse_grained_average": 0.0
        },
        "ROUGE-2": {
          "max": 0.0,
          "median": 0.0,
          "fine_grained_average": 0.0,
          "coarse_grained_average": 0.0
        },
        "ROUGE-L": {
          "max": 0.0,
          "median": 0.0,
          "fine_grained_average": 0.0,
          "coarse_grained_average": 0.0
        },
        "ACC": {
          "max": 0.17857142857142858,
          "median": 0.17857142857142858,
          "fine_grained_average": 0.17857142857142858,
          "coarse_grained_average": 0.17857142857142858
        },
        "length": {
          "max": 420,
          "median": 420.0,
          "fine_grained_average": 420.0,
          "coarse_grained_average": 420.0
        }
      },
      "math_MUL": {
        "BLEU": {
          "max": 0.026373744915919498,
          "median": 0.026373744915919498,
          "fine_grained_average": 0.026373744915919498,
          "coarse_grained_average": 0.026373744915919498
        },
        "F1": {
          "max": 0.14112157871220896,
          "median": 0.14112157871220896,
          "fine_grained_average": 0.14112157871220896,
          "coarse_grained_average": 0.14112157871220896
        },
        "ROUGE-1": {
          "max": 0.0,
          "median": 0.0,
          "fine_grained_average": 0.0,
          "coarse_grained_average": 0.0
        },
        "ROUGE-2": {
          "max": 0.0,
          "median": 0.0,
          "fine_grained_average": 0.0,
          "coarse_grained_average": 0.0
        },
        "ROUGE-L": {
          "max": 0.0,
          "median": 0.0,
          "fine_grained_average": 0.0,
          "coarse_grained_average": 0.0
        },
        "ACC": {
          "max": 0.4260869565217391,
          "median": 0.4260869565217391,
          "fine_grained_average": 0.4260869565217391,
          "coarse_grained_average": 0.4260869565217391
        },
        "length": {
          "max": 115,
          "median": 115.0,
          "fine_grained_average": 115.0,
          "coarse_grained_average": 115.0
        }
      },
      "real-world_MUL": {
        "BLEU": {
          "max": 0.04509829216426544,
          "median": 0.04509829216426544,
          "fine_grained_average": 0.04509829216426544,
          "coarse_grained_average": 0.04509829216426544
        },
        "F1": {
          "max": 0.25465100826380976,
          "median": 0.25465100826380976,
          "fine_grained_average": 0.25465100826380976,
          "coarse_grained_average": 0.25465100826380976
        },
        "ROUGE-1": {
          "max": 0.0,
          "median": 0.0,
          "fine_grained_average": 0.0,
          "coarse_grained_average": 0.0
        },
        "ROUGE-2": {
          "max": 0.0,
          "median": 0.0,
          "fine_grained_average": 0.0,
          "coarse_grained_average": 0.0
        },
        "ROUGE-L": {
          "max": 0.0,
          "median": 0.0,
          "fine_grained_average": 0.0,
          "coarse_grained_average": 0.0
        },
        "ACC": {
          "max": 0.34074074074074073,
          "median": 0.34074074074074073,
          "fine_grained_average": 0.34074074074074073,
          "coarse_grained_average": 0.34074074074074073
        },
        "length": {
          "max": 135,
          "median": 135.0,
          "fine_grained_average": 135.0,
          "coarse_grained_average": 135.0
        }
      },
      "science-qa_MUL": {
        "BLEU": {
          "max": 0.026615679575520693,
          "median": 0.026615679575520693,
          "fine_grained_average": 0.026615679575520693,
          "coarse_grained_average": 0.026615679575520693
        },
        "F1": {
          "max": 0.15906247784279573,
          "median": 0.15906247784279573,
          "fine_grained_average": 0.15906247784279573,
          "coarse_grained_average": 0.15906247784279573
        },
        "ROUGE-1": {
          "max": 0.0,
          "median": 0.0,
          "fine_grained_average": 0.0,
          "coarse_grained_average": 0.0
        },
        "ROUGE-2": {
          "max": 0.0,
          "median": 0.0,
          "fine_grained_average": 0.0,
          "coarse_grained_average": 0.0
        },
        "ROUGE-L": {
          "max": 0.0,
          "median": 0.0,
          "fine_grained_average": 0.0,
          "coarse_grained_average": 0.0
        },
        "ACC": {
          "max": 0.4793388429752066,
          "median": 0.4793388429752066,
          "fine_grained_average": 0.4793388429752066,
          "coarse_grained_average": 0.4793388429752066
        },
        "length": {
          "max": 121,
          "median": 121.0,
          "fine_grained_average": 121.0,
          "coarse_grained_average": 121.0
        }
      },
      "sentimental-analysis_MUL": {
        "BLEU": {
          "max": 0.01585965158983177,
          "median": 0.01585965158983177,
          "fine_grained_average": 0.01585965158983177,
          "coarse_grained_average": 0.01585965158983177
        },
        "F1": {
          "max": 0.09237341870973585,
          "median": 0.09237341870973585,
          "fine_grained_average": 0.09237341870973585,
          "coarse_grained_average": 0.09237341870973585
        },
        "ROUGE-1": {
          "max": 0.0,
          "median": 0.0,
          "fine_grained_average": 0.0,
          "coarse_grained_average": 0.0
        },
        "ROUGE-2": {
          "max": 0.0,
          "median": 0.0,
          "fine_grained_average": 0.0,
          "coarse_grained_average": 0.0
        },
        "ROUGE-L": {
          "max": 0.0,
          "median": 0.0,
          "fine_grained_average": 0.0,
          "coarse_grained_average": 0.0
        },
        "ACC": {
          "max": 0.16521739130434782,
          "median": 0.16521739130434782,
          "fine_grained_average": 0.16521739130434782,
          "coarse_grained_average": 0.16521739130434782
        },
        "length": {
          "max": 115,
          "median": 115.0,
          "fine_grained_average": 115.0,