{
  "calculate": {
    "groups": {
      "factual-qa_QA": {
        "BLEU": {
          "max": 0.02202652871091792,
          "median": 0.02202652871091792,
          "fine_grained_average": 0.02202652871091792,
          "coarse_grained_average": 0.02202652871091792
        },
        "F1": {
          "max": 0.14445143273091246,
          "median": 0.14445143273091246,
          "fine_grained_average": 0.14445143273091246,
          "coarse_grained_average": 0.14445143273091246
        },
        "ROUGE-1": {
          "max": 0.14553237521599907,
          "median": 0.14553237521599907,
          "fine_grained_average": 0.14553237521599907,
          "coarse_grained_average": 0.14553237521599907
        },
        "ROUGE-2": {
          "max": 0.031922855029239236,
          "median": 0.031922855029239236,
          "fine_grained_average": 0.031922855029239236,
          "coarse_grained_average": 0.031922855029239236
        },
        "ROUGE-L": {
          "max": 0.12625138749953496,
          "median": 0.12625138749953496,
          "fine_grained_average": 0.12625138749953496,
          "coarse_grained_average": 0.12625138749953496
        },
        "ACC-prefix": {
          "max": 0.0,
          "median": 0.0,
          "fine_grained_average": 0.0,
          "coarse_grained_average": 0.0
        },
        "ACC-in": {
          "max": 0.0064516129032258064,
          "median": 0.0064516129032258064,
          "fine_grained_average": 0.0064516129032258064,
          "coarse_grained_average": 0.0064516129032258064
        },
        "length": {
          "max": 155,
          "median": 155.0,
          "fine_grained_average": 155.0,
          "coarse_grained_average": 155.0
        }
      },
      "inference_QA": {
        "BLEU": {
          "max": 0.04792068290151654,
          "median": 0.04792068290151654,
          "fine_grained_average": 0.04792068290151654,
          "coarse_grained_average": 0.04792068290151654
        },
        "F1": {
          "max": 0.23214285714285715,
          "median": 0.23214285714285715,
          "fine_grained_average": 0.23214285714285715,
          "coarse_grained_average": 0.23214285714285715
        },
        "ROUGE-1": {
          "max": 0.23214285574404764,
          "median": 0.23214285574404764,
          "fine_grained_average": 0.23214285574404764,
          "coarse_grained_average": 0.23214285574404764
        },
        "ROUGE-2": {
          "max": 0.0,
          "median": 0.0,
          "fine_grained_average": 0.0,
          "coarse_grained_average": 0.0
        },
        "ROUGE-L": {
          "max": 0.23214285574404764,
          "median": 0.23214285574404764,
          "fine_grained_average": 0.23214285574404764,
          "coarse_grained_average": 0.23214285574404764
        },
        "ACC-prefix": {
          "max": 0.30357142857142855,
          "median": 0.30357142857142855,
          "fine_grained_average": 0.30357142857142855,
          "coarse_grained_average": 0.30357142857142855
        },
        "ACC-in": {
          "max": 0.30357142857142855,
          "median": 0.30357142857142855,
          "fine_grained_average": 0.30357142857142855,
          "coarse_grained_average": 0.30357142857142855
        },
        "length": {
          "max": 112,
          "median": 112.0,
          "fine_grained_average": 112.0,
          "coarse_grained_average": 112.0
        }
      },
      "math_QA": {
        "BLEU": {
          "max": 0.018819210399289625,
          "median": 0.018819210399289625,
          "fine_grained_average": 0.018819210399289625,
          "coarse_grained_average": 0.018819210399289625
        },
        "F1": {
          "max": 0.0662961332452858,
          "median": 0.0662961332452858,
          "fine_grained_average": 0.0662961332452858,
          "coarse_grained_average": 0.0662961332452858
        },
        "ROUGE-1": {
          "max": 0.03685768058927024,
          "median": 0.03685768058927024,
          "fine_grained_average": 0.03685768058927024,
          "coarse_grained_average": 0.03685768058927024
        },
        "ROUGE-2": {
          "max": 0.011299434943502827,
          "median": 0.011299434943502827,
          "fine_grained_average": 0.011299434943502827,
          "coarse_grained_average": 0.011299434943502827
        },
        "ROUGE-L": {
          "max": 0.03358248202947156,
          "median": 0.03358248202947156,
          "fine_grained_average": 0.03358248202947156,
          "coarse_grained_average": 0.03358248202947156
        },
        "ACC-prefix": {
          "max": 0.0,
          "median": 0.0,
          "fine_grained_average": 0.0,
          "coarse_grained_average": 0.0
        },
        "ACC-in": {
          "max": 0.0,
          "median": 0.0,
          "fine_grained_average": 0.0,
          "coarse_grained_average": 0.0
        },
        "length": {
          "max": 59,
          "median": 59.0,
          "fine_grained_average": 59.0,
          "coarse_grained_average": 59.0
        }
      },
      "reading-comprehension_QA": {
        "BLEU": {
          "max": 0.24347297117636407,
          "median": 0.24347297117636407,
          "fine_grained_average": 0.24347297117636407,
          "coarse_grained_average": 0.24347297117636407
        },
        "F1": {
          "max": 0.6397405084886081,
          "median": 0.6397405084886081,
          "fine_grained_average": 0.6397405084886081,
          "coarse_grained_average": 0.6397405084886081
        },
        "ROUGE-1": {
          "max": 0.6426293935718869,
          "median": 0.6426293935718869,
          "fine_grained_average": 0.6426293935718869,
          "coarse_grained_average": 0.6426293935718869
        },
        "ROUGE-2": {
          "max": 0.3230412737813275,
          "median": 0.3230412737813275,
          "fine_grained_average": 0.3230412737813275,
          "coarse_grained_average": 0.3230412737813275
        },
        "ROUGE-L": {
          "max": 0.6358514921650006,
          "median": 0.6358514921650006,
          "fine_grained_average": 0.6358514921650006,
          "coarse_grained_average": 0.6358514921650006
        },
        "ACC-prefix": {
          "max": 0.58,
          "median": 0.58,
          "fine_grained_average": 0.58,
          "coarse_grained_average": 0.58
        },
        "ACC-in": {
          "max": 0.8066666666666666,
          "median": 0.8066666666666666,
          "fine_grained_average": 0.8066666666666666,
          "coarse_grained_average": 0.8066666666666666
        },
        "length": {
          "max": 150,
          "median": 150.0,
          "fine_grained_average": 150.0,
          "coarse_grained_average": 150.0
        }
      },
      "real-world_QA": {
        "BLEU": {
          "max": 0.003958517816126398,
          "median": 0.003958517816126398,
          "fine_grained_average": 0.003958517816126398,
          "coarse_grained_average": 0.003958517816126398
        },
        "F1": {
          "max": 0.0218978102189781,
          "median": 0.0218978102189781,
          "fine_grained_average": 0.0218978102189781,
          "coarse_grained_average": 0.0218978102189781
        },
        "ROUGE-1": {
          "max": 0.021897810085158148,
          "median": 0.021897810085158148,
          "fine_grained_average": 0.021897810085158148,
          "coarse_grained_average": 0.021897810085158148
        },
        "ROUGE-2": {
          "max": 0.0,
          "median": 0.0,
          "fine_grained_average": 0.0,
          "coarse_grained_average": 0.0
        },
        "ROUGE-L": {
          "max": 0.021897810085158148,
          "median": 0.021897810085158148,
          "fine_grained_average": 0.021897810085158148,
          "coarse_grained_average": 0.021897810085158148
        },
        "ACC-prefix": {
          "max": 0.021897810218978103,
          "median": 0.021897810218978103,
          "fine_grained_average": 0.021897810218978103,
          "coarse_grained_average": 0.021897810218978103
        },