{
  "BLEU": 0.0323639337579234,
  "F1": 0.16198635911918705,
  "ROUGE-1": 0.16339259668784434,
  "ROUGE-2": 0.041904181927938045,
  "ROUGE-L": 0.14567770541502184,
  "ACC-prefix": 0.010810810810810811,
  "ACC-in": 0.032432432432432434,
  "length": 185
}