{
  "calculate": {
    "groups": {
      "commonsense-qa_MUL": {
        "BLEU": {
          "max": 0.0012659177470140332,
          "median": 0.0012659177470140332,
          "fine_grained_average": 0.0012659177470140332,
          "coarse_grained_average": 0.0012659177470140332
        },
        "F1": {
          "max": 0.02378755613026551,
          "median": 0.02378755613026551,
          "fine_grained_average": 0.02378755613026551,
          "coarse_grained_average": 0.02378755613026551
        },
        "ROUGE-1": {
          "max": 0.0,
          "median": 0.0,
          "fine_grained_average": 0.0,
          "coarse_grained_average": 0.0
        },
        "ROUGE-2": {
          "max": 0.0,
          "median": 0.0,
          "fine_grained_average": 0.0,
          "coarse_grained_average": 0.0
        },
        "ROUGE-L": {
          "max": 0.0,
          "median": 0.0,
          "fine_grained_average": 0.0,
          "coarse_grained_average": 0.0
        },
        "ACC": {
          "max": 0.10457516339869281,
          "median": 0.10457516339869281,
          "fine_grained_average": 0.10457516339869281,
          "coarse_grained_average": 0.10457516339869281
        },
        "length": {
          "max": 153,
          "median": 153.0,
          "fine_grained_average": 153.0,
          "coarse_grained_average": 153.0
        }
      },
      "logic_MUL": {
        "BLEU": {
          "max": 0.0004938996553974557,
          "median": 0.0004938996553974557,
          "fine_grained_average": 0.0004938996553974557,
          "coarse_grained_average": 0.0004938996553974557
        },
        "F1": {
          "max": 0.029214219896626252,
          "median": 0.029214219896626252,
          "fine_grained_average": 0.029214219896626252,
          "coarse_grained_average": 0.029214219896626252
        },
        "ROUGE-1": {
          "max": 0.0,
          "median": 0.0,
          "fine_grained_average": 0.0,
          "coarse_grained_average": 0.0
        },
        "ROUGE-2": {
          "max": 0.0,
          "median": 0.0,
          "fine_grained_average": 0.0,
          "coarse_grained_average": 0.0
        },
        "ROUGE-L": {
          "max": 0.0,
          "median": 0.0,
          "fine_grained_average": 0.0,
          "coarse_grained_average": 0.0
        },
        "ACC": {
          "max": 0.08018867924528301,
          "median": 0.08018867924528301,
          "fine_grained_average": 0.08018867924528301,
          "coarse_grained_average": 0.08018867924528301
        },
        "length": {
          "max": 424,
          "median": 424.0,
          "fine_grained_average": 424.0,
          "coarse_grained_average": 424.0
        }
      },
      "math_MUL": {
        "BLEU": {
          "max": 0.003417012684063286,
          "median": 0.003417012684063286,
          "fine_grained_average": 0.003417012684063286,
          "coarse_grained_average": 0.003417012684063286
        },
        "F1": {
          "max": 0.03521363339093192,
          "median": 0.03521363339093192,
          "fine_grained_average": 0.03521363339093192,
          "coarse_grained_average": 0.03521363339093192
        },
        "ROUGE-1": {
          "max": 0.0,
          "median": 0.0,
          "fine_grained_average": 0.0,
          "coarse_grained_average": 0.0
        },
        "ROUGE-2": {
          "max": 0.0,
          "median": 0.0,
          "fine_grained_average": 0.0,
          "coarse_grained_average": 0.0
        },
        "ROUGE-L": {
          "max": 0.0,
          "median": 0.0,
          "fine_grained_average": 0.0,
          "coarse_grained_average": 0.0
        },
        "ACC": {
          "max": 0.13157894736842105,
          "median": 0.13157894736842105,
          "fine_grained_average": 0.13157894736842105,
          "coarse_grained_average": 0.13157894736842105
        },
        "length": {
          "max": 114,
          "median": 114.0,
          "fine_grained_average": 114.0,
          "coarse_grained_average": 114.0
        }
      },
      "reading-comprehension_MUL": {
        "BLEU": {
          "max": 0.0021585489797968822,
          "median": 0.0021585489797968822,
          "fine_grained_average": 0.0021585489797968822,
          "coarse_grained_average": 0.0021585489797968822
        },
        "F1": {
          "max": 0.04487278727415858,
          "median": 0.04487278727415858,
          "fine_grained_average": 0.04487278727415858,
          "coarse_grained_average": 0.04487278727415858
        },
        "ROUGE-1": {
          "max": 0.0,
          "median": 0.0,
          "fine_grained_average": 0.0,
          "coarse_grained_average": 0.0
        },
        "ROUGE-2": {
          "max": 0.0,
          "median": 0.0,
          "fine_grained_average": 0.0,
          "coarse_grained_average": 0.0
        },
        "ROUGE-L": {
          "max": 0.0,
          "median": 0.0,
          "fine_grained_average": 0.0,
          "coarse_grained_average": 0.0
        },
        "ACC": {
          "max": 0.21374045801526717,
          "median": 0.21374045801526717,
          "fine_grained_average": 0.21374045801526717,
          "coarse_grained_average": 0.21374045801526717
        },
        "length": {
          "max": 131,
          "median": 131.0,
          "fine_grained_average": 131.0,
          "coarse_grained_average": 131.0
        }
      },
      "real-world_MUL": {
        "BLEU": {
          "max": 0.017114996515524568,
          "median": 0.017114996515524568,
          "fine_grained_average": 0.017114996515524568,
          "coarse_grained_average": 0.017114996515524568
        },
        "F1": {
          "max": 0.09909565217391304,
          "median": 0.09909565217391304,
          "fine_grained_average": 0.09909565217391304,
          "coarse_grained_average": 0.09909565217391304
        },
        "ROUGE-1": {
          "max": 0.0,
          "median": 0.0,
          "fine_grained_average": 0.0,
          "coarse_grained_average": 0.0
        },
        "ROUGE-2": {
          "max": 0.0,
          "median": 0.0,
          "fine_grained_average": 0.0,
          "coarse_grained_average": 0.0
        },
        "ROUGE-L": {
          "max": 0.0,
          "median": 0.0,
          "fine_grained_average": 0.0,
          "coarse_grained_average": 0.0
        },
        "ACC": {
          "max": 0.336,
          "median": 0.336,
          "fine_grained_average": 0.336,
          "coarse_grained_average": 0.336
        },
        "length": {
          "max": 125,
          "median": 125.0,
          "fine_grained_average": 125.0,
          "coarse_grained_average": 125.0
        }
      },
      "science-qa_MUL": {
        "BLEU": {
          "max": 0.0016517408823231215,
          "median": 0.0016517408823231215,
          "fine_grained_average": 0.0016517408823231215,
          "coarse_grained_average": 0.0016517408823231215
        },
        "F1": {
          "max": 0.05364901227552508,
          "median": 0.05364901227552508,
          "fine_grained_average": 0.05364901227552508,
          "coarse_grained_average": 0.05364901227552508
        },
        "ROUGE-1": {
          "max": 0.0,
          "median": 0.0,
          "fine_grained_average": 0.0,
          "coarse_grained_average": 0.0
        },
        "ROUGE-2": {
          "max": 0.0,
          "median": 0.0,
          "fine_grained_average": 0.0,
          "coarse_grained_average": 0.0
        },
        "ROUGE-L": {
          "max": 0.0,
          "median": 0.0,
          "fine_grained_average": 0.0,
          "coarse_grained_average": 0.0
        },
        "ACC": {
          "max": 0.30578512396694213,
          "median": 0.30578512396694213,
          "fine_grained_average": 0.30578512396694213,
          "coarse_grained_average": 0.30578512396694213
        },
        "length": {
          "max": 121,
          "median": 121.0,
          "fine_grained_average": 121.0,
          "coarse_grained_average": 121.0
        }
      },