{
  "BLEU": 0.02398114357989927,
  "F1": 0.11890836341081222,
  "ROUGE-1": 0.0,
  "ROUGE-2": 0.0,
  "ROUGE-L": 0.0,
  "ACC": 0.2261904761904762,
  "length": 420
}