{
  "BLEU": 0.027031669974656745,
  "F1": 0.14293397981029488,
  "ROUGE-1": 0.0,
  "ROUGE-2": 0.0,
  "ROUGE-L": 0.0,
  "ACC": 0.2975206611570248,
  "length": 121
}