{
  "BLEU": 0.044017632308326685,
  "F1": 0.21513764503279764,
  "ROUGE-1": 0.0,
  "ROUGE-2": 0.0,
  "ROUGE-L": 0.0,
  "ACC": 0.37583892617449666,
  "length": 149
}