{
  "BLEU": 0.039949356587027286,
  "F1": 0.19829844337090713,
  "ROUGE-1": 0.0,
  "ROUGE-2": 0.0,
  "ROUGE-L": 0.0,
  "ACC": 0.2740740740740741,
  "length": 135
}