{
  "BLEU": 0.021391327295538477,
  "F1": 0.13499171630309215,
  "ROUGE-1": 0.0,
  "ROUGE-2": 0.0,
  "ROUGE-L": 0.0,
  "ACC": 0.06086956521739131,
  "length": 115
}