{
  "BLEU": 0.011519638044905356,
  "F1": 0.06351819232031584,
  "ROUGE-1": 0.0,
  "ROUGE-2": 0.0,
  "ROUGE-L": 0.0,
  "ACC": 0.1826086956521739,
  "length": 115
}