{
  "BLEU": 0.011581534907742802,
  "F1": 0.06735021014545309,
  "ROUGE-1": 0.0,
  "ROUGE-2": 0.0,
  "ROUGE-L": 0.0,
  "ACC": 0.09090909090909091,
  "length": 121
}