{
  "BLEU": 0.031916262319554085,
  "F1": 0.18074074074074073,
  "ROUGE-1": 0.0,
  "ROUGE-2": 0.0,
  "ROUGE-L": 0.0,
  "ACC": 0.17777777777777778,
  "length": 135
}