{
  "BLEU": 0.002121853395024033,
  "F1": 0.015565037570773899,
  "ROUGE-1": 0.0,
  "ROUGE-2": 0.0,
  "ROUGE-L": 0.0,
  "ACC": 0.023809523809523808,
  "length": 420
}