{
  "BLEU": 0.0036806285015885364,
  "F1": 0.02571833436714989,
  "ROUGE-1": 0.0,
  "ROUGE-2": 0.0,
  "ROUGE-L": 0.0,
  "ACC": 0.0738255033557047,
  "length": 149
}