{
  "BLEU": 0.006261102677244087,
  "F1": 0.043150093036729134,
  "ROUGE-1": 0.0,
  "ROUGE-2": 0.0,
  "ROUGE-L": 0.0,
  "ACC": 0.06086956521739131,
  "length": 115
}