{
  "BLEU": 0.005944639395490916,
  "F1": 0.063768115942029,
  "ROUGE-1": 0.0,
  "ROUGE-2": 0.0,
  "ROUGE-L": 0.0,
  "ACC": 0.0,
  "length": 115
}