{
  "calculate": {
    "groups": {
      "commonsense-qa_MUL": {
        "BLEU": {
          "max": 0.03381375290985145,
          "median": 0.03381375290985145,
          "fine_grained_average": 0.03381375290985145,
          "coarse_grained_average": 0.03381375290985145
        },
        "F1": {
          "max": 0.20860543833126421,
          "median": 0.20860543833126421,
          "fine_grained_average": 0.20860543833126421,
          "coarse_grained_average": 0.20860543833126421
        },
        "ROUGE-1": {
          "max": 0.0,
          "median": 0.0,
          "fine_grained_average": 0.0,
          "coarse_grained_average": 0.0
        },
        "ROUGE-2": {
          "max": 0.0,
          "median": 0.0,
          "fine_grained_average": 0.0,
          "coarse_grained_average": 0.0
        },
        "ROUGE-L": {
          "max": 0.0,
          "median": 0.0,
          "fine_grained_average": 0.0,
          "coarse_grained_average": 0.0
        },
        "ACC": {
          "max": 0.2679738562091503,
          "median": 0.2679738562091503,
          "fine_grained_average": 0.2679738562091503,
          "coarse_grained_average": 0.2679738562091503
        },
        "length": {
          "max": 153,
          "median": 153.0,
          "fine_grained_average": 153.0,
          "coarse_grained_average": 153.0
        }
      },
      "logic_MUL": {
        "BLEU": {
          "max": 0.011858106123014526,
          "median": 0.011858106123014526,
          "fine_grained_average": 0.011858106123014526,
          "coarse_grained_average": 0.011858106123014526
        },
        "F1": {
          "max": 0.07620590339049099,
          "median": 0.07620590339049099,
          "fine_grained_average": 0.07620590339049099,
          "coarse_grained_average": 0.07620590339049099
        },
        "ROUGE-1": {
          "max": 0.0,
          "median": 0.0,
          "fine_grained_average": 0.0,
          "coarse_grained_average": 0.0
        },
        "ROUGE-2": {
          "max": 0.0,
          "median": 0.0,
          "fine_grained_average": 0.0,
          "coarse_grained_average": 0.0
        },
        "ROUGE-L": {
          "max": 0.0,
          "median": 0.0,
          "fine_grained_average": 0.0,
          "coarse_grained_average": 0.0
        },
        "ACC": {
          "max": 0.10849056603773585,
          "median": 0.10849056603773585,
          "fine_grained_average": 0.10849056603773585,
          "coarse_grained_average": 0.10849056603773585
        },
        "length": {
          "max": 424,
          "median": 424.0,
          "fine_grained_average": 424.0,
          "coarse_grained_average": 424.0
        }
      },
      "math_MUL": {
        "BLEU": {
          "max": 0.009394899312575183,
          "median": 0.009394899312575183,
          "fine_grained_average": 0.009394899312575183,
          "coarse_grained_average": 0.009394899312575183
        },
        "F1": {
          "max": 0.05609578759733559,
          "median": 0.05609578759733559,
          "fine_grained_average": 0.05609578759733559,
          "coarse_grained_average": 0.05609578759733559
        },
        "ROUGE-1": {
          "max": 0.0,
          "median": 0.0,
          "fine_grained_average": 0.0,
          "coarse_grained_average": 0.0
        },
        "ROUGE-2": {
          "max": 0.0,
          "median": 0.0,
          "fine_grained_average": 0.0,
          "coarse_grained_average": 0.0
        },
        "ROUGE-L": {
          "max": 0.0,
          "median": 0.0,
          "fine_grained_average": 0.0,
          "coarse_grained_average": 0.0
        },
        "ACC": {
          "max": 0.11403508771929824,
          "median": 0.11403508771929824,
          "fine_grained_average": 0.11403508771929824,
          "coarse_grained_average": 0.11403508771929824
        },
        "length": {
          "max": 114,
          "median": 114.0,
          "fine_grained_average": 114.0,
          "coarse_grained_average": 114.0
        }
      },
      "reading-comprehension_MUL": {
        "BLEU": {
          "max": 0.001551909022734163,
          "median": 0.001551909022734163,
          "fine_grained_average": 0.001551909022734163,
          "coarse_grained_average": 0.001551909022734163
        },
        "F1": {
          "max": 0.03470372876976623,
          "median": 0.03470372876976623,
          "fine_grained_average": 0.03470372876976623,
          "coarse_grained_average": 0.03470372876976623
        },
        "ROUGE-1": {
          "max": 0.0,
          "median": 0.0,
          "fine_grained_average": 0.0,
          "coarse_grained_average": 0.0
        },
        "ROUGE-2": {
          "max": 0.0,
          "median": 0.0,
          "fine_grained_average": 0.0,
          "coarse_grained_average": 0.0
        },
        "ROUGE-L": {
          "max": 0.0,
          "median": 0.0,
          "fine_grained_average": 0.0,
          "coarse_grained_average": 0.0
        },
        "ACC": {
          "max": 0.2366412213740458,
          "median": 0.2366412213740458,
          "fine_grained_average": 0.2366412213740458,
          "coarse_grained_average": 0.2366412213740458
        },
        "length": {
          "max": 131,
          "median": 131.0,
          "fine_grained_average": 131.0,
          "coarse_grained_average": 131.0
        }
      },
      "real-world_MUL": {
        "BLEU": {
          "max": 0.0014226235280311384,
          "median": 0.0014226235280311384,
          "fine_grained_average": 0.0014226235280311384,
          "coarse_grained_average": 0.0014226235280311384
        },
        "F1": {
          "max": 0.008,
          "median": 0.008,
          "fine_grained_average": 0.008,
          "coarse_grained_average": 0.008
        },
        "ROUGE-1": {
          "max": 0.0,
          "median": 0.0,
          "fine_grained_average": 0.0,
          "coarse_grained_average": 0.0
        },
        "ROUGE-2": {
          "max": 0.0,
          "median": 0.0,
          "fine_grained_average": 0.0,
          "coarse_grained_average": 0.0
        },
        "ROUGE-L": {
          "max": 0.0,
          "median": 0.0,
          "fine_grained_average": 0.0,
          "coarse_grained_average": 0.0
        },
        "ACC": {
          "max": 0.36,
          "median": 0.36,
          "fine_grained_average": 0.36,
          "coarse_grained_average": 0.36
        },
        "length": {
          "max": 125,
          "median": 125.0,
          "fine_grained_average": 125.0,
          "coarse_grained_average": 125.0
        }
      },
      "science-qa_MUL": {
        "BLEU": {
          "max": 0.0016840445490788902,
          "median": 0.0016840445490788902,
          "fine_grained_average": 0.0016840445490788902,
          "coarse_grained_average": 0.0016840445490788902
        },
        "F1": {
          "max": 0.017067798100892536,
          "median": 0.017067798100892536,
          "fine_grained_average": 0.017067798100892536,
          "coarse_grained_average": 0.017067798100892536
        },
        "ROUGE-1": {
          "max": 0.0,
          "median": 0.0,
          "fine_grained_average": 0.0,
          "coarse_grained_average": 0.0
        },
        "ROUGE-2": {
          "max": 0.0,
          "median": 0.0,
          "fine_grained_average": 0.0,
          "coarse_grained_average": 0.0
        },
        "ROUGE-L": {
          "max": 0.0,
          "median": 0.0,
          "fine_grained_average": 0.0,
          "coarse_grained_average": 0.0
        },
        "ACC": {
          "max": 0.2231404958677686,
          "median": 0.2231404958677686,
          "fine_grained_average": 0.2231404958677686,
          "coarse_grained_average": 0.2231404958677686
        },
        "length": {
          "max": 121,
          "median": 121.0,
          "fine_grained_average": 121.0,
          "coarse_grained_average": 121.0
        }
      },
      "sentimental-analysis_MUL": {
        "BLEU": {
          "max": 0.00356551754863267,