{
  "BLEU": 0.0026943627424832165,
  "F1": 0.015151515151515152,
  "ROUGE-1": 0.015151515075757576,
  "ROUGE-2": 0.0,
  "ROUGE-L": 0.015151515075757576,
  "ACC": 0.015151515151515152,
  "length": 66
}