{
  "BLEU": 0.039843305535162674,
  "F1": 0.18842232298486375,
  "ROUGE-1": 0.19176614062877148,
  "ROUGE-2": 0.054178666178611376,
  "ROUGE-L": 0.17604257194859957,
  "ACC-prefix": 0.005405405405405406,
  "ACC-in": 0.016216216216216217,
  "length": 185
}