{
  "BLEU": 2.1591192353787958e-05,
  "F1": 0.0025067709596572076,
  "ROUGE-1": 0.002506770908777254,
  "ROUGE-2": 0.0,
  "ROUGE-L": 0.002506770908777254,
  "ACC-prefix": 0.0,
  "ACC-in": 0.010526315789473684,
  "length": 190
}