{
  "BLEU": 8.68663212469087e-05,
  "F1": 0.011396011396011397,
  "ROUGE-1": 0.011396010972313554,
  "ROUGE-2": 0.0,
  "ROUGE-L": 0.011396010972313554,
  "ACC-prefix": 0.0,
  "ACC-in": 0.0,
  "length": 9
}