{
  "BLEU": 0.000623503364921545,
  "F1": 0.017092853523321155,
  "ROUGE-1": 0.017092853413135687,
  "ROUGE-2": 0.003171197409787145,
  "ROUGE-L": 0.013674282708471456,
  "ACC-prefix": 0.0,
  "ACC-in": 0.0,
  "length": 83
}