{
  "BLEU": 0.0,
  "F1": 0.0,
  "ROUGE-1": 0.0,
  "ROUGE-2": 0.0,
  "ROUGE-L": 0.0,
  "ACC-prefix": 0.005263157894736842,
  "ACC-in": 0.031578947368421054,
  "length": 190
}