{
  "BLEU": 0.005250026840917601,
  "F1": 0.15742161141889266,
  "ROUGE-1": 0.1574216104660013,
  "ROUGE-2": 0.00782531609438297,
  "ROUGE-L": 0.0648672740432069,
  "ACC-prefix": 0.0,
  "ACC-in": 0.0,
  "length": 83
}