{
  "BLEU": 0.014346406919980672,
  "F1": 0.10317460317460318,
  "ROUGE-1": 0.10317460232174352,
  "ROUGE-2": 0.04678362518928902,
  "ROUGE-L": 0.07142857057571178,
  "ACC-prefix": 0.0,
  "ACC-in": 0.0,
  "length": 9
}