{
  "BLEU": 0.03901743709845598,
  "F1": 0.21722974253971863,
  "ROUGE-1": 0.0,
  "ROUGE-2": 0.0,
  "ROUGE-L": 0.0,
  "ACC": 0.2483221476510067,
  "length": 149
}