{
  "BLEU": 0.03845715091141171,
  "F1": 0.21850835148874365,
  "ROUGE-1": 0.0,
  "ROUGE-2": 0.0,
  "ROUGE-L": 0.0,
  "ACC": 0.23703703703703705,
  "length": 135
}