{
  "BLEU": 0.07982978898188309,
  "F1": 0.43594202898550727,
  "ROUGE-1": 0.0,
  "ROUGE-2": 0.0,
  "ROUGE-L": 0.0,
  "ACC": 0.3826086956521739,
  "length": 115
}