{
  "BLEU": 0.034609338642532836,
  "F1": 0.18939393939393936,
  "ROUGE-1": 0.0,
  "ROUGE-2": 0.0,
  "ROUGE-L": 0.0,
  "ACC": 0.21487603305785125,
  "length": 121
}