{
  "BLEU": 0.017582051185548363,
  "F1": 0.09886403279260422,
  "ROUGE-1": 0.0,
  "ROUGE-2": 0.0,
  "ROUGE-L": 0.0,
  "ACC": 0.1357142857142857,
  "length": 420
}