{
  "BLEU": 0.012370639374183812,
  "F1": 0.06956521739130435,
  "ROUGE-1": 0.0,
  "ROUGE-2": 0.0,
  "ROUGE-L": 0.0,
  "ACC": 0.12173913043478261,
  "length": 115
}