{
  "BLEU": 0.052033035729809086,
  "F1": 0.27585612426788897,
  "ROUGE-1": 0.0,
  "ROUGE-2": 0.0,
  "ROUGE-L": 0.0,
  "ACC": 0.79,
  "length": 100
}