{
  "BLEU": 0.03238323802976143,
  "F1": 0.1819790313956153,
  "ROUGE-1": 0.0,
  "ROUGE-2": 0.0,
  "ROUGE-L": 0.0,
  "ACC": 0.19103773584905662,
  "length": 424
}