{
  "BLEU": 0.0617957125091601,
  "F1": 0.3489887974620799,
  "ROUGE-1": 0.0,
  "ROUGE-2": 0.0,
  "ROUGE-L": 0.0,
  "ACC": 0.40458015267175573,
  "length": 131
}