{
  "BLEU": 0.01738405148896299,
  "F1": 0.09375870231133389,
  "ROUGE-1": 0.0,
  "ROUGE-2": 0.0,
  "ROUGE-L": 0.0,
  "ACC": 0.17543859649122806,
  "length": 114
}