{
  "BLEU": 0.09045796629184562,
  "F1": 0.5010031291023027,
  "ROUGE-1": 0.0,
  "ROUGE-2": 0.0,
  "ROUGE-L": 0.0,
  "ACC": 0.5950413223140496,
  "length": 121
}