{
  "BLEU": 0.04190032838637362,
  "F1": 0.2382508558979147,
  "ROUGE-1": 0.0,
  "ROUGE-2": 0.0,
  "ROUGE-L": 0.0,
  "ACC": 0.30718954248366015,
  "length": 153
}