{
  "calculate": {
    "groups": {
      "K12_MUL": {
        "BLEU": {
          "max": 0.016623619017965795,
          "median": 0.016623619017965795,
          "fine_grained_average": 0.016623619017965795,
          "coarse_grained_average": 0.016623619017965795
        },
        "F1": {
          "max": 0.09538850081728803,
          "median": 0.09538850081728803,
          "fine_grained_average": 0.09538850081728803,
          "coarse_grained_average": 0.09538850081728803
        },
        "ROUGE-1": {
          "max": 0.0,
          "median": 0.0,
          "fine_grained_average": 0.0,
          "coarse_grained_average": 0.0
        },
        "ROUGE-2": {
          "max": 0.0,
          "median": 0.0,
          "fine_grained_average": 0.0,
          "coarse_grained_average": 0.0
        },
        "ROUGE-L": {
          "max": 0.0,
          "median": 0.0,
          "fine_grained_average": 0.0,
          "coarse_grained_average": 0.0
        },
        "ACC": {
          "max": 0.14108527131782947,
          "median": 0.14108527131782947,
          "fine_grained_average": 0.14108527131782947,
          "coarse_grained_average": 0.14108527131782947
        },
        "length": {
          "max": 645,
          "median": 645.0,
          "fine_grained_average": 645.0,
          "coarse_grained_average": 645.0
        }
      },
      "chinese-gov-test_MUL": {
        "BLEU": {
          "max": 0.018464143303126415,
          "median": 0.018464143303126415,
          "fine_grained_average": 0.018464143303126415,
          "coarse_grained_average": 0.018464143303126415
        },
        "F1": {
          "max": 0.10458157119056773,
          "median": 0.10458157119056773,
          "fine_grained_average": 0.10458157119056773,
          "coarse_grained_average": 0.10458157119056773
        },
        "ROUGE-1": {
          "max": 0.0,
          "median": 0.0,
          "fine_grained_average": 0.0,
          "coarse_grained_average": 0.0
        },
        "ROUGE-2": {
          "max": 0.0,
          "median": 0.0,
          "fine_grained_average": 0.0,
          "coarse_grained_average": 0.0
        },
        "ROUGE-L": {
          "max": 0.0,
          "median": 0.0,
          "fine_grained_average": 0.0,
          "coarse_grained_average": 0.0
        },
        "ACC": {
          "max": 0.16339869281045752,
          "median": 0.16339869281045752,
          "fine_grained_average": 0.16339869281045752,
          "coarse_grained_average": 0.16339869281045752
        },
        "length": {
          "max": 153,
          "median": 153.0,
          "fine_grained_average": 153.0,
          "coarse_grained_average": 153.0
        }
      }
    },
    "overall": {
      "BLEU": {
        "max": 0.018464143303126415,
        "median": 0.017543881160546105,
        "fine_grained_average": 0.01697650149369208,
        "coarse_grained_average": 0.017543881160546105
      },
      "F1": {
        "max": 0.10458157119056773,
        "median": 0.09998503600392789,
        "fine_grained_average": 0.09715108197908227,
        "coarse_grained_average": 0.09998503600392789
      },
      "ROUGE-1": {
        "max": 0.0,
        "median": 0.0,
        "fine_grained_average": 0.0,
        "coarse_grained_average": 0.0
      },
      "ROUGE-2": {
        "max": 0.0,
        "median": 0.0,
        "fine_grained_average": 0.0,
        "coarse_grained_average": 0.0
      },
      "ROUGE-L": {
        "max": 0.0,
        "median": 0.0,
        "fine_grained_average": 0.0,
        "coarse_grained_average": 0.0
      },
      "ACC": {
        "max": 0.16339869281045752,
        "median": 0.1522419820641435,
        "fine_grained_average": 0.14536340852130328,
        "coarse_grained_average": 0.1522419820641435
      },
      "length": {
        "max": 645,
        "median": 399.0,
        "fine_grained_average": 550.6691729323309,
        "coarse_grained_average": 399.0
      }
    }
  },
  "results": {
    "K12_MUL": {
      "K12_MUL.jsonl": {
        "BLEU": 0.016623619017965795,
        "F1": 0.09538850081728803,
        "ROUGE-1": 0.0,
        "ROUGE-2": 0.0,
        "ROUGE-L": 0.0,
        "ACC": 0.14108527131782947,
        "length": 645
      }
    },
    "chinese-gov-test_MUL": {
      "chinese-gov-test_MUL.jsonl": {
        "BLEU": 0.018464143303126415,
        "F1": 0.10458157119056773,
        "ROUGE-1": 0.0,
        "ROUGE-2": 0.0,
        "ROUGE-L": 0.0,
        "ACC": 0.16339869281045752,
        "length": 153
      }
    }
  }
}