{
  "BLEU": 0.06825977232562236,
  "F1": 0.25671313337824364,
  "ROUGE-1": 0.2657603472545573,
  "ROUGE-2": 0.10481264363127005,
  "ROUGE-L": 0.2398676146311495,
  "ACC-prefix": 0.016216216216216217,
  "ACC-in": 0.016216216216216217,
  "length": 185
}