{
  "BLEU": 0.0394227039914105,
  "F1": 0.23024900341871626,
  "ROUGE-1": 0.0,
  "ROUGE-2": 0.0,
  "ROUGE-L": 0.0,
  "ACC": 0.2824427480916031,
  "length": 131
}