{
  "BLEU": 0.03375831895463244,
  "F1": 0.19292975402063,
  "ROUGE-1": 0.0,
  "ROUGE-2": 0.0,
  "ROUGE-L": 0.0,
  "ACC": 0.22875816993464052,
  "length": 153
}