{
  "BLEU": 0.021992479212869197,
  "F1": 0.12341078447609836,
  "ROUGE-1": 0.0,
  "ROUGE-2": 0.0,
  "ROUGE-L": 0.0,
  "ACC": 0.14912280701754385,
  "length": 114
}