{
  "BLEU": 0.023844342263376356,
  "F1": 0.14285686878982912,
  "ROUGE-1": 0.0,
  "ROUGE-2": 0.0,
  "ROUGE-L": 0.0,
  "ACC": 0.2809917355371901,
  "length": 121
}