{
  "BLEU": 0.02139876785468963,
  "F1": 0.12085932165856064,
  "ROUGE-1": 0.0,
  "ROUGE-2": 0.0,
  "ROUGE-L": 0.0,
  "ACC": 0.12028301886792453,
  "length": 424
}