{
  "BLEU": 0.054196899399093806,
  "F1": 0.23064766493127697,
  "ROUGE-1": 0.24014321967222613,
  "ROUGE-2": 0.08651490694745202,
  "ROUGE-L": 0.21492468501532555,
  "ACC-prefix": 0.0,
  "ACC-in": 0.005405405405405406,
  "length": 185
}