{
  "BLEU": 0.018819210399289625,
  "F1": 0.0662961332452858,
  "ROUGE-1": 0.03685768058927024,
  "ROUGE-2": 0.011299434943502827,
  "ROUGE-L": 0.03358248202947156,
  "ACC-prefix": 0.0,
  "ACC-in": 0.0,
  "length": 59
}