{
  "BLEU": 0.24347297117636407,
  "F1": 0.6397405084886081,
  "ROUGE-1": 0.6426293935718869,
  "ROUGE-2": 0.3230412737813275,
  "ROUGE-L": 0.6358514921650006,
  "ACC-prefix": 0.58,
  "ACC-in": 0.8066666666666666,
  "length": 150
}