{
  "BLEU": 0.003958517816126398,
  "F1": 0.0218978102189781,
  "ROUGE-1": 0.021897810085158148,
  "ROUGE-2": 0.0,
  "ROUGE-L": 0.021897810085158148,
  "ACC-prefix": 0.021897810218978103,
  "ACC-in": 0.029197080291970802,
  "length": 137
}