{
  "BLEU": 0.04792068290151654,
  "F1": 0.23214285714285715,
  "ROUGE-1": 0.23214285574404764,
  "ROUGE-2": 0.0,
  "ROUGE-L": 0.23214285574404764,
  "ACC-prefix": 0.30357142857142855,
  "ACC-in": 0.30357142857142855,
  "length": 112
}