{
  "BLEU": 0.02202652871091792,
  "F1": 0.14445143273091246,
  "ROUGE-1": 0.14553237521599907,
  "ROUGE-2": 0.031922855029239236,
  "ROUGE-L": 0.12625138749953496,
  "ACC-prefix": 0.0,
  "ACC-in": 0.0064516129032258064,
  "length": 155
}