{
  "BLEU": 0.010863224472417748,
  "F1": 0.061568159412763244,
  "ROUGE-1": 0.0,
  "ROUGE-2": 0.0,
  "ROUGE-L": 0.0,
  "ACC": 0.18867924528301888,
  "length": 424
}