{
  "BLEU": 0.014754915925588398,
  "F1": 0.08179172648407682,
  "ROUGE-1": 0.0,
  "ROUGE-2": 0.0,
  "ROUGE-L": 0.0,
  "ACC": 0.4628099173553719,
  "length": 121
}