{
  "BLEU": 0.018340077785776756,
  "F1": 0.1039528431704004,
  "ROUGE-1": 0.0,
  "ROUGE-2": 0.0,
  "ROUGE-L": 0.0,
  "ACC": 0.3893129770992366,
  "length": 131
}