{
  "BLEU": 0.012441062409401911,
  "F1": 0.06420399918851931,
  "ROUGE-1": 0.0,
  "ROUGE-2": 0.0,
  "ROUGE-L": 0.0,
  "ACC": 0.30718954248366015,
  "length": 153
}