{
  "BLEU": 0.019663893953968746,
  "F1": 0.11138140417457304,
  "ROUGE-1": 0.0,
  "ROUGE-2": 0.0,
  "ROUGE-L": 0.0,
  "ACC": 0.56,
  "length": 100
}