{
  "BLEU": 0.009164376089773427,
  "F1": 0.053492810576890745,
  "ROUGE-1": 0.0,
  "ROUGE-2": 0.0,
  "ROUGE-L": 0.0,
  "ACC": 0.2894736842105263,
  "length": 114
}