{
  "calculate": {
    "groups": {
      "commonsense-qa_MUL": {
        "BLEU": {
          "max": 0.011622741242084463,
          "median": 0.011622741242084463,
          "fine_grained_average": 0.011622741242084463,
          "coarse_grained_average": 0.011622741242084463
        },
        "F1": {
          "max": 0.06535947712418301,
          "median": 0.06535947712418301,
          "fine_grained_average": 0.06535947712418301,
          "coarse_grained_average": 0.06535947712418301
        },
        "ROUGE-1": {
          "max": 0.0,
          "median": 0.0,
          "fine_grained_average": 0.0,
          "coarse_grained_average": 0.0
        },
        "ROUGE-2": {
          "max": 0.0,
          "median": 0.0,
          "fine_grained_average": 0.0,
          "coarse_grained_average": 0.0
        },
        "ROUGE-L": {
          "max": 0.0,
          "median": 0.0,
          "fine_grained_average": 0.0,
          "coarse_grained_average": 0.0
        },
        "ACC": {
          "max": 0.26143790849673204,
          "median": 0.26143790849673204,
          "fine_grained_average": 0.26143790849673204,
          "coarse_grained_average": 0.26143790849673204
        },
        "length": {
          "max": 153,
          "median": 153.0,
          "fine_grained_average": 153.0,
          "coarse_grained_average": 153.0
        }
      },
      "logic_MUL": {
        "BLEU": {
          "max": 0.000419405521235595,
          "median": 0.000419405521235595,
          "fine_grained_average": 0.000419405521235595,
          "coarse_grained_average": 0.000419405521235595
        },
        "F1": {
          "max": 0.0023584905660377358,
          "median": 0.0023584905660377358,
          "fine_grained_average": 0.0023584905660377358,
          "coarse_grained_average": 0.0023584905660377358
        },
        "ROUGE-1": {
          "max": 0.0,
          "median": 0.0,
          "fine_grained_average": 0.0,
          "coarse_grained_average": 0.0
        },
        "ROUGE-2": {
          "max": 0.0,
          "median": 0.0,
          "fine_grained_average": 0.0,
          "coarse_grained_average": 0.0
        },
        "ROUGE-L": {
          "max": 0.0,
          "median": 0.0,
          "fine_grained_average": 0.0,
          "coarse_grained_average": 0.0
        },
        "ACC": {
          "max": 0.12735849056603774,
          "median": 0.12735849056603774,
          "fine_grained_average": 0.12735849056603774,
          "coarse_grained_average": 0.12735849056603774
        },
        "length": {
          "max": 424,
          "median": 424.0,
          "fine_grained_average": 424.0,
          "coarse_grained_average": 424.0
        }
      },
      "math_MUL": {
        "BLEU": {
          "max": 0.012479153754659108,
          "median": 0.012479153754659108,
          "fine_grained_average": 0.012479153754659108,
          "coarse_grained_average": 0.012479153754659108
        },
        "F1": {
          "max": 0.07017543859649122,
          "median": 0.07017543859649122,
          "fine_grained_average": 0.07017543859649122,
          "coarse_grained_average": 0.07017543859649122
        },
        "ROUGE-1": {
          "max": 0.0,
          "median": 0.0,
          "fine_grained_average": 0.0,
          "coarse_grained_average": 0.0
        },
        "ROUGE-2": {
          "max": 0.0,
          "median": 0.0,
          "fine_grained_average": 0.0,
          "coarse_grained_average": 0.0
        },
        "ROUGE-L": {
          "max": 0.0,
          "median": 0.0,
          "fine_grained_average": 0.0,
          "coarse_grained_average": 0.0
        },
        "ACC": {
          "max": 0.2894736842105263,
          "median": 0.2894736842105263,
          "fine_grained_average": 0.2894736842105263,
          "coarse_grained_average": 0.2894736842105263
        },
        "length": {
          "max": 114,
          "median": 114.0,
          "fine_grained_average": 114.0,
          "coarse_grained_average": 114.0
        }
      },
      "reading-comprehension_MUL": {
        "BLEU": {
          "max": 0.0,
          "median": 0.0,
          "fine_grained_average": 0.0,
          "coarse_grained_average": 0.0
        },
        "F1": {
          "max": 0.0,
          "median": 0.0,
          "fine_grained_average": 0.0,
          "coarse_grained_average": 0.0
        },
        "ROUGE-1": {
          "max": 0.0,
          "median": 0.0,
          "fine_grained_average": 0.0,
          "coarse_grained_average": 0.0
        },
        "ROUGE-2": {
          "max": 0.0,
          "median": 0.0,
          "fine_grained_average": 0.0,
          "coarse_grained_average": 0.0
        },
        "ROUGE-L": {
          "max": 0.0,
          "median": 0.0,
          "fine_grained_average": 0.0,
          "coarse_grained_average": 0.0
        },
        "ACC": {
          "max": 0.46564885496183206,
          "median": 0.46564885496183206,
          "fine_grained_average": 0.46564885496183206,
          "coarse_grained_average": 0.46564885496183206
        },
        "length": {
          "max": 131,
          "median": 131.0,
          "fine_grained_average": 131.0,
          "coarse_grained_average": 131.0
        }
      },
      "real-world_MUL": {
        "BLEU": {
          "max": 0.0,
          "median": 0.0,
          "fine_grained_average": 0.0,
          "coarse_grained_average": 0.0
        },
        "F1": {
          "max": 0.0,
          "median": 0.0,
          "fine_grained_average": 0.0,
          "coarse_grained_average": 0.0
        },
        "ROUGE-1": {
          "max": 0.0,
          "median": 0.0,
          "fine_grained_average": 0.0,
          "coarse_grained_average": 0.0
        },
        "ROUGE-2": {
          "max": 0.0,
          "median": 0.0,
          "fine_grained_average": 0.0,
          "coarse_grained_average": 0.0
        },
        "ROUGE-L": {
          "max": 0.0,
          "median": 0.0,
          "fine_grained_average": 0.0,
          "coarse_grained_average": 0.0
        },
        "ACC": {
          "max": 0.336,
          "median": 0.336,
          "fine_grained_average": 0.336,
          "coarse_grained_average": 0.336
        },
        "length": {
          "max": 125,
          "median": 125.0,
          "fine_grained_average": 125.0,
          "coarse_grained_average": 125.0
        }
      },
      "science-qa_MUL": {
        "BLEU": {
          "max": 0.004408957214972536,
          "median": 0.004408957214972536,
          "fine_grained_average": 0.004408957214972536,
          "coarse_grained_average": 0.004408957214972536
        },
        "F1": {
          "max": 0.024793388429752067,
          "median": 0.024793388429752067,
          "fine_grained_average": 0.024793388429752067,
          "coarse_grained_average": 0.024793388429752067
        },
        "ROUGE-1": {
          "max": 0.0,
          "median": 0.0,
          "fine_grained_average": 0.0,
          "coarse_grained_average": 0.0
        },
        "ROUGE-2": {
          "max": 0.0,
          "median": 0.0,
          "fine_grained_average": 0.0,
          "coarse_grained_average": 0.0
        },
        "ROUGE-L": {
          "max": 0.0,
          "median": 0.0,
          "fine_grained_average": 0.0,
          "coarse_grained_average": 0.0
        },
        "ACC": {
          "max": 0.3884297520661157,
          "median": 0.3884297520661157,
          "fine_grained_average": 0.3884297520661157,
          "coarse_grained_average": 0.3884297520661157
        },
        "length": {
          "max": 121,
          "median": 121.0,
          "fine_grained_average": 121.0,
          "coarse_grained_average": 121.0
        }
      },
      "sentimental-analysis_MUL": {
        "BLEU": {
          "max": 0.0,
          "median": 0.0,
          "fine_grained_average": 0.0,
          "coarse_grained_average": 0.0
        },
        "F1": {
          "max": 0.0,
          "median": 0.0,
          "fine_grained_average": 0.0,