{
  "calculate": {
    "groups": {
      "factual-qa_QA": {
        "BLEU": {
          "max": 0.014346406919980672,
          "median": 0.014346406919980672,
          "fine_grained_average": 0.014346406919980672,
          "coarse_grained_average": 0.014346406919980672
        },
        "F1": {
          "max": 0.10317460317460318,
          "median": 0.10317460317460318,
          "fine_grained_average": 0.10317460317460318,
          "coarse_grained_average": 0.10317460317460318
        },
        "ROUGE-1": {
          "max": 0.10317460232174352,
          "median": 0.10317460232174352,
          "fine_grained_average": 0.10317460232174352,
          "coarse_grained_average": 0.10317460232174352
        },
        "ROUGE-2": {
          "max": 0.04678362518928902,
          "median": 0.04678362518928902,
          "fine_grained_average": 0.04678362518928902,
          "coarse_grained_average": 0.04678362518928902
        },
        "ROUGE-L": {
          "max": 0.07142857057571178,
          "median": 0.07142857057571178,
          "fine_grained_average": 0.07142857057571178,
          "coarse_grained_average": 0.07142857057571178
        },
        "ACC-prefix": {
          "max": 0.0,
          "median": 0.0,
          "fine_grained_average": 0.0,
          "coarse_grained_average": 0.0
        },
        "ACC-in": {
          "max": 0.0,
          "median": 0.0,
          "fine_grained_average": 0.0,
          "coarse_grained_average": 0.0
        },
        "length": {
          "max": 9,
          "median": 9.0,
          "fine_grained_average": 9.0,
          "coarse_grained_average": 9.0
        }
      },
      "logic_QA": {
        "BLEU": {
          "max": 0.005250026840917601,
          "median": 0.005250026840917601,
          "fine_grained_average": 0.005250026840917601,
          "coarse_grained_average": 0.005250026840917601
        },
        "F1": {
          "max": 0.15742161141889266,
          "median": 0.15742161141889266,
          "fine_grained_average": 0.15742161141889266,
          "coarse_grained_average": 0.15742161141889266
        },
        "ROUGE-1": {
          "max": 0.1574216104660013,
          "median": 0.1574216104660013,
          "fine_grained_average": 0.1574216104660013,
          "coarse_grained_average": 0.1574216104660013
        },
        "ROUGE-2": {
          "max": 0.00782531609438297,
          "median": 0.00782531609438297,
          "fine_grained_average": 0.00782531609438297,
          "coarse_grained_average": 0.00782531609438297
        },
        "ROUGE-L": {
          "max": 0.0648672740432069,
          "median": 0.0648672740432069,
          "fine_grained_average": 0.0648672740432069,
          "coarse_grained_average": 0.0648672740432069
        },
        "ACC-prefix": {
          "max": 0.0,
          "median": 0.0,
          "fine_grained_average": 0.0,
          "coarse_grained_average": 0.0
        },
        "ACC-in": {
          "max": 0.0,
          "median": 0.0,
          "fine_grained_average": 0.0,
          "coarse_grained_average": 0.0
        },
        "length": {
          "max": 83,
          "median": 83.0,
          "fine_grained_average": 83.0,
          "coarse_grained_average": 83.0
        }
      },
      "real-world_QA": {
        "BLEU": {
          "max": 0.0,
          "median": 0.0,
          "fine_grained_average": 0.0,
          "coarse_grained_average": 0.0
        },
        "F1": {
          "max": 0.0,
          "median": 0.0,
          "fine_grained_average": 0.0,
          "coarse_grained_average": 0.0
        },
        "ROUGE-1": {
          "max": 0.0,
          "median": 0.0,
          "fine_grained_average": 0.0,
          "coarse_grained_average": 0.0
        },
        "ROUGE-2": {
          "max": 0.0,
          "median": 0.0,
          "fine_grained_average": 0.0,
          "coarse_grained_average": 0.0
        },
        "ROUGE-L": {
          "max": 0.0,
          "median": 0.0,
          "fine_grained_average": 0.0,
          "coarse_grained_average": 0.0
        },
        "ACC-prefix": {
          "max": 0.005263157894736842,
          "median": 0.005263157894736842,
          "fine_grained_average": 0.005263157894736842,
          "coarse_grained_average": 0.005263157894736842
        },
        "ACC-in": {
          "max": 0.031578947368421054,
          "median": 0.031578947368421054,
          "fine_grained_average": 0.031578947368421054,
          "coarse_grained_average": 0.031578947368421054
        },
        "length": {
          "max": 190,
          "median": 190.0,
          "fine_grained_average": 190.0,
          "coarse_grained_average": 190.0
        }
      }
    },
    "overall": {
      "BLEU": {
        "max": 0.014346406919980672,
        "median": 0.005250026840917601,
        "fine_grained_average": 0.0020030847165815138,
        "coarse_grained_average": 0.0065321445869660905
      },
      "F1": {
        "max": 0.15742161141889266,
        "median": 0.10317460317460318,
        "fine_grained_average": 0.04962611764659404,
        "coarse_grained_average": 0.08686540486449862
      },
      "ROUGE-1": {
        "max": 0.1574216104660013,
        "median": 0.10317460232174352,
        "fine_grained_average": 0.049626117338914186,
        "coarse_grained_average": 0.0868654042625816
      },
      "ROUGE-2": {
        "max": 0.04678362518928902,
        "median": 0.00782531609438297,
        "fine_grained_average": 0.0037962902926857722,
        "coarse_grained_average": 0.018202980427890664
      },
      "ROUGE-L": {
        "max": 0.07142857057571178,
        "median": 0.0648672740432069,
        "fine_grained_average": 0.021371776172934676,
        "coarse_grained_average": 0.04543194820630623
      },
      "ACC-prefix": {
        "max": 0.005263157894736842,
        "median": 0.0,
        "fine_grained_average": 0.0035460992907801418,
        "coarse_grained_average": 0.0017543859649122807
      },
      "ACC-in": {
        "max": 0.031578947368421054,
        "median": 0.0,
        "fine_grained_average": 0.02127659574468085,
        "coarse_grained_average": 0.010526315789473684
      },
      "length": {
        "max": 190,
        "median": 83.0,
        "fine_grained_average": 152.7304964539007,
        "coarse_grained_average": 94.0
      }
    }
  },
  "results": {
    "factual-qa_QA": {
      "factual-qa_QA.jsonl": {
        "BLEU": 0.014346406919980672,
        "F1": 0.10317460317460318,
        "ROUGE-1": 0.10317460232174352,
        "ROUGE-2": 0.04678362518928902,
        "ROUGE-L": 0.07142857057571178,
        "ACC-prefix": 0.0,
        "ACC-in": 0.0,
        "length": 9
      }
    },
    "logic_QA": {
      "logic_QA.jsonl": {
        "BLEU": 0.005250026840917601,
        "F1": 0.15742161141889266,
        "ROUGE-1": 0.1574216104660013,
        "ROUGE-2": 0.00782531609438297,
        "ROUGE-L": 0.0648672740432069,
        "ACC-prefix": 0.0,
        "ACC-in": 0.0,
        "length": 83
      }
    },
    "real-world_QA": {
      "real-world_QA.jsonl": {
        "BLEU": 0.0,
        "F1": 0.0,
        "ROUGE-1": 0.0,
        "ROUGE-2": 0.0,
        "ROUGE-L": 0.0,
        "ACC-prefix": 0.005263157894736842,
        "ACC-in": 0.031578947368421054,
        "length": 190
      }
    }
  }
}