{
  "calculate": {
    "groups": {
      "commonsense-qa_MUL": {
        "BLEU": {
          "max": 0.04250987060799253,
          "median": 0.04250987060799253,
          "fine_grained_average": 0.04250987060799253,
          "coarse_grained_average": 0.04250987060799253
        },
        "F1": {
          "max": 0.20750598863187403,
          "median": 0.20750598863187403,
          "fine_grained_average": 0.20750598863187403,
          "coarse_grained_average": 0.20750598863187403
        },
        "ROUGE-1": {
          "max": 0.0,
          "median": 0.0,
          "fine_grained_average": 0.0,
          "coarse_grained_average": 0.0
        },
        "ROUGE-2": {
          "max": 0.0,
          "median": 0.0,
          "fine_grained_average": 0.0,
          "coarse_grained_average": 0.0
        },
        "ROUGE-L": {
          "max": 0.0,
          "median": 0.0,
          "fine_grained_average": 0.0,
          "coarse_grained_average": 0.0
        },
        "ACC": {
          "max": 0.3288590604026846,
          "median": 0.3288590604026846,
          "fine_grained_average": 0.3288590604026846,
          "coarse_grained_average": 0.3288590604026846
        },
        "length": {
          "max": 149,
          "median": 149.0,
          "fine_grained_average": 149.0,
          "coarse_grained_average": 149.0
        }
      },
      "inference_MUL": {
        "BLEU": {
          "max": 0.005044007677679343,
          "median": 0.005044007677679343,
          "fine_grained_average": 0.005044007677679343,
          "coarse_grained_average": 0.005044007677679343
        },
        "F1": {
          "max": 0.030726819198646994,
          "median": 0.030726819198646994,
          "fine_grained_average": 0.030726819198646994,
          "coarse_grained_average": 0.030726819198646994
        },
        "ROUGE-1": {
          "max": 0.0,
          "median": 0.0,
          "fine_grained_average": 0.0,
          "coarse_grained_average": 0.0
        },
        "ROUGE-2": {
          "max": 0.0,
          "median": 0.0,
          "fine_grained_average": 0.0,
          "coarse_grained_average": 0.0
        },
        "ROUGE-L": {
          "max": 0.0,
          "median": 0.0,
          "fine_grained_average": 0.0,
          "coarse_grained_average": 0.0
        },
        "ACC": {
          "max": 0.03571428571428571,
          "median": 0.03571428571428571,
          "fine_grained_average": 0.03571428571428571,
          "coarse_grained_average": 0.03571428571428571
        },
        "length": {
          "max": 420,
          "median": 420.0,
          "fine_grained_average": 420.0,
          "coarse_grained_average": 420.0
        }
      },
      "math_MUL": {
        "BLEU": {
          "max": 0.02617309408336581,
          "median": 0.02617309408336581,
          "fine_grained_average": 0.02617309408336581,
          "coarse_grained_average": 0.02617309408336581
        },
        "F1": {
          "max": 0.15178536351223879,
          "median": 0.15178536351223879,
          "fine_grained_average": 0.15178536351223879,
          "coarse_grained_average": 0.15178536351223879
        },
        "ROUGE-1": {
          "max": 0.0,
          "median": 0.0,
          "fine_grained_average": 0.0,
          "coarse_grained_average": 0.0
        },
        "ROUGE-2": {
          "max": 0.0,
          "median": 0.0,
          "fine_grained_average": 0.0,
          "coarse_grained_average": 0.0
        },
        "ROUGE-L": {
          "max": 0.0,
          "median": 0.0,
          "fine_grained_average": 0.0,
          "coarse_grained_average": 0.0
        },
        "ACC": {
          "max": 0.17391304347826086,
          "median": 0.17391304347826086,
          "fine_grained_average": 0.17391304347826086,
          "coarse_grained_average": 0.17391304347826086
        },
        "length": {
          "max": 115,
          "median": 115.0,
          "fine_grained_average": 115.0,
          "coarse_grained_average": 115.0
        }
      },
      "real-world_MUL": {
        "BLEU": {
          "max": 0.03956034815699995,
          "median": 0.03956034815699995,
          "fine_grained_average": 0.03956034815699995,
          "coarse_grained_average": 0.03956034815699995
        },
        "F1": {
          "max": 0.22402890695573616,
          "median": 0.22402890695573616,
          "fine_grained_average": 0.22402890695573616,
          "coarse_grained_average": 0.22402890695573616
        },
        "ROUGE-1": {
          "max": 0.0,
          "median": 0.0,
          "fine_grained_average": 0.0,
          "coarse_grained_average": 0.0
        },
        "ROUGE-2": {
          "max": 0.0,
          "median": 0.0,
          "fine_grained_average": 0.0,
          "coarse_grained_average": 0.0
        },
        "ROUGE-L": {
          "max": 0.0,
          "median": 0.0,
          "fine_grained_average": 0.0,
          "coarse_grained_average": 0.0
        },
        "ACC": {
          "max": 0.2222222222222222,
          "median": 0.2222222222222222,
          "fine_grained_average": 0.2222222222222222,
          "coarse_grained_average": 0.2222222222222222
        },
        "length": {
          "max": 135,
          "median": 135.0,
          "fine_grained_average": 135.0,
          "coarse_grained_average": 135.0
        }
      },
      "science-qa_MUL": {
        "BLEU": {
          "max": 0.013041205917513657,
          "median": 0.013041205917513657,
          "fine_grained_average": 0.013041205917513657,
          "coarse_grained_average": 0.013041205917513657
        },
        "F1": {
          "max": 0.07692732907463351,
          "median": 0.07692732907463351,
          "fine_grained_average": 0.07692732907463351,
          "coarse_grained_average": 0.07692732907463351
        },
        "ROUGE-1": {
          "max": 0.0,
          "median": 0.0,
          "fine_grained_average": 0.0,
          "coarse_grained_average": 0.0
        },
        "ROUGE-2": {
          "max": 0.0,
          "median": 0.0,
          "fine_grained_average": 0.0,
          "coarse_grained_average": 0.0
        },
        "ROUGE-L": {
          "max": 0.0,
          "median": 0.0,
          "fine_grained_average": 0.0,
          "coarse_grained_average": 0.0
        },
        "ACC": {
          "max": 0.09917355371900827,
          "median": 0.09917355371900827,
          "fine_grained_average": 0.09917355371900827,
          "coarse_grained_average": 0.09917355371900827
        },
        "length": {
          "max": 121,
          "median": 121.0,
          "fine_grained_average": 121.0,
          "coarse_grained_average": 121.0
        }
      },
      "sentimental-analysis_MUL": {
        "BLEU": {
          "max": 0.01861740977148605,
          "median": 0.01861740977148605,
          "fine_grained_average": 0.01861740977148605,
          "coarse_grained_average": 0.01861740977148605
        },
        "F1": {
          "max": 0.10651695874262734,
          "median": 0.10651695874262734,
          "fine_grained_average": 0.10651695874262734,
          "coarse_grained_average": 0.10651695874262734
        },
        "ROUGE-1": {
          "max": 0.0,
          "median": 0.0,
          "fine_grained_average": 0.0,
          "coarse_grained_average": 0.0
        },
        "ROUGE-2": {
          "max": 0.0,
          "median": 0.0,
          "fine_grained_average": 0.0,
          "coarse_grained_average": 0.0
        },
        "ROUGE-L": {
          "max": 0.0,
          "median": 0.0,
          "fine_grained_average": 0.0,
          "coarse_grained_average": 0.0
        },
        "ACC": {
          "max": 0.12173913043478261,
          "median": 0.12173913043478261,
          "fine_grained_average": 0.12173913043478261,
          "coarse_grained_average": 0.12173913043478261
        },
        "length": {
          "max": 115,
          "median": 115.0,
          "fine_grained_average": 115.0,