{
  "calculate": {
    "groups": {
      "factual-qa_QA": {
        "BLEU": {
          "max": 0.0010367807683749153,
          "median": 0.0010367807683749153,
          "fine_grained_average": 0.0010367807683749153,
          "coarse_grained_average": 0.0010367807683749153
        },
        "F1": {
          "max": 0.05655442955214122,
          "median": 0.05655442955214122,
          "fine_grained_average": 0.05655442955214122,
          "coarse_grained_average": 0.05655442955214122
        },
        "ROUGE-1": {
          "max": 0.05655442823296353,
          "median": 0.05655442823296353,
          "fine_grained_average": 0.05655442823296353,
          "coarse_grained_average": 0.05655442823296353
        },
        "ROUGE-2": {
          "max": 0.01776384475158572,
          "median": 0.01776384475158572,
          "fine_grained_average": 0.01776384475158572,
          "coarse_grained_average": 0.01776384475158572
        },
        "ROUGE-L": {
          "max": 0.05070647501658928,
          "median": 0.05070647501658928,
          "fine_grained_average": 0.05070647501658928,
          "coarse_grained_average": 0.05070647501658928
        },
        "ACC-prefix": {
          "max": 0.0,
          "median": 0.0,
          "fine_grained_average": 0.0,
          "coarse_grained_average": 0.0
        },
        "ACC-in": {
          "max": 0.1111111111111111,
          "median": 0.1111111111111111,
          "fine_grained_average": 0.1111111111111111,
          "coarse_grained_average": 0.1111111111111111
        },
        "length": {
          "max": 9,
          "median": 9.0,
          "fine_grained_average": 9.0,
          "coarse_grained_average": 9.0
        }
      },
      "logic_QA": {
        "BLEU": {
          "max": 0.0016608620644867585,
          "median": 0.0016608620644867585,
          "fine_grained_average": 0.0016608620644867585,
          "coarse_grained_average": 0.0016608620644867585
        },
        "F1": {
          "max": 0.1935149094618857,
          "median": 0.1935149094618857,
          "fine_grained_average": 0.1935149094618857,
          "coarse_grained_average": 0.1935149094618857
        },
        "ROUGE-1": {
          "max": 0.19351490834569646,
          "median": 0.19351490834569646,
          "fine_grained_average": 0.19351490834569646,
          "coarse_grained_average": 0.19351490834569646
        },
        "ROUGE-2": {
          "max": 0.01118978516013858,
          "median": 0.01118978516013858,
          "fine_grained_average": 0.01118978516013858,
          "coarse_grained_average": 0.01118978516013858
        },
        "ROUGE-L": {
          "max": 0.06482355531483841,
          "median": 0.06482355531483841,
          "fine_grained_average": 0.06482355531483841,
          "coarse_grained_average": 0.06482355531483841
        },
        "ACC-prefix": {
          "max": 0.0,
          "median": 0.0,
          "fine_grained_average": 0.0,
          "coarse_grained_average": 0.0
        },
        "ACC-in": {
          "max": 0.0,
          "median": 0.0,
          "fine_grained_average": 0.0,
          "coarse_grained_average": 0.0
        },
        "length": {
          "max": 83,
          "median": 83.0,
          "fine_grained_average": 83.0,
          "coarse_grained_average": 83.0
        }
      },
      "real-world_QA": {
        "BLEU": {
          "max": 0.0,
          "median": 0.0,
          "fine_grained_average": 0.0,
          "coarse_grained_average": 0.0
        },
        "F1": {
          "max": 0.0,
          "median": 0.0,
          "fine_grained_average": 0.0,
          "coarse_grained_average": 0.0
        },
        "ROUGE-1": {
          "max": 0.0,
          "median": 0.0,
          "fine_grained_average": 0.0,
          "coarse_grained_average": 0.0
        },
        "ROUGE-2": {
          "max": 0.0,
          "median": 0.0,
          "fine_grained_average": 0.0,
          "coarse_grained_average": 0.0
        },
        "ROUGE-L": {
          "max": 0.0,
          "median": 0.0,
          "fine_grained_average": 0.0,
          "coarse_grained_average": 0.0
        },
        "ACC-prefix": {
          "max": 0.0,
          "median": 0.0,
          "fine_grained_average": 0.0,
          "coarse_grained_average": 0.0
        },
        "ACC-in": {
          "max": 0.010526315789473684,
          "median": 0.010526315789473684,
          "fine_grained_average": 0.010526315789473684,
          "coarse_grained_average": 0.010526315789473684
        },
        "length": {
          "max": 190,
          "median": 190.0,
          "fine_grained_average": 190.0,
          "coarse_grained_average": 190.0
        }
      }
    },
    "overall": {
      "BLEU": {
        "max": 0.0016608620644867585,
        "median": 0.0010367807683749153,
        "fine_grained_average": 0.0005219240364105504,
        "coarse_grained_average": 0.0008992142776205579
      },
      "F1": {
        "max": 0.1935149094618857,
        "median": 0.05655442955214122,
        "fine_grained_average": 0.05876144450817654,
        "coarse_grained_average": 0.08335644633800898
      },
      "ROUGE-1": {
        "max": 0.19351490834569646,
        "median": 0.05655442823296353,
        "fine_grained_average": 0.05876144413755134,
        "coarse_grained_average": 0.08335644552622
      },
      "ROUGE-2": {
        "max": 0.01776384475158572,
        "median": 0.01118978516013858,
        "fine_grained_average": 0.0038603786207651552,
        "coarse_grained_average": 0.009651209970574767
      },
      "ROUGE-L": {
        "max": 0.06482355531483841,
        "median": 0.05070647501658928,
        "fine_grained_average": 0.020697565128655643,
        "coarse_grained_average": 0.0385100101104759
      },
      "ACC-prefix": {
        "max": 0.0,
        "median": 0.0,
        "fine_grained_average": 0.0,
        "coarse_grained_average": 0.0
      },
      "ACC-in": {
        "max": 0.1111111111111111,
        "median": 0.010526315789473684,
        "fine_grained_average": 0.010638297872340425,
        "coarse_grained_average": 0.0405458089668616
      },
      "length": {
        "max": 190,
        "median": 83.0,
        "fine_grained_average": 152.7304964539007,
        "coarse_grained_average": 94.0
      }
    }
  },
  "results": {
    "factual-qa_QA": {
      "factual-qa_QA.jsonl": {
        "BLEU": 0.0010367807683749153,
        "F1": 0.05655442955214122,
        "ROUGE-1": 0.05655442823296353,
        "ROUGE-2": 0.01776384475158572,
        "ROUGE-L": 0.05070647501658928,
        "ACC-prefix": 0.0,
        "ACC-in": 0.1111111111111111,
        "length": 9
      }
    },
    "logic_QA": {
      "logic_QA.jsonl": {
        "BLEU": 0.0016608620644867585,
        "F1": 0.1935149094618857,
        "ROUGE-1": 0.19351490834569646,
        "ROUGE-2": 0.01118978516013858,
        "ROUGE-L": 0.06482355531483841,
        "ACC-prefix": 0.0,
        "ACC-in": 0.0,
        "length": 83
      }
    },
    "real-world_QA": {
      "real-world_QA.jsonl": {
        "BLEU": 0.0,
        "F1": 0.0,
        "ROUGE-1": 0.0,
        "ROUGE-2": 0.0,
        "ROUGE-L": 0.0,
        "ACC-prefix": 0.0,
        "ACC-in": 0.010526315789473684,
        "length": 190
      }
    }
  }
}