{
  "BLEU": 0.020950038986085426,
  "F1": 0.05420304742338641,
  "ROUGE-1": 0.04755178866924305,
  "ROUGE-2": 0.010430247634139004,
  "ROUGE-L": 0.04233194096920958,
  "ACC-prefix": 0.01694915254237288,
  "ACC-in": 0.01694915254237288,
  "length": 59
}