{
  "BLEU": 0.024163423395595813,
  "F1": 0.1564306468133312,
  "ROUGE-1": 0.15529849268161214,
  "ROUGE-2": 0.0339278635553706,
  "ROUGE-L": 0.13988072589759198,
  "ACC-prefix": 0.0064516129032258064,
  "ACC-in": 0.012903225806451613,
  "length": 155
}