{
  "BLEU": 0.2244207167808906,
  "F1": 0.5969972693488723,
  "ROUGE-1": 0.5969972657809276,
  "ROUGE-2": 0.3274640774884873,
  "ROUGE-L": 0.5926077515389163,
  "ACC-prefix": 0.5466666666666666,
  "ACC-in": 0.7466666666666667,
  "length": 150
}