{
  "BLEU": 0.05849475541830824,
  "F1": 0.2785714285714286,
  "ROUGE-1": 0.2785714267952381,
  "ROUGE-2": 0.0,
  "ROUGE-L": 0.2785714267952381,
  "ACC-prefix": 0.4107142857142857,
  "ACC-in": 0.4107142857142857,
  "length": 112
}