{
  "BLEU": 0.03661548353551495,
  "F1": 0.1347931873479319,
  "ROUGE-1": 0.1347931864310219,
  "ROUGE-2": 0.04014598518248175,
  "ROUGE-L": 0.1347931864310219,
  "ACC-prefix": 0.10948905109489052,
  "ACC-in": 0.11678832116788321,
  "length": 137
}