{
  "BLEU": 0.07978846454794146,
  "F1": 0.2964389220015686,
  "ROUGE-1": 0.2971439405764993,
  "ROUGE-2": 0.12874103300332718,
  "ROUGE-L": 0.27867228816906103,
  "ACC-prefix": 0.32,
  "ACC-in": 0.58,
  "length": 150
}