{
  "BLEU": 0.004260748422546449,
  "F1": 0.03702277007361753,
  "ROUGE-1": 0.02024482084438429,
  "ROUGE-2": 0.0,
  "ROUGE-L": 0.018832391481743045,
  "ACC-prefix": 0.0,
  "ACC-in": 0.01694915254237288,
  "length": 59
}