{
  "BLEU": 0.024492610376295045,
  "F1": 0.12444926935913149,
  "ROUGE-1": 0.14047812220232472,
  "ROUGE-2": 0.0,
  "ROUGE-L": 0.13154395874766348,
  "ACC-prefix": 0.16964285714285715,
  "ACC-in": 0.2857142857142857,
  "length": 112
}