{
  "BLEU": 0.00999657374427813,
  "F1": 0.08434036294476369,
  "ROUGE-1": 0.0833795308504997,
  "ROUGE-2": 0.0118846256499624,
  "ROUGE-L": 0.06749334405097082,
  "ACC-prefix": 0.0,
  "ACC-in": 0.0064516129032258064,
  "length": 155
}