{
  "BLEU": 0.0008684479579497328,
  "F1": 0.007870813397129186,
  "ROUGE-1": 0.007870813302060135,
  "ROUGE-2": 0.0,
  "ROUGE-L": 0.007870813302060135,
  "ACC-prefix": 0.0,
  "ACC-in": 0.015789473684210527,
  "length": 190
}