{
  "BLEU": 0.010769134878227574,
  "F1": 0.09078613303789873,
  "ROUGE-1": 0.09078613197123886,
  "ROUGE-2": 0.0473251022306051,
  "ROUGE-L": 0.06013479097507027,
  "ACC-prefix": 0.0,
  "ACC-in": 0.0,
  "length": 9
}