{
  "BLEU": 0.016206335218725155,
  "F1": 0.10216523975211365,
  "ROUGE-1": 0.10216523910545176,
  "ROUGE-2": 0.02706734740285102,
  "ROUGE-L": 0.07005514403613064,
  "ACC-prefix": 0.0,
  "ACC-in": 0.012048192771084338,
  "length": 83
}