{
  "BLEU": 0.0001606013565659483,
  "F1": 0.04127272144548159,
  "ROUGE-1": 0.0,
  "ROUGE-2": 0.0,
  "ROUGE-L": 0.0,
  "ACC": 0.20610687022900764,
  "length": 131
}