{
  "BLEU": 0.00013888913492475586,
  "F1": 0.018101038617167647,
  "ROUGE-1": 0.0,
  "ROUGE-2": 0.0,
  "ROUGE-L": 0.0,
  "ACC": 0.392,
  "length": 125
}