{
  "BLEU": 9.157707019817797e-05,
  "F1": 0.010968275263704433,
  "ROUGE-1": 0.0,
  "ROUGE-2": 0.0,
  "ROUGE-L": 0.0,
  "ACC": 0.10141509433962265,
  "length": 424
}