{
  "BLEU": 0.0003200305359612468,
  "F1": 0.07014311701837057,
  "ROUGE-1": 0.0,
  "ROUGE-2": 0.0,
  "ROUGE-L": 0.0,
  "ACC": 0.17647058823529413,
  "length": 153
}