{
  "BLEU": 0.02491769497008192,
  "F1": 0.14113058479385954,
  "ROUGE-1": 0.0,
  "ROUGE-2": 0.0,
  "ROUGE-L": 0.0,
  "ACC": 0.49,
  "length": 100
}