{
  "BLEU": 0.005214879315805533,
  "F1": 0.0493519845099005,
  "ROUGE-1": 0.0,
  "ROUGE-2": 0.0,
  "ROUGE-L": 0.0,
  "ACC": 0.11403508771929824,
  "length": 114
}