{
  "BLEU": 0.001635555237524938,
  "F1": 0.06674262524702407,
  "ROUGE-1": 0.0,
  "ROUGE-2": 0.0,
  "ROUGE-L": 0.0,
  "ACC": 0.2809917355371901,
  "length": 121
}