{
  "calculate": {
    "groups": {
      "K12_MUL": {
        "BLEU": {
          "max": 0.020536670325489118,
          "median": 0.020536670325489118,
          "fine_grained_average": 0.020536670325489118,
          "coarse_grained_average": 0.020536670325489118
        },
        "F1": {
          "max": 0.09328165374677003,
          "median": 0.09328165374677003,
          "fine_grained_average": 0.09328165374677003,
          "coarse_grained_average": 0.09328165374677003
        },
        "ROUGE-1": {
          "max": 0.0,
          "median": 0.0,
          "fine_grained_average": 0.0,
          "coarse_grained_average": 0.0
        },
        "ROUGE-2": {
          "max": 0.0,
          "median": 0.0,
          "fine_grained_average": 0.0,
          "coarse_grained_average": 0.0
        },
        "ROUGE-L": {
          "max": 0.0,
          "median": 0.0,
          "fine_grained_average": 0.0,
          "coarse_grained_average": 0.0
        },
        "ACC": {
          "max": 0.14573643410852713,
          "median": 0.14573643410852713,
          "fine_grained_average": 0.14573643410852713,
          "coarse_grained_average": 0.14573643410852713
        },
        "length": {
          "max": 645,
          "median": 645.0,
          "fine_grained_average": 645.0,
          "coarse_grained_average": 645.0
        }
      },
      "chinese-gov-test_MUL": {
        "BLEU": {
          "max": 0.01394532783034552,
          "median": 0.01394532783034552,
          "fine_grained_average": 0.01394532783034552,
          "coarse_grained_average": 0.01394532783034552
        },
        "F1": {
          "max": 0.06533191980495902,
          "median": 0.06533191980495902,
          "fine_grained_average": 0.06533191980495902,
          "coarse_grained_average": 0.06533191980495902
        },
        "ROUGE-1": {
          "max": 0.0,
          "median": 0.0,
          "fine_grained_average": 0.0,
          "coarse_grained_average": 0.0
        },
        "ROUGE-2": {
          "max": 0.0,
          "median": 0.0,
          "fine_grained_average": 0.0,
          "coarse_grained_average": 0.0
        },
        "ROUGE-L": {
          "max": 0.0,
          "median": 0.0,
          "fine_grained_average": 0.0,
          "coarse_grained_average": 0.0
        },
        "ACC": {
          "max": 0.12418300653594772,
          "median": 0.12418300653594772,
          "fine_grained_average": 0.12418300653594772,
          "coarse_grained_average": 0.12418300653594772
        },
        "length": {
          "max": 153,
          "median": 153.0,
          "fine_grained_average": 153.0,
          "coarse_grained_average": 153.0
        }
      }
    },
    "overall": {
      "BLEU": {
        "max": 0.020536670325489118,
        "median": 0.01724099907791732,
        "fine_grained_average": 0.019272916689202186,
        "coarse_grained_average": 0.01724099907791732
      },
      "F1": {
        "max": 0.09328165374677003,
        "median": 0.07930678677586453,
        "fine_grained_average": 0.08792287017146039,
        "coarse_grained_average": 0.07930678677586453
      },
      "ROUGE-1": {
        "max": 0.0,
        "median": 0.0,
        "fine_grained_average": 0.0,
        "coarse_grained_average": 0.0
      },
      "ROUGE-2": {
        "max": 0.0,
        "median": 0.0,
        "fine_grained_average": 0.0,
        "coarse_grained_average": 0.0
      },
      "ROUGE-L": {
        "max": 0.0,
        "median": 0.0,
        "fine_grained_average": 0.0,
        "coarse_grained_average": 0.0
      },
      "ACC": {
        "max": 0.14573643410852713,
        "median": 0.1349597203222374,
        "fine_grained_average": 0.14160401002506265,
        "coarse_grained_average": 0.1349597203222374
      },
      "length": {
        "max": 645,
        "median": 399.0,
        "fine_grained_average": 550.6691729323309,
        "coarse_grained_average": 399.0
      }
    }
  },
  "results": {
    "K12_MUL": {
      "K12_MUL.jsonl": {
        "BLEU": 0.020536670325489118,
        "F1": 0.09328165374677003,
        "ROUGE-1": 0.0,
        "ROUGE-2": 0.0,
        "ROUGE-L": 0.0,
        "ACC": 0.14573643410852713,
        "length": 645
      }
    },
    "chinese-gov-test_MUL": {
      "chinese-gov-test_MUL.jsonl": {
        "BLEU": 0.01394532783034552,
        "F1": 0.06533191980495902,
        "ROUGE-1": 0.0,
        "ROUGE-2": 0.0,
        "ROUGE-L": 0.0,
        "ACC": 0.12418300653594772,
        "length": 153
      }
    }
  }
}