{
  "calculate": {
    "groups": {
      "K12_MUL": {
        "BLEU": {
          "max": 0.024932474880070044,
          "median": 0.024932474880070044,
          "fine_grained_average": 0.024932474880070044,
          "coarse_grained_average": 0.024932474880070044
        },
        "F1": {
          "max": 0.1441257609115193,
          "median": 0.1441257609115193,
          "fine_grained_average": 0.1441257609115193,
          "coarse_grained_average": 0.1441257609115193
        },
        "ROUGE-1": {
          "max": 0.0,
          "median": 0.0,
          "fine_grained_average": 0.0,
          "coarse_grained_average": 0.0
        },
        "ROUGE-2": {
          "max": 0.0,
          "median": 0.0,
          "fine_grained_average": 0.0,
          "coarse_grained_average": 0.0
        },
        "ROUGE-L": {
          "max": 0.0,
          "median": 0.0,
          "fine_grained_average": 0.0,
          "coarse_grained_average": 0.0
        },
        "ACC": {
          "max": 0.39689922480620154,
          "median": 0.39689922480620154,
          "fine_grained_average": 0.39689922480620154,
          "coarse_grained_average": 0.39689922480620154
        },
        "length": {
          "max": 645,
          "median": 645.0,
          "fine_grained_average": 645.0,
          "coarse_grained_average": 645.0
        }
      },
      "chinese-gov-test_MUL": {
        "BLEU": {
          "max": 0.016809993336217105,
          "median": 0.016809993336217105,
          "fine_grained_average": 0.016809993336217105,
          "coarse_grained_average": 0.016809993336217105
        },
        "F1": {
          "max": 0.09582836433714628,
          "median": 0.09582836433714628,
          "fine_grained_average": 0.09582836433714628,
          "coarse_grained_average": 0.09582836433714628
        },
        "ROUGE-1": {
          "max": 0.0,
          "median": 0.0,
          "fine_grained_average": 0.0,
          "coarse_grained_average": 0.0
        },
        "ROUGE-2": {
          "max": 0.0,
          "median": 0.0,
          "fine_grained_average": 0.0,
          "coarse_grained_average": 0.0
        },
        "ROUGE-L": {
          "max": 0.0,
          "median": 0.0,
          "fine_grained_average": 0.0,
          "coarse_grained_average": 0.0
        },
        "ACC": {
          "max": 0.29411764705882354,
          "median": 0.29411764705882354,
          "fine_grained_average": 0.29411764705882354,
          "coarse_grained_average": 0.29411764705882354
        },
        "length": {
          "max": 153,
          "median": 153.0,
          "fine_grained_average": 153.0,
          "coarse_grained_average": 153.0
        }
      }
    },
    "overall": {
      "BLEU": {
        "max": 0.024932474880070044,
        "median": 0.020871234108143573,
        "fine_grained_average": 0.023375156990083204,
        "coarse_grained_average": 0.020871234108143573
      },
      "F1": {
        "max": 0.1441257609115193,
        "median": 0.11997706262433279,
        "fine_grained_average": 0.13486573374876357,
        "coarse_grained_average": 0.11997706262433279
      },
      "ROUGE-1": {
        "max": 0.0,
        "median": 0.0,
        "fine_grained_average": 0.0,
        "coarse_grained_average": 0.0
      },
      "ROUGE-2": {
        "max": 0.0,
        "median": 0.0,
        "fine_grained_average": 0.0,
        "coarse_grained_average": 0.0
      },
      "ROUGE-L": {
        "max": 0.0,
        "median": 0.0,
        "fine_grained_average": 0.0,
        "coarse_grained_average": 0.0
      },
      "ACC": {
        "max": 0.39689922480620154,
        "median": 0.34550843593251257,
        "fine_grained_average": 0.37719298245614036,
        "coarse_grained_average": 0.34550843593251257
      },
      "length": {
        "max": 645,
        "median": 399.0,
        "fine_grained_average": 550.6691729323309,
        "coarse_grained_average": 399.0
      }
    }
  },
  "results": {
    "K12_MUL": {
      "K12_MUL.jsonl": {
        "BLEU": 0.024932474880070044,
        "F1": 0.1441257609115193,
        "ROUGE-1": 0.0,
        "ROUGE-2": 0.0,
        "ROUGE-L": 0.0,
        "ACC": 0.39689922480620154,
        "length": 645
      }
    },
    "chinese-gov-test_MUL": {
      "chinese-gov-test_MUL.jsonl": {
        "BLEU": 0.016809993336217105,
        "F1": 0.09582836433714628,
        "ROUGE-1": 0.0,
        "ROUGE-2": 0.0,
        "ROUGE-L": 0.0,
        "ACC": 0.29411764705882354,
        "length": 153
      }
    }
  }
}