{
  "BLEU": 0.01780063774926402,
  "F1": 0.10180471737775612,
  "ROUGE-1": 0.0,
  "ROUGE-2": 0.0,
  "ROUGE-L": 0.0,
  "ACC": 0.16037735849056603,
  "length": 424
}