{
  "BLEU": 0.019388517120290515,
  "F1": 0.10164717611605621,
  "ROUGE-1": 0.0,
  "ROUGE-2": 0.0,
  "ROUGE-L": 0.0,
  "ACC": 0.2631578947368421,
  "length": 114
}