{
  "BLEU": 0.012692458649515346,
  "F1": 0.06812282415132924,
  "ROUGE-1": 0.0,
  "ROUGE-2": 0.0,
  "ROUGE-L": 0.0,
  "ACC": 0.28104575163398693,
  "length": 153
}