{
  "BLEU": 0.020209299142082013,
  "F1": 0.11617908711158662,
  "ROUGE-1": 0.0,
  "ROUGE-2": 0.0,
  "ROUGE-L": 0.0,
  "ACC": 0.33884297520661155,
  "length": 121
}