{
  "BLEU": 0.01648165527254564,
  "F1": 0.08906666666666667,
  "ROUGE-1": 0.0,
  "ROUGE-2": 0.0,
  "ROUGE-L": 0.0,
  "ACC": 0.232,
  "length": 125
}