{
  "BLEU": 0.018648783669082656,
  "F1": 0.10770082958003928,
  "ROUGE-1": 0.0,
  "ROUGE-2": 0.0,
  "ROUGE-L": 0.0,
  "ACC": 0.45038167938931295,
  "length": 131
}