{
  "calculate": {
    "groups": {
      "K12_QA": {
        "BLEU": {
          "max": 0.01749087004509476,
          "median": 0.01749087004509476,
          "fine_grained_average": 0.01749087004509476,
          "coarse_grained_average": 0.01749087004509476
        },
        "F1": {
          "max": 0.11665109903007774,
          "median": 0.11665109903007774,
          "fine_grained_average": 0.11665109903007774,
          "coarse_grained_average": 0.11665109903007774
        },
        "ROUGE-1": {
          "max": 0.11884430628075579,
          "median": 0.11884430628075579,
          "fine_grained_average": 0.11884430628075579,
          "coarse_grained_average": 0.11884430628075579
        },
        "ROUGE-2": {
          "max": 0.022284607673845522,
          "median": 0.022284607673845522,
          "fine_grained_average": 0.022284607673845522,
          "coarse_grained_average": 0.022284607673845522
        },
        "ROUGE-L": {
          "max": 0.09876726784825235,
          "median": 0.09876726784825235,
          "fine_grained_average": 0.09876726784825235,
          "coarse_grained_average": 0.09876726784825235
        },
        "ACC-prefix": {
          "max": 0.0,
          "median": 0.0,
          "fine_grained_average": 0.0,
          "coarse_grained_average": 0.0
        },
        "ACC-in": {
          "max": 0.0,
          "median": 0.0,
          "fine_grained_average": 0.0,
          "coarse_grained_average": 0.0
        },
        "length": {
          "max": 185,
          "median": 185.0,
          "fine_grained_average": 185.0,
          "coarse_grained_average": 185.0
        }
      }
    },
    "overall": {
      "BLEU": {
        "max": 0.01749087004509476,
        "median": 0.01749087004509476,
        "fine_grained_average": 0.01749087004509476,
        "coarse_grained_average": 0.01749087004509476
      },
      "F1": {
        "max": 0.11665109903007774,
        "median": 0.11665109903007774,
        "fine_grained_average": 0.11665109903007774,
        "coarse_grained_average": 0.11665109903007774
      },
      "ROUGE-1": {
        "max": 0.11884430628075579,
        "median": 0.11884430628075579,
        "fine_grained_average": 0.11884430628075579,
        "coarse_grained_average": 0.11884430628075579
      },
      "ROUGE-2": {
        "max": 0.022284607673845522,
        "median": 0.022284607673845522,
        "fine_grained_average": 0.022284607673845522,
        "coarse_grained_average": 0.022284607673845522
      },
      "ROUGE-L": {
        "max": 0.09876726784825235,
        "median": 0.09876726784825235,
        "fine_grained_average": 0.09876726784825235,
        "coarse_grained_average": 0.09876726784825235
      },
      "ACC-prefix": {
        "max": 0.0,
        "median": 0.0,
        "fine_grained_average": 0.0,
        "coarse_grained_average": 0.0
      },
      "ACC-in": {
        "max": 0.0,
        "median": 0.0,
        "fine_grained_average": 0.0,
        "coarse_grained_average": 0.0
      },
      "length": {
        "max": 185,
        "median": 185.0,
        "fine_grained_average": 185.0,
        "coarse_grained_average": 185.0
      }
    }
  },
  "results": {
    "K12_QA": {
      "K12_QA.jsonl": {
        "BLEU": 0.01749087004509476,
        "F1": 0.11665109903007774,
        "ROUGE-1": 0.11884430628075579,
        "ROUGE-2": 0.022284607673845522,
        "ROUGE-L": 0.09876726784825235,
        "ACC-prefix": 0.0,
        "ACC-in": 0.0,
        "length": 185
      }
    }
  }
}