{
  "BLEU": 0.006097521308541238,
  "F1": 0.09430784355379762,
  "ROUGE-1": 0.09430784292218138,
  "ROUGE-2": 0.00946578961695415,
  "ROUGE-L": 0.05186280469401062,
  "ACC-prefix": 0.0,
  "ACC-in": 0.0,
  "length": 83
}