{
  "BLEU": 0.008309477747463805,
  "F1": 0.0788224121557455,
  "ROUGE-1": 0.07882241120571264,
  "ROUGE-2": 0.013888888333333356,
  "ROUGE-L": 0.06647673219336696,
  "ACC-prefix": 0.0,
  "ACC-in": 0.0,
  "length": 9
}