{
  "BLEU": 0.0062921169990041905,
  "F1": 0.025789473684210522,
  "ROUGE-1": 0.025789473401578954,
  "ROUGE-2": 0.0,
  "ROUGE-L": 0.025789473401578954,
  "ACC-prefix": 0.0,
  "ACC-in": 0.005263157894736842,
  "length": 190
}