{
  "calculate": {
    "groups": {
      "math_MATH": {
        "BLEU": {
          "max": 0.0026290178012719576,
          "median": 0.0026290178012719576,
          "fine_grained_average": 0.0026290178012719576,
          "coarse_grained_average": 0.0026290178012719576
        },
        "F1": {
          "max": 0.013468013468013467,
          "median": 0.013468013468013467,
          "fine_grained_average": 0.013468013468013467,
          "coarse_grained_average": 0.013468013468013467
        },
        "ROUGE-1": {
          "max": 0.018939393830492424,
          "median": 0.018939393830492424,
          "fine_grained_average": 0.018939393830492424,
          "coarse_grained_average": 0.018939393830492424
        },
        "ROUGE-2": {
          "max": 0.0,
          "median": 0.0,
          "fine_grained_average": 0.0,
          "coarse_grained_average": 0.0
        },
        "ROUGE-L": {
          "max": 0.018939393830492424,
          "median": 0.018939393830492424,
          "fine_grained_average": 0.018939393830492424,
          "coarse_grained_average": 0.018939393830492424
        },
        "ACC": {
          "max": 0.06060606060606061,
          "median": 0.06060606060606061,
          "fine_grained_average": 0.06060606060606061,
          "coarse_grained_average": 0.06060606060606061
        },
        "length": {
          "max": 66,
          "median": 66.0,
          "fine_grained_average": 66.0,
          "coarse_grained_average": 66.0
        }
      }
    },
    "overall": {
      "BLEU": {
        "max": 0.0026290178012719576,
        "median": 0.0026290178012719576,
        "fine_grained_average": 0.0026290178012719576,
        "coarse_grained_average": 0.0026290178012719576
      },
      "F1": {
        "max": 0.013468013468013467,
        "median": 0.013468013468013467,
        "fine_grained_average": 0.013468013468013467,
        "coarse_grained_average": 0.013468013468013467
      },
      "ROUGE-1": {
        "max": 0.018939393830492424,
        "median": 0.018939393830492424,
        "fine_grained_average": 0.018939393830492424,
        "coarse_grained_average": 0.018939393830492424
      },
      "ROUGE-2": {
        "max": 0.0,
        "median": 0.0,
        "fine_grained_average": 0.0,
        "coarse_grained_average": 0.0
      },
      "ROUGE-L": {
        "max": 0.018939393830492424,
        "median": 0.018939393830492424,
        "fine_grained_average": 0.018939393830492424,
        "coarse_grained_average": 0.018939393830492424
      },
      "ACC": {
        "max": 0.06060606060606061,
        "median": 0.06060606060606061,
        "fine_grained_average": 0.06060606060606061,
        "coarse_grained_average": 0.06060606060606061
      },
      "length": {
        "max": 66,
        "median": 66.0,
        "fine_grained_average": 66.0,
        "coarse_grained_average": 66.0
      }
    }
  },
  "results": {
    "math_MATH": {
      "math_MATH.jsonl": {
        "BLEU": 0.0026290178012719576,
        "F1": 0.013468013468013467,
        "ROUGE-1": 0.018939393830492424,
        "ROUGE-2": 0.0,
        "ROUGE-L": 0.018939393830492424,
        "ACC": 0.06060606060606061,
        "length": 66
      }
    }
  }
}