{
  "BLEU": 0.009536826307249443,
  "F1": 0.054046390419325435,
  "ROUGE-1": 0.0,
  "ROUGE-2": 0.0,
  "ROUGE-L": 0.0,
  "ACC": 0.09457364341085271,
  "length": 645
}