{
  "BLEU": 0.012845714112530717,
  "F1": 0.07275418560990704,
  "ROUGE-1": 0.0,
  "ROUGE-2": 0.0,
  "ROUGE-L": 0.0,
  "ACC": 0.09803921568627451,
  "length": 153
}