{
  "BLEU": 0.019323433855618723,
  "F1": 0.09546058879392212,
  "ROUGE-1": 0.0,
  "ROUGE-2": 0.0,
  "ROUGE-L": 0.0,
  "ACC": 0.2074074074074074,
  "length": 135
}