{
  "BLEU": 0.03171420616352415,
  "F1": 0.15162039735540495,
  "ROUGE-1": 0.0,
  "ROUGE-2": 0.0,
  "ROUGE-L": 0.0,
  "ACC": 0.40939597315436244,
  "length": 149
}