{
  "BLEU": 0.03622173273041856,
  "F1": 0.17433509251691068,
  "ROUGE-1": 0.0,
  "ROUGE-2": 0.0,
  "ROUGE-L": 0.0,
  "ACC": 0.3884297520661157,
  "length": 121
}