{
  "BLEU": 0.00566841747025796,
  "F1": 0.026086956521739126,
  "ROUGE-1": 0.0,
  "ROUGE-2": 0.0,
  "ROUGE-L": 0.0,
  "ACC": 0.05217391304347826,
  "length": 115
}