{
  "BLEU": 0.014111435234181085,
  "F1": 0.07707111560498821,
  "ROUGE-1": 0.0,
  "ROUGE-2": 0.0,
  "ROUGE-L": 0.0,
  "ACC": 0.16521739130434782,
  "length": 115
}