{
  "BLEU": 0.009957843078783037,
  "F1": 0.05568426137613811,
  "ROUGE-1": 0.0,
  "ROUGE-2": 0.0,
  "ROUGE-L": 0.0,
  "ACC": 0.12857142857142856,
  "length": 420
}