{
  "BLEU": 0.24226812024939737,
  "F1": 0.5951739020278032,
  "ROUGE-1": 0.5951738982726756,
  "ROUGE-2": 0.32996269860732447,
  "ROUGE-L": 0.5924987551155565,
  "ACC-prefix": 0.54,
  "ACC-in": 0.8533333333333334,
  "length": 150
}