{
  "BLEU": 0.04146825736808738,
  "F1": 0.19047619047619047,
  "ROUGE-1": 0.19047618913492065,
  "ROUGE-2": 0.0,
  "ROUGE-L": 0.19047618913492065,
  "ACC-prefix": 0.3392857142857143,
  "ACC-in": 0.3392857142857143,
  "length": 112
}