{
  "BLEU": 0.018966201083460768,
  "F1": 0.08401570181231198,
  "ROUGE-1": 0.06604788754331238,
  "ROUGE-2": 0.006163328113181118,
  "ROUGE-L": 0.06416464837507634,
  "ACC-prefix": 0.03389830508474576,
  "ACC-in": 0.05084745762711865,
  "length": 59
}