{
  "BLEU": 0.026084291214523665,
  "F1": 0.15718786647468666,
  "ROUGE-1": 0.1575085018301018,
  "ROUGE-2": 0.03559670359039061,
  "ROUGE-L": 0.14607118020061635,
  "ACC-prefix": 0.0,
  "ACC-in": 0.0064516129032258064,
  "length": 155
}