{
  "BLEU": 0.015323878875403962,
  "F1": 0.06180048661800486,
  "ROUGE-1": 0.06180048610997567,
  "ROUGE-2": 0.0,
  "ROUGE-L": 0.06180048610997567,
  "ACC-prefix": 0.06569343065693431,
  "ACC-in": 0.06569343065693431,
  "length": 137
}