{
  "calculate": {
    "groups": {
      "factual-qa_QA": {
        "BLEU": {
          "max": 0.022071086467100112,
          "median": 0.022071086467100112,
          "fine_grained_average": 0.022071086467100112,
          "coarse_grained_average": 0.022071086467100112
        },
        "F1": {
          "max": 0.1423283220419437,
          "median": 0.1423283220419437,
          "fine_grained_average": 0.1423283220419437,
          "coarse_grained_average": 0.1423283220419437
        },
        "ROUGE-1": {
          "max": 0.14117363011563186,
          "median": 0.14117363011563186,
          "fine_grained_average": 0.14117363011563186,
          "coarse_grained_average": 0.14117363011563186
        },
        "ROUGE-2": {
          "max": 0.02800019838700223,
          "median": 0.02800019838700223,
          "fine_grained_average": 0.02800019838700223,
          "coarse_grained_average": 0.02800019838700223
        },
        "ROUGE-L": {
          "max": 0.1288983325009513,
          "median": 0.1288983325009513,
          "fine_grained_average": 0.1288983325009513,
          "coarse_grained_average": 0.1288983325009513
        },
        "ACC-prefix": {
          "max": 0.0064516129032258064,
          "median": 0.0064516129032258064,
          "fine_grained_average": 0.0064516129032258064,
          "coarse_grained_average": 0.0064516129032258064
        },
        "ACC-in": {
          "max": 0.012903225806451613,
          "median": 0.012903225806451613,
          "fine_grained_average": 0.012903225806451613,
          "coarse_grained_average": 0.012903225806451613
        },
        "length": {
          "max": 155,
          "median": 155.0,
          "fine_grained_average": 155.0,
          "coarse_grained_average": 155.0
        }
      },
      "inference_QA": {
        "BLEU": {
          "max": 0.03840614381681623,
          "median": 0.03840614381681623,
          "fine_grained_average": 0.03840614381681623,
          "coarse_grained_average": 0.03840614381681623
        },
        "F1": {
          "max": 0.18039021672742322,
          "median": 0.18039021672742322,
          "fine_grained_average": 0.18039021672742322,
          "coarse_grained_average": 0.18039021672742322
        },
        "ROUGE-1": {
          "max": 0.18039021550201273,
          "median": 0.18039021550201273,
          "fine_grained_average": 0.18039021550201273,
          "coarse_grained_average": 0.18039021550201273
        },
        "ROUGE-2": {
          "max": 0.0,
          "median": 0.0,
          "fine_grained_average": 0.0,
          "coarse_grained_average": 0.0
        },
        "ROUGE-L": {
          "max": 0.17947230494670263,
          "median": 0.17947230494670263,
          "fine_grained_average": 0.17947230494670263,
          "coarse_grained_average": 0.17947230494670263
        },
        "ACC-prefix": {
          "max": 0.25,
          "median": 0.25,
          "fine_grained_average": 0.25,
          "coarse_grained_average": 0.25
        },
        "ACC-in": {
          "max": 0.3392857142857143,
          "median": 0.3392857142857143,
          "fine_grained_average": 0.3392857142857143,
          "coarse_grained_average": 0.3392857142857143
        },
        "length": {
          "max": 112,
          "median": 112.0,
          "fine_grained_average": 112.0,
          "coarse_grained_average": 112.0
        }
      },
      "math_QA": {
        "BLEU": {
          "max": 0.008338907855895054,
          "median": 0.008338907855895054,
          "fine_grained_average": 0.008338907855895054,
          "coarse_grained_average": 0.008338907855895054
        },
        "F1": {
          "max": 0.02933793137182968,
          "median": 0.02933793137182968,
          "fine_grained_average": 0.02933793137182968,
          "coarse_grained_average": 0.02933793137182968
        },
        "ROUGE-1": {
          "max": 0.02009685205112418,
          "median": 0.02009685205112418,
          "fine_grained_average": 0.02009685205112418,
          "coarse_grained_average": 0.02009685205112418
        },
        "ROUGE-2": {
          "max": 0.0029476786376598013,
          "median": 0.0029476786376598013,
          "fine_grained_average": 0.0029476786376598013,
          "coarse_grained_average": 0.0029476786376598013
        },
        "ROUGE-L": {
          "max": 0.020507740587153968,
          "median": 0.020507740587153968,
          "fine_grained_average": 0.020507740587153968,
          "coarse_grained_average": 0.020507740587153968
        },
        "ACC-prefix": {
          "max": 0.0,
          "median": 0.0,
          "fine_grained_average": 0.0,
          "coarse_grained_average": 0.0
        },
        "ACC-in": {
          "max": 0.01694915254237288,
          "median": 0.01694915254237288,
          "fine_grained_average": 0.01694915254237288,
          "coarse_grained_average": 0.01694915254237288
        },
        "length": {
          "max": 59,
          "median": 59.0,
          "fine_grained_average": 59.0,
          "coarse_grained_average": 59.0
        }
      },
      "reading-comprehension_QA": {
        "BLEU": {
          "max": 0.19639446691860504,
          "median": 0.19639446691860504,
          "fine_grained_average": 0.19639446691860504,
          "coarse_grained_average": 0.19639446691860504
        },
        "F1": {
          "max": 0.5494324984386113,
          "median": 0.5494324984386113,
          "fine_grained_average": 0.5494324984386113,
          "coarse_grained_average": 0.5494324984386113
        },
        "ROUGE-1": {
          "max": 0.5496705901271355,
          "median": 0.5496705901271355,
          "fine_grained_average": 0.5496705901271355,
          "coarse_grained_average": 0.5496705901271355
        },
        "ROUGE-2": {
          "max": 0.2735353345443945,
          "median": 0.2735353345443945,
          "fine_grained_average": 0.2735353345443945,
          "coarse_grained_average": 0.2735353345443945
        },
        "ROUGE-L": {
          "max": 0.5410158465048867,
          "median": 0.5410158465048867,
          "fine_grained_average": 0.5410158465048867,
          "coarse_grained_average": 0.5410158465048867
        },
        "ACC-prefix": {
          "max": 0.56,
          "median": 0.56,
          "fine_grained_average": 0.56,
          "coarse_grained_average": 0.56
        },
        "ACC-in": {
          "max": 0.8266666666666667,
          "median": 0.8266666666666667,
          "fine_grained_average": 0.8266666666666667,
          "coarse_grained_average": 0.8266666666666667
        },
        "length": {
          "max": 150,
          "median": 150.0,
          "fine_grained_average": 150.0,
          "coarse_grained_average": 150.0
        }
      },
      "real-world_QA": {
        "BLEU": {
          "max": 0.0,
          "median": 0.0,
          "fine_grained_average": 0.0,
          "coarse_grained_average": 0.0
        },
        "F1": {
          "max": 0.0,
          "median": 0.0,
          "fine_grained_average": 0.0,
          "coarse_grained_average": 0.0
        },
        "ROUGE-1": {
          "max": 0.0,
          "median": 0.0,
          "fine_grained_average": 0.0,
          "coarse_grained_average": 0.0
        },
        "ROUGE-2": {
          "max": 0.0,
          "median": 0.0,
          "fine_grained_average": 0.0,
          "coarse_grained_average": 0.0
        },
        "ROUGE-L": {
          "max": 0.0,
          "median": 0.0,
          "fine_grained_average": 0.0,
          "coarse_grained_average": 0.0
        },
        "ACC-prefix": {
          "max": 0.0,
          "median": 0.0,
          "fine_grained_average": 0.0,
          "coarse_grained_average": 0.0
        },
        "ACC-in": {
          "max": 0.0,
          "median": 0.0,
          "fine_grained_average": 0.0,
          "coarse_grained_average": 0.0
        },
        "length": {
          "max": 137,
          "median": 137.0,
          "fine_grained_average": 137.0,