{
  "calculate": {
    "groups": {
      "K12_MUL": {
        "BLEU": {
          "max": 0.010945272735086515,
          "median": 0.010945272735086515,
          "fine_grained_average": 0.010945272735086515,
          "coarse_grained_average": 0.010945272735086515
        },
        "F1": {
          "max": 0.0586409009354012,
          "median": 0.0586409009354012,
          "fine_grained_average": 0.0586409009354012,
          "coarse_grained_average": 0.0586409009354012
        },
        "ROUGE-1": {
          "max": 0.0,
          "median": 0.0,
          "fine_grained_average": 0.0,
          "coarse_grained_average": 0.0
        },
        "ROUGE-2": {
          "max": 0.0,
          "median": 0.0,
          "fine_grained_average": 0.0,
          "coarse_grained_average": 0.0
        },
        "ROUGE-L": {
          "max": 0.0,
          "median": 0.0,
          "fine_grained_average": 0.0,
          "coarse_grained_average": 0.0
        },
        "ACC": {
          "max": 0.13488372093023257,
          "median": 0.13488372093023257,
          "fine_grained_average": 0.13488372093023257,
          "coarse_grained_average": 0.13488372093023257
        },
        "length": {
          "max": 645,
          "median": 645.0,
          "fine_grained_average": 645.0,
          "coarse_grained_average": 645.0
        }
      },
      "chinese-gov-test_MUL": {
        "BLEU": {
          "max": 0.008021676764189007,
          "median": 0.008021676764189007,
          "fine_grained_average": 0.008021676764189007,
          "coarse_grained_average": 0.008021676764189007
        },
        "F1": {
          "max": 0.04710450675174945,
          "median": 0.04710450675174945,
          "fine_grained_average": 0.04710450675174945,
          "coarse_grained_average": 0.04710450675174945
        },
        "ROUGE-1": {
          "max": 0.0,
          "median": 0.0,
          "fine_grained_average": 0.0,
          "coarse_grained_average": 0.0
        },
        "ROUGE-2": {
          "max": 0.0,
          "median": 0.0,
          "fine_grained_average": 0.0,
          "coarse_grained_average": 0.0
        },
        "ROUGE-L": {
          "max": 0.0,
          "median": 0.0,
          "fine_grained_average": 0.0,
          "coarse_grained_average": 0.0
        },
        "ACC": {
          "max": 0.16339869281045752,
          "median": 0.16339869281045752,
          "fine_grained_average": 0.16339869281045752,
          "coarse_grained_average": 0.16339869281045752
        },
        "length": {
          "max": 153,
          "median": 153.0,
          "fine_grained_average": 153.0,
          "coarse_grained_average": 153.0
        }
      }
    },
    "overall": {
      "BLEU": {
        "max": 0.010945272735086515,
        "median": 0.00948347474963776,
        "fine_grained_average": 0.010384733657959548,
        "coarse_grained_average": 0.00948347474963776
      },
      "F1": {
        "max": 0.0586409009354012,
        "median": 0.05287270384357533,
        "fine_grained_average": 0.05642903588515218,
        "coarse_grained_average": 0.05287270384357533
      },
      "ROUGE-1": {
        "max": 0.0,
        "median": 0.0,
        "fine_grained_average": 0.0,
        "coarse_grained_average": 0.0
      },
      "ROUGE-2": {
        "max": 0.0,
        "median": 0.0,
        "fine_grained_average": 0.0,
        "coarse_grained_average": 0.0
      },
      "ROUGE-L": {
        "max": 0.0,
        "median": 0.0,
        "fine_grained_average": 0.0,
        "coarse_grained_average": 0.0
      },
      "ACC": {
        "max": 0.16339869281045752,
        "median": 0.14914120687034504,
        "fine_grained_average": 0.14035087719298248,
        "coarse_grained_average": 0.14914120687034504
      },
      "length": {
        "max": 645,
        "median": 399.0,
        "fine_grained_average": 550.6691729323309,
        "coarse_grained_average": 399.0
      }
    }
  },
  "results": {
    "K12_MUL": {
      "K12_MUL.jsonl": {
        "BLEU": 0.010945272735086515,
        "F1": 0.0586409009354012,
        "ROUGE-1": 0.0,
        "ROUGE-2": 0.0,
        "ROUGE-L": 0.0,
        "ACC": 0.13488372093023257,
        "length": 645
      }
    },
    "chinese-gov-test_MUL": {
      "chinese-gov-test_MUL.jsonl": {
        "BLEU": 0.008021676764189007,
        "F1": 0.04710450675174945,
        "ROUGE-1": 0.0,
        "ROUGE-2": 0.0,
        "ROUGE-L": 0.0,
        "ACC": 0.16339869281045752,
        "length": 153
      }
    }
  }
}