{
  "calculate": {
    "groups": {
      "K12_MUL": {
        "BLEU": {
          "max": 0.016528396815795654,
          "median": 0.016528396815795654,
          "fine_grained_average": 0.016528396815795654,
          "coarse_grained_average": 0.016528396815795654
        },
        "F1": {
          "max": 0.09626169206658959,
          "median": 0.09626169206658959,
          "fine_grained_average": 0.09626169206658959,
          "coarse_grained_average": 0.09626169206658959
        },
        "ROUGE-1": {
          "max": 0.0,
          "median": 0.0,
          "fine_grained_average": 0.0,
          "coarse_grained_average": 0.0
        },
        "ROUGE-2": {
          "max": 0.0,
          "median": 0.0,
          "fine_grained_average": 0.0,
          "coarse_grained_average": 0.0
        },
        "ROUGE-L": {
          "max": 0.0,
          "median": 0.0,
          "fine_grained_average": 0.0,
          "coarse_grained_average": 0.0
        },
        "ACC": {
          "max": 0.20775193798449612,
          "median": 0.20775193798449612,
          "fine_grained_average": 0.20775193798449612,
          "coarse_grained_average": 0.20775193798449612
        },
        "length": {
          "max": 645,
          "median": 645.0,
          "fine_grained_average": 645.0,
          "coarse_grained_average": 645.0
        }
      },
      "chinese-gov-test_MUL": {
        "BLEU": {
          "max": 0.021343611174602845,
          "median": 0.021343611174602845,
          "fine_grained_average": 0.021343611174602845,
          "coarse_grained_average": 0.021343611174602845
        },
        "F1": {
          "max": 0.12622432329036598,
          "median": 0.12622432329036598,
          "fine_grained_average": 0.12622432329036598,
          "coarse_grained_average": 0.12622432329036598
        },
        "ROUGE-1": {
          "max": 0.0,
          "median": 0.0,
          "fine_grained_average": 0.0,
          "coarse_grained_average": 0.0
        },
        "ROUGE-2": {
          "max": 0.0,
          "median": 0.0,
          "fine_grained_average": 0.0,
          "coarse_grained_average": 0.0
        },
        "ROUGE-L": {
          "max": 0.0,
          "median": 0.0,
          "fine_grained_average": 0.0,
          "coarse_grained_average": 0.0
        },
        "ACC": {
          "max": 0.28104575163398693,
          "median": 0.28104575163398693,
          "fine_grained_average": 0.28104575163398693,
          "coarse_grained_average": 0.28104575163398693
        },
        "length": {
          "max": 153,
          "median": 153.0,
          "fine_grained_average": 153.0,
          "coarse_grained_average": 153.0
        }
      }
    },
    "overall": {
      "BLEU": {
        "max": 0.021343611174602845,
        "median": 0.01893600399519925,
        "fine_grained_average": 0.017451614606394026,
        "coarse_grained_average": 0.01893600399519925
      },
      "F1": {
        "max": 0.12622432329036598,
        "median": 0.11124300767847778,
        "fine_grained_average": 0.1020064070756595,
        "coarse_grained_average": 0.11124300767847778
      },
      "ROUGE-1": {
        "max": 0.0,
        "median": 0.0,
        "fine_grained_average": 0.0,
        "coarse_grained_average": 0.0
      },
      "ROUGE-2": {
        "max": 0.0,
        "median": 0.0,
        "fine_grained_average": 0.0,
        "coarse_grained_average": 0.0
      },
      "ROUGE-L": {
        "max": 0.0,
        "median": 0.0,
        "fine_grained_average": 0.0,
        "coarse_grained_average": 0.0
      },
      "ACC": {
        "max": 0.28104575163398693,
        "median": 0.2443988448092415,
        "fine_grained_average": 0.22180451127819548,
        "coarse_grained_average": 0.2443988448092415
      },
      "length": {
        "max": 645,
        "median": 399.0,
        "fine_grained_average": 550.6691729323309,
        "coarse_grained_average": 399.0
      }
    }
  },
  "results": {
    "K12_MUL": {
      "K12_MUL.jsonl": {
        "BLEU": 0.016528396815795654,
        "F1": 0.09626169206658959,
        "ROUGE-1": 0.0,
        "ROUGE-2": 0.0,
        "ROUGE-L": 0.0,
        "ACC": 0.20775193798449612,
        "length": 645
      }
    },
    "chinese-gov-test_MUL": {
      "chinese-gov-test_MUL.jsonl": {
        "BLEU": 0.021343611174602845,
        "F1": 0.12622432329036598,
        "ROUGE-1": 0.0,
        "ROUGE-2": 0.0,
        "ROUGE-L": 0.0,
        "ACC": 0.28104575163398693,
        "length": 153
      }
    }
  }
}