{
  "BLEU": 0.0015964019527453716,
  "F1": 0.017537810208722988,
  "ROUGE-1": 0.0,
  "ROUGE-2": 0.0,
  "ROUGE-L": 0.0,
  "ACC": 0.352,
  "length": 125
}