{
  "BLEU": 0.00045578531046140837,
  "F1": 0.053694352952338625,
  "ROUGE-1": 0.0,
  "ROUGE-2": 0.0,
  "ROUGE-L": 0.0,
  "ACC": 0.07017543859649122,
  "length": 114
}