{
  "BLEU": 0.005842629382854991,
  "F1": 0.060118298340935024,
  "ROUGE-1": 0.0,
  "ROUGE-2": 0.0,
  "ROUGE-L": 0.0,
  "ACC": 0.22137404580152673,
  "length": 131
}