{
  "BLEU": 0.00018728092930354482,
  "F1": 0.01846271605490359,
  "ROUGE-1": 0.0,
  "ROUGE-2": 0.0,
  "ROUGE-L": 0.0,
  "ACC": 0.07075471698113207,
  "length": 424
}