{
  "BLEU": 0.02223541679486384,
  "F1": 0.14208389929172577,
  "ROUGE-1": 0.0,
  "ROUGE-2": 0.0,
  "ROUGE-L": 0.0,
  "ACC": 0.2892561983471074,
  "length": 121
}