{
  "BLEU": 0.005495332147380595,
  "F1": 0.07115373285590777,
  "ROUGE-1": 0.0,
  "ROUGE-2": 0.0,
  "ROUGE-L": 0.0,
  "ACC": 0.20261437908496732,
  "length": 153
}