{
  "BLEU": 0.014253808207801385,
  "F1": 0.10784191237714476,
  "ROUGE-1": 0.10784191055937874,
  "ROUGE-2": 0.048559669824721874,
  "ROUGE-L": 0.07719056956321015,
  "ACC-prefix": 0.0,
  "ACC-in": 0.0,
  "length": 9
}