{
  "BLEU": 0.019104619505227006,
  "F1": 0.1592915946805555,
  "ROUGE-1": 0.15929159364092502,
  "ROUGE-2": 0.050964420010712906,
  "ROUGE-L": 0.10801376255578614,
  "ACC-prefix": 0.0,
  "ACC-in": 0.0,
  "length": 83
}