{
  "BLEU": 0.0007775651811742554,
  "F1": 0.005937921727395412,
  "ROUGE-1": 0.005937921612858578,
  "ROUGE-2": 0.0,
  "ROUGE-L": 0.005937921612858578,
  "ACC-prefix": 0.0,
  "ACC-in": 0.0,
  "length": 190
}