{
  "calculate": {
    "groups": {
      "K12_QA": {
        "BLEU": {
          "max": 0.03882964745673605,
          "median": 0.03882964745673605,
          "fine_grained_average": 0.03882964745673605,
          "coarse_grained_average": 0.03882964745673605
        },
        "F1": {
          "max": 0.19788744172463688,
          "median": 0.19788744172463688,
          "fine_grained_average": 0.19788744172463688,
          "coarse_grained_average": 0.19788744172463688
        },
        "ROUGE-1": {
          "max": 0.20089466866200242,
          "median": 0.20089466866200242,
          "fine_grained_average": 0.20089466866200242,
          "coarse_grained_average": 0.20089466866200242
        },
        "ROUGE-2": {
          "max": 0.054890539198924226,
          "median": 0.054890539198924226,
          "fine_grained_average": 0.054890539198924226,
          "coarse_grained_average": 0.054890539198924226
        },
        "ROUGE-L": {
          "max": 0.1828848781266633,
          "median": 0.1828848781266633,
          "fine_grained_average": 0.1828848781266633,
          "coarse_grained_average": 0.1828848781266633
        },
        "ACC-prefix": {
          "max": 0.005405405405405406,
          "median": 0.005405405405405406,
          "fine_grained_average": 0.005405405405405406,
          "coarse_grained_average": 0.005405405405405406
        },
        "ACC-in": {
          "max": 0.005405405405405406,
          "median": 0.005405405405405406,
          "fine_grained_average": 0.005405405405405406,
          "coarse_grained_average": 0.005405405405405406
        },
        "length": {
          "max": 185,
          "median": 185.0,
          "fine_grained_average": 185.0,
          "coarse_grained_average": 185.0
        }
      }
    },
    "overall": {
      "BLEU": {
        "max": 0.03882964745673605,
        "median": 0.03882964745673605,
        "fine_grained_average": 0.03882964745673605,
        "coarse_grained_average": 0.03882964745673605
      },
      "F1": {
        "max": 0.19788744172463688,
        "median": 0.19788744172463688,
        "fine_grained_average": 0.19788744172463688,
        "coarse_grained_average": 0.19788744172463688
      },
      "ROUGE-1": {
        "max": 0.20089466866200242,
        "median": 0.20089466866200242,
        "fine_grained_average": 0.20089466866200242,
        "coarse_grained_average": 0.20089466866200242
      },
      "ROUGE-2": {
        "max": 0.054890539198924226,
        "median": 0.054890539198924226,
        "fine_grained_average": 0.054890539198924226,
        "coarse_grained_average": 0.054890539198924226
      },
      "ROUGE-L": {
        "max": 0.1828848781266633,
        "median": 0.1828848781266633,
        "fine_grained_average": 0.1828848781266633,
        "coarse_grained_average": 0.1828848781266633
      },
      "ACC-prefix": {
        "max": 0.005405405405405406,
        "median": 0.005405405405405406,
        "fine_grained_average": 0.005405405405405406,
        "coarse_grained_average": 0.005405405405405406
      },
      "ACC-in": {
        "max": 0.005405405405405406,
        "median": 0.005405405405405406,
        "fine_grained_average": 0.005405405405405406,
        "coarse_grained_average": 0.005405405405405406
      },
      "length": {
        "max": 185,
        "median": 185.0,
        "fine_grained_average": 185.0,
        "coarse_grained_average": 185.0
      }
    }
  },
  "results": {
    "K12_QA": {
      "K12_QA.jsonl": {
        "BLEU": 0.03882964745673605,
        "F1": 0.19788744172463688,
        "ROUGE-1": 0.20089466866200242,
        "ROUGE-2": 0.054890539198924226,
        "ROUGE-L": 0.1828848781266633,
        "ACC-prefix": 0.005405405405405406,
        "ACC-in": 0.005405405405405406,
        "length": 185
      }
    }
  }
}