{
  "BLEU": 0.019241666518480787,
  "F1": 0.10508182601205857,
  "ROUGE-1": 0.0,
  "ROUGE-2": 0.0,
  "ROUGE-L": 0.0,
  "ACC": 0.12558139534883722,
  "length": 645
}