{
  "BLEU": 0.022309155140195585,
  "F1": 0.12483660130718956,
  "ROUGE-1": 0.0,
  "ROUGE-2": 0.0,
  "ROUGE-L": 0.0,
  "ACC": 0.1437908496732026,
  "length": 153
}