{
  "BLEU": 0.005072898186319019,
  "F1": 0.10256410256410255,
  "ROUGE-1": 0.10256410169625246,
  "ROUGE-2": 0.0,
  "ROUGE-L": 0.06837606750821829,
  "ACC-prefix": 0.0,
  "ACC-in": 0.0,
  "length": 9
}