{
  "BLEU": 0.008742890483396625,
  "F1": 0.02465417224453369,
  "ROUGE-1": 0.024654172090667198,
  "ROUGE-2": 0.007710843313349399,
  "ROUGE-L": 0.02286925464309915,
  "ACC-prefix": 0.012048192771084338,
  "ACC-in": 0.012048192771084338,
  "length": 83
}