{
  "BLEU": 0.010108820159780742,
  "F1": 0.07666666666666666,
  "ROUGE-1": 0.07666666621002924,
  "ROUGE-2": 0.0,
  "ROUGE-L": 0.07666666621002924,
  "ACC-prefix": 0.031578947368421054,
  "ACC-in": 0.031578947368421054,
  "length": 190
}