{
  "calculate": {
    "groups": {
      "commonsense-qa_MUL": {
        "BLEU": {
          "max": 0.04612063640583432,
          "median": 0.04612063640583432,
          "fine_grained_average": 0.04612063640583432,
          "coarse_grained_average": 0.04612063640583432
        },
        "F1": {
          "max": 0.2593837535014005,
          "median": 0.2593837535014005,
          "fine_grained_average": 0.2593837535014005,
          "coarse_grained_average": 0.2593837535014005
        },
        "ROUGE-1": {
          "max": 0.0,
          "median": 0.0,
          "fine_grained_average": 0.0,
          "coarse_grained_average": 0.0
        },
        "ROUGE-2": {
          "max": 0.0,
          "median": 0.0,
          "fine_grained_average": 0.0,
          "coarse_grained_average": 0.0
        },
        "ROUGE-L": {
          "max": 0.0,
          "median": 0.0,
          "fine_grained_average": 0.0,
          "coarse_grained_average": 0.0
        },
        "ACC": {
          "max": 0.2875816993464052,
          "median": 0.2875816993464052,
          "fine_grained_average": 0.2875816993464052,
          "coarse_grained_average": 0.2875816993464052
        },
        "length": {
          "max": 153,
          "median": 153.0,
          "fine_grained_average": 153.0,
          "coarse_grained_average": 153.0
        }
      },
      "logic_MUL": {
        "BLEU": {
          "max": 0.02097027606177975,
          "median": 0.02097027606177975,
          "fine_grained_average": 0.02097027606177975,
          "coarse_grained_average": 0.02097027606177975
        },
        "F1": {
          "max": 0.1179245283018868,
          "median": 0.1179245283018868,
          "fine_grained_average": 0.1179245283018868,
          "coarse_grained_average": 0.1179245283018868
        },
        "ROUGE-1": {
          "max": 0.0,
          "median": 0.0,
          "fine_grained_average": 0.0,
          "coarse_grained_average": 0.0
        },
        "ROUGE-2": {
          "max": 0.0,
          "median": 0.0,
          "fine_grained_average": 0.0,
          "coarse_grained_average": 0.0
        },
        "ROUGE-L": {
          "max": 0.0,
          "median": 0.0,
          "fine_grained_average": 0.0,
          "coarse_grained_average": 0.0
        },
        "ACC": {
          "max": 0.12028301886792453,
          "median": 0.12028301886792453,
          "fine_grained_average": 0.12028301886792453,
          "coarse_grained_average": 0.12028301886792453
        },
        "length": {
          "max": 424,
          "median": 424.0,
          "fine_grained_average": 424.0,
          "coarse_grained_average": 424.0
        }
      },
      "math_MUL": {
        "BLEU": {
          "max": 0.0405572497026421,
          "median": 0.0405572497026421,
          "fine_grained_average": 0.0405572497026421,
          "coarse_grained_average": 0.0405572497026421
        },
        "F1": {
          "max": 0.22807017543859648,
          "median": 0.22807017543859648,
          "fine_grained_average": 0.22807017543859648,
          "coarse_grained_average": 0.22807017543859648
        },
        "ROUGE-1": {
          "max": 0.0,
          "median": 0.0,
          "fine_grained_average": 0.0,
          "coarse_grained_average": 0.0
        },
        "ROUGE-2": {
          "max": 0.0,
          "median": 0.0,
          "fine_grained_average": 0.0,
          "coarse_grained_average": 0.0
        },
        "ROUGE-L": {
          "max": 0.0,
          "median": 0.0,
          "fine_grained_average": 0.0,
          "coarse_grained_average": 0.0
        },
        "ACC": {
          "max": 0.23684210526315788,
          "median": 0.23684210526315788,
          "fine_grained_average": 0.23684210526315788,
          "coarse_grained_average": 0.23684210526315788
        },
        "length": {
          "max": 114,
          "median": 114.0,
          "fine_grained_average": 114.0,
          "coarse_grained_average": 114.0
        }
      },
      "reading-comprehension_MUL": {
        "BLEU": {
          "max": 0.028594569267130054,
          "median": 0.028594569267130054,
          "fine_grained_average": 0.028594569267130054,
          "coarse_grained_average": 0.028594569267130054
        },
        "F1": {
          "max": 0.1626429550093672,
          "median": 0.1626429550093672,
          "fine_grained_average": 0.1626429550093672,
          "coarse_grained_average": 0.1626429550093672
        },
        "ROUGE-1": {
          "max": 0.0,
          "median": 0.0,
          "fine_grained_average": 0.0,
          "coarse_grained_average": 0.0
        },
        "ROUGE-2": {
          "max": 0.0,
          "median": 0.0,
          "fine_grained_average": 0.0,
          "coarse_grained_average": 0.0
        },
        "ROUGE-L": {
          "max": 0.0,
          "median": 0.0,
          "fine_grained_average": 0.0,
          "coarse_grained_average": 0.0
        },
        "ACC": {
          "max": 0.29770992366412213,
          "median": 0.29770992366412213,
          "fine_grained_average": 0.29770992366412213,
          "coarse_grained_average": 0.29770992366412213
        },
        "length": {
          "max": 131,
          "median": 131.0,
          "fine_grained_average": 131.0,
          "coarse_grained_average": 131.0
        }
      },
      "real-world_MUL": {
        "BLEU": {
          "max": 0.06117281170533894,
          "median": 0.06117281170533894,
          "fine_grained_average": 0.06117281170533894,
          "coarse_grained_average": 0.06117281170533894
        },
        "F1": {
          "max": 0.344,
          "median": 0.344,
          "fine_grained_average": 0.344,
          "coarse_grained_average": 0.344
        },
        "ROUGE-1": {
          "max": 0.0,
          "median": 0.0,
          "fine_grained_average": 0.0,
          "coarse_grained_average": 0.0
        },
        "ROUGE-2": {
          "max": 0.0,
          "median": 0.0,
          "fine_grained_average": 0.0,
          "coarse_grained_average": 0.0
        },
        "ROUGE-L": {
          "max": 0.0,
          "median": 0.0,
          "fine_grained_average": 0.0,
          "coarse_grained_average": 0.0
        },
        "ACC": {
          "max": 0.344,
          "median": 0.344,
          "fine_grained_average": 0.344,
          "coarse_grained_average": 0.344
        },
        "length": {
          "max": 125,
          "median": 125.0,
          "fine_grained_average": 125.0,
          "coarse_grained_average": 125.0
        }
      },
      "science-qa_MUL": {
        "BLEU": {
          "max": 0.052907486579670426,
          "median": 0.052907486579670426,
          "fine_grained_average": 0.052907486579670426,
          "coarse_grained_average": 0.052907486579670426
        },
        "F1": {
          "max": 0.2975206611570248,
          "median": 0.2975206611570248,
          "fine_grained_average": 0.2975206611570248,
          "coarse_grained_average": 0.2975206611570248
        },
        "ROUGE-1": {
          "max": 0.0,
          "median": 0.0,
          "fine_grained_average": 0.0,
          "coarse_grained_average": 0.0
        },
        "ROUGE-2": {
          "max": 0.0,
          "median": 0.0,
          "fine_grained_average": 0.0,
          "coarse_grained_average": 0.0
        },
        "ROUGE-L": {
          "max": 0.0,
          "median": 0.0,
          "fine_grained_average": 0.0,
          "coarse_grained_average": 0.0
        },
        "ACC": {
          "max": 0.32231404958677684,
          "median": 0.32231404958677684,
          "fine_grained_average": 0.32231404958677684,
          "coarse_grained_average": 0.32231404958677684
        },
        "length": {
          "max": 121,
          "median": 121.0,
          "fine_grained_average": 121.0,
          "coarse_grained_average": 121.0
        }
      },
      "sentimental-analysis_MUL": {
        "BLEU": {
          "max": 0.03379287464456719,
          "median": 0.03379287464456719,