{
  "BLEU": 0.003867016173031018,
  "F1": 0.08313262933503794,
  "ROUGE-1": 0.08313262880810562,
  "ROUGE-2": 0.027097680844991454,
  "ROUGE-L": 0.07348934485516068,
  "ACC-prefix": 0.0,
  "ACC-in": 0.0,
  "length": 83
}