{
  "BLEU": 9.757511740516672e-05,
  "F1": 0.013888888888888888,
  "ROUGE-1": 0.013888888368055576,
  "ROUGE-2": 0.0,
  "ROUGE-L": 0.013888888368055576,
  "ACC-prefix": 0.0,
  "ACC-in": 0.0,
  "length": 9
}