{
  "BLEU": 0.030078369575031294,
  "F1": 0.1582716049382716,
  "ROUGE-1": 0.0,
  "ROUGE-2": 0.0,
  "ROUGE-L": 0.0,
  "ACC": 0.3111111111111111,
  "length": 135
}