{
  "BLEU": 0.022678482496489266,
  "F1": 0.10857142857142858,
  "ROUGE-1": 0.0,
  "ROUGE-2": 0.0,
  "ROUGE-L": 0.0,
  "ACC": 0.34782608695652173,
  "length": 115
}