{
  "BLEU": 0.011346294659804098,
  "F1": 0.06168087586910057,
  "ROUGE-1": 0.0,
  "ROUGE-2": 0.0,
  "ROUGE-L": 0.0,
  "ACC": 0.3288590604026846,
  "length": 149
}