{
  "BLEU": 0.03024381481273908,
  "F1": 0.1736113850502177,
  "ROUGE-1": 0.0,
  "ROUGE-2": 0.0,
  "ROUGE-L": 0.0,
  "ACC": 0.5454545454545454,
  "length": 121
}