{
  "BLEU": 0.009415117455981937,
  "F1": 0.053417848614124956,
  "ROUGE-1": 0.0,
  "ROUGE-2": 0.0,
  "ROUGE-L": 0.0,
  "ACC": 0.18095238095238095,
  "length": 420
}