{
  "BLEU": 0.017788512221631327,
  "F1": 0.11086106478624173,
  "ROUGE-1": 0.0,
  "ROUGE-2": 0.0,
  "ROUGE-L": 0.0,
  "ACC": 0.3391304347826087,
  "length": 115
}