{
  "BLEU": 0.053887195919319314,
  "F1": 0.298474945533769,
  "ROUGE-1": 0.0,
  "ROUGE-2": 0.0,
  "ROUGE-L": 0.0,
  "ACC": 0.30718954248366015,
  "length": 153
}