{
  "BLEU": 0.07475773686222968,
  "F1": 0.42066189624329164,
  "ROUGE-1": 0.0,
  "ROUGE-2": 0.0,
  "ROUGE-L": 0.0,
  "ACC": 0.4232558139534884,
  "length": 645
}