{
  "BLEU": 0.24643097943728132,
  "F1": 0.6084991522528266,
  "ROUGE-1": 0.6084991483202106,
  "ROUGE-2": 0.33003609819126617,
  "ROUGE-L": 0.6056253500384408,
  "ACC-prefix": 0.7133333333333334,
  "ACC-in": 0.84,
  "length": 150
}