{
  "BLEU": 0.003920254366249897,
  "F1": 0.026071856580331156,
  "ROUGE-1": 0.013451708117230574,
  "ROUGE-2": 0.0,
  "ROUGE-L": 0.009544598274458341,
  "ACC-prefix": 0.03389830508474576,
  "ACC-in": 0.03389830508474576,
  "length": 59
}