{
  "BLEU": 0.0010914954607454167,
  "F1": 0.004866180048661801,
  "ROUGE-1": 0.004866180016220601,
  "ROUGE-2": 0.0,
  "ROUGE-L": 0.004866180016220601,
  "ACC-prefix": 0.0072992700729927005,
  "ACC-in": 0.0072992700729927005,
  "length": 137
}