{
  "BLEU": 0.014645012560485905,
  "F1": 0.11041507522619111,
  "ROUGE-1": 0.11061465040073036,
  "ROUGE-2": 0.020513404423733145,
  "ROUGE-L": 0.0970913659052809,
  "ACC-prefix": 0.0,
  "ACC-in": 0.0,
  "length": 155
}