{
  "BLEU": 0.0,
  "F1": 0.0,
  "ROUGE-1": 0.0,
  "ROUGE-2": 0.0,
  "ROUGE-L": 0.0,
  "ACC-prefix": 0.3392857142857143,
  "ACC-in": 0.3392857142857143,
  "length": 112
}