{
  "BLEU": 0.00524306972154751,
  "F1": 0.028149920255183414,
  "ROUGE-1": 0.028149920004115078,
  "ROUGE-2": 0.0,
  "ROUGE-L": 0.028149920004115078,
  "ACC-prefix": 0.010526315789473684,
  "ACC-in": 0.02631578947368421,
  "length": 190
}