{
  "BLEU": 0.00797073164634346,
  "F1": 0.12845685135227974,
  "ROUGE-1": 0.12845685048176614,
  "ROUGE-2": 0.019325669493521287,
  "ROUGE-L": 0.06681785730820843,
  "ACC-prefix": 0.0,
  "ACC-in": 0.024096385542168676,
  "length": 83
}