{
  "BLEU": 0.014428787286989493,
  "F1": 0.12744986313613765,
  "ROUGE-1": 0.12744986125292526,
  "ROUGE-2": 0.03666666557777782,
  "ROUGE-L": 0.09041282421588823,
  "ACC-prefix": 0.0,
  "ACC-in": 0.0,
  "length": 9
}