{
  "calculate": {
    "groups": {
      "K12_QA": {
        "BLEU": {
          "max": 0.007101952009062304,
          "median": 0.007101952009062304,
          "fine_grained_average": 0.007101952009062304,
          "coarse_grained_average": 0.007101952009062304
        },
        "F1": {
          "max": 0.057118796142937585,
          "median": 0.057118796142937585,
          "fine_grained_average": 0.057118796142937585,
          "coarse_grained_average": 0.057118796142937585
        },
        "ROUGE-1": {
          "max": 0.05752220120241082,
          "median": 0.05752220120241082,
          "fine_grained_average": 0.05752220120241082,
          "coarse_grained_average": 0.05752220120241082
        },
        "ROUGE-2": {
          "max": 0.010839756870218395,
          "median": 0.010839756870218395,
          "fine_grained_average": 0.010839756870218395,
          "coarse_grained_average": 0.010839756870218395
        },
        "ROUGE-L": {
          "max": 0.041694658486267286,
          "median": 0.041694658486267286,
          "fine_grained_average": 0.041694658486267286,
          "coarse_grained_average": 0.041694658486267286
        },
        "ACC-prefix": {
          "max": 0.010810810810810811,
          "median": 0.010810810810810811,
          "fine_grained_average": 0.010810810810810811,
          "coarse_grained_average": 0.010810810810810811
        },
        "ACC-in": {
          "max": 0.02702702702702703,
          "median": 0.02702702702702703,
          "fine_grained_average": 0.02702702702702703,
          "coarse_grained_average": 0.02702702702702703
        },
        "length": {
          "max": 185,
          "median": 185.0,
          "fine_grained_average": 185.0,
          "coarse_grained_average": 185.0
        }
      }
    },
    "overall": {
      "BLEU": {
        "max": 0.007101952009062304,
        "median": 0.007101952009062304,
        "fine_grained_average": 0.007101952009062304,
        "coarse_grained_average": 0.007101952009062304
      },
      "F1": {
        "max": 0.057118796142937585,
        "median": 0.057118796142937585,
        "fine_grained_average": 0.057118796142937585,
        "coarse_grained_average": 0.057118796142937585
      },
      "ROUGE-1": {
        "max": 0.05752220120241082,
        "median": 0.05752220120241082,
        "fine_grained_average": 0.05752220120241082,
        "coarse_grained_average": 0.05752220120241082
      },
      "ROUGE-2": {
        "max": 0.010839756870218395,
        "median": 0.010839756870218395,
        "fine_grained_average": 0.010839756870218395,
        "coarse_grained_average": 0.010839756870218395
      },
      "ROUGE-L": {
        "max": 0.041694658486267286,
        "median": 0.041694658486267286,
        "fine_grained_average": 0.041694658486267286,
        "coarse_grained_average": 0.041694658486267286
      },
      "ACC-prefix": {
        "max": 0.010810810810810811,
        "median": 0.010810810810810811,
        "fine_grained_average": 0.010810810810810811,
        "coarse_grained_average": 0.010810810810810811
      },
      "ACC-in": {
        "max": 0.02702702702702703,
        "median": 0.02702702702702703,
        "fine_grained_average": 0.02702702702702703,
        "coarse_grained_average": 0.02702702702702703
      },
      "length": {
        "max": 185,
        "median": 185.0,
        "fine_grained_average": 185.0,
        "coarse_grained_average": 185.0
      }
    }
  },
  "results": {
    "K12_QA": {
      "K12_QA.jsonl": {
        "BLEU": 0.007101952009062304,
        "F1": 0.057118796142937585,
        "ROUGE-1": 0.05752220120241082,
        "ROUGE-2": 0.010839756870218395,
        "ROUGE-L": 0.041694658486267286,
        "ACC-prefix": 0.010810810810810811,
        "ACC-in": 0.02702702702702703,
        "length": 185
      }
    }
  }
}