{
  "calculate": {
    "groups": {
      "math_MATH": {
        "BLEU": {
          "max": 0.002667241045767328,
          "median": 0.002667241045767328,
          "fine_grained_average": 0.002667241045767328,
          "coarse_grained_average": 0.002667241045767328
        },
        "F1": {
          "max": 0.014408793820558527,
          "median": 0.014408793820558527,
          "fine_grained_average": 0.014408793820558527,
          "coarse_grained_average": 0.014408793820558527
        },
        "ROUGE-1": {
          "max": 0.014520201903540617,
          "median": 0.014520201903540617,
          "fine_grained_average": 0.014520201903540617,
          "coarse_grained_average": 0.014520201903540617
        },
        "ROUGE-2": {
          "max": 0.0,
          "median": 0.0,
          "fine_grained_average": 0.0,
          "coarse_grained_average": 0.0
        },
        "ROUGE-L": {
          "max": 0.014141414028114483,
          "median": 0.014141414028114483,
          "fine_grained_average": 0.014141414028114483,
          "coarse_grained_average": 0.014141414028114483
        },
        "ACC": {
          "max": 0.07575757575757576,
          "median": 0.07575757575757576,
          "fine_grained_average": 0.07575757575757576,
          "coarse_grained_average": 0.07575757575757576
        },
        "length": {
          "max": 66,
          "median": 66.0,
          "fine_grained_average": 66.0,
          "coarse_grained_average": 66.0
        }
      }
    },
    "overall": {
      "BLEU": {
        "max": 0.002667241045767328,
        "median": 0.002667241045767328,
        "fine_grained_average": 0.002667241045767328,
        "coarse_grained_average": 0.002667241045767328
      },
      "F1": {
        "max": 0.014408793820558527,
        "median": 0.014408793820558527,
        "fine_grained_average": 0.014408793820558527,
        "coarse_grained_average": 0.014408793820558527
      },
      "ROUGE-1": {
        "max": 0.014520201903540617,
        "median": 0.014520201903540617,
        "fine_grained_average": 0.014520201903540617,
        "coarse_grained_average": 0.014520201903540617
      },
      "ROUGE-2": {
        "max": 0.0,
        "median": 0.0,
        "fine_grained_average": 0.0,
        "coarse_grained_average": 0.0
      },
      "ROUGE-L": {
        "max": 0.014141414028114483,
        "median": 0.014141414028114483,
        "fine_grained_average": 0.014141414028114483,
        "coarse_grained_average": 0.014141414028114483
      },
      "ACC": {
        "max": 0.07575757575757576,
        "median": 0.07575757575757576,
        "fine_grained_average": 0.07575757575757576,
        "coarse_grained_average": 0.07575757575757576
      },
      "length": {
        "max": 66,
        "median": 66.0,
        "fine_grained_average": 66.0,
        "coarse_grained_average": 66.0
      }
    }
  },
  "results": {
    "math_MATH": {
      "math_MATH.jsonl": {
        "BLEU": 0.002667241045767328,
        "F1": 0.014408793820558527,
        "ROUGE-1": 0.014520201903540617,
        "ROUGE-2": 0.0,
        "ROUGE-L": 0.014141414028114483,
        "ACC": 0.07575757575757576,
        "length": 66
      }
    }
  }
}