{
  "calculate": {
    "groups": {
      "commonsense-qa_MUL": {
        "BLEU": {
          "max": 0.04835554216463641,
          "median": 0.04835554216463641,
          "fine_grained_average": 0.04835554216463641,
          "coarse_grained_average": 0.04835554216463641
        },
        "F1": {
          "max": 0.24008714596949893,
          "median": 0.24008714596949893,
          "fine_grained_average": 0.24008714596949893,
          "coarse_grained_average": 0.24008714596949893
        },
        "ROUGE-1": {
          "max": 0.0,
          "median": 0.0,
          "fine_grained_average": 0.0,
          "coarse_grained_average": 0.0
        },
        "ROUGE-2": {
          "max": 0.0,
          "median": 0.0,
          "fine_grained_average": 0.0,
          "coarse_grained_average": 0.0
        },
        "ROUGE-L": {
          "max": 0.0,
          "median": 0.0,
          "fine_grained_average": 0.0,
          "coarse_grained_average": 0.0
        },
        "ACC": {
          "max": 0.3790849673202614,
          "median": 0.3790849673202614,
          "fine_grained_average": 0.3790849673202614,
          "coarse_grained_average": 0.3790849673202614
        },
        "length": {
          "max": 153,
          "median": 153.0,
          "fine_grained_average": 153.0,
          "coarse_grained_average": 153.0
        }
      },
      "logic_MUL": {
        "BLEU": {
          "max": 0.02217798874780801,
          "median": 0.02217798874780801,
          "fine_grained_average": 0.02217798874780801,
          "coarse_grained_average": 0.02217798874780801
        },
        "F1": {
          "max": 0.11936021263851453,
          "median": 0.11936021263851453,
          "fine_grained_average": 0.11936021263851453,
          "coarse_grained_average": 0.11936021263851453
        },
        "ROUGE-1": {
          "max": 0.0,
          "median": 0.0,
          "fine_grained_average": 0.0,
          "coarse_grained_average": 0.0
        },
        "ROUGE-2": {
          "max": 0.0,
          "median": 0.0,
          "fine_grained_average": 0.0,
          "coarse_grained_average": 0.0
        },
        "ROUGE-L": {
          "max": 0.0,
          "median": 0.0,
          "fine_grained_average": 0.0,
          "coarse_grained_average": 0.0
        },
        "ACC": {
          "max": 0.23349056603773585,
          "median": 0.23349056603773585,
          "fine_grained_average": 0.23349056603773585,
          "coarse_grained_average": 0.23349056603773585
        },
        "length": {
          "max": 424,
          "median": 424.0,
          "fine_grained_average": 424.0,
          "coarse_grained_average": 424.0
        }
      },
      "math_MUL": {
        "BLEU": {
          "max": 0.04497156988857967,
          "median": 0.04497156988857967,
          "fine_grained_average": 0.04497156988857967,
          "coarse_grained_average": 0.04497156988857967
        },
        "F1": {
          "max": 0.23391812865497075,
          "median": 0.23391812865497075,
          "fine_grained_average": 0.23391812865497075,
          "coarse_grained_average": 0.23391812865497075
        },
        "ROUGE-1": {
          "max": 0.0,
          "median": 0.0,
          "fine_grained_average": 0.0,
          "coarse_grained_average": 0.0
        },
        "ROUGE-2": {
          "max": 0.0,
          "median": 0.0,
          "fine_grained_average": 0.0,
          "coarse_grained_average": 0.0
        },
        "ROUGE-L": {
          "max": 0.0,
          "median": 0.0,
          "fine_grained_average": 0.0,
          "coarse_grained_average": 0.0
        },
        "ACC": {
          "max": 0.32456140350877194,
          "median": 0.32456140350877194,
          "fine_grained_average": 0.32456140350877194,
          "coarse_grained_average": 0.32456140350877194
        },
        "length": {
          "max": 114,
          "median": 114.0,
          "fine_grained_average": 114.0,
          "coarse_grained_average": 114.0
        }
      },
      "reading-comprehension_MUL": {
        "BLEU": {
          "max": 0.06785433907904855,
          "median": 0.06785433907904855,
          "fine_grained_average": 0.06785433907904855,
          "coarse_grained_average": 0.06785433907904855
        },
        "F1": {
          "max": 0.3683751363140676,
          "median": 0.3683751363140676,
          "fine_grained_average": 0.3683751363140676,
          "coarse_grained_average": 0.3683751363140676
        },
        "ROUGE-1": {
          "max": 0.0,
          "median": 0.0,
          "fine_grained_average": 0.0,
          "coarse_grained_average": 0.0
        },
        "ROUGE-2": {
          "max": 0.0,
          "median": 0.0,
          "fine_grained_average": 0.0,
          "coarse_grained_average": 0.0
        },
        "ROUGE-L": {
          "max": 0.0,
          "median": 0.0,
          "fine_grained_average": 0.0,
          "coarse_grained_average": 0.0
        },
        "ACC": {
          "max": 0.5572519083969466,
          "median": 0.5572519083969466,
          "fine_grained_average": 0.5572519083969466,
          "coarse_grained_average": 0.5572519083969466
        },
        "length": {
          "max": 131,
          "median": 131.0,
          "fine_grained_average": 131.0,
          "coarse_grained_average": 131.0
        }
      },
      "real-world_MUL": {
        "BLEU": {
          "max": 0.026906232184081186,
          "median": 0.026906232184081186,
          "fine_grained_average": 0.026906232184081186,
          "coarse_grained_average": 0.026906232184081186
        },
        "F1": {
          "max": 0.12319999999999999,
          "median": 0.12319999999999999,
          "fine_grained_average": 0.12319999999999999,
          "coarse_grained_average": 0.12319999999999999
        },
        "ROUGE-1": {
          "max": 0.0,
          "median": 0.0,
          "fine_grained_average": 0.0,
          "coarse_grained_average": 0.0
        },
        "ROUGE-2": {
          "max": 0.0,
          "median": 0.0,
          "fine_grained_average": 0.0,
          "coarse_grained_average": 0.0
        },
        "ROUGE-L": {
          "max": 0.0,
          "median": 0.0,
          "fine_grained_average": 0.0,
          "coarse_grained_average": 0.0
        },
        "ACC": {
          "max": 0.448,
          "median": 0.448,
          "fine_grained_average": 0.448,
          "coarse_grained_average": 0.448
        },
        "length": {
          "max": 125,
          "median": 125.0,
          "fine_grained_average": 125.0,
          "coarse_grained_average": 125.0
        }
      },
      "science-qa_MUL": {
        "BLEU": {
          "max": 0.04410266978253194,
          "median": 0.04410266978253194,
          "fine_grained_average": 0.04410266978253194,
          "coarse_grained_average": 0.04410266978253194
        },
        "F1": {
          "max": 0.2325501174674728,
          "median": 0.2325501174674728,
          "fine_grained_average": 0.2325501174674728,
          "coarse_grained_average": 0.2325501174674728
        },
        "ROUGE-1": {
          "max": 0.0,
          "median": 0.0,
          "fine_grained_average": 0.0,
          "coarse_grained_average": 0.0
        },
        "ROUGE-2": {
          "max": 0.0,
          "median": 0.0,
          "fine_grained_average": 0.0,
          "coarse_grained_average": 0.0
        },
        "ROUGE-L": {
          "max": 0.0,
          "median": 0.0,
          "fine_grained_average": 0.0,
          "coarse_grained_average": 0.0
        },
        "ACC": {
          "max": 0.5537190082644629,
          "median": 0.5537190082644629,
          "fine_grained_average": 0.5537190082644629,
          "coarse_grained_average": 0.5537190082644629
        },
        "length": {
          "max": 121,
          "median": 121.0,
          "fine_grained_average": 121.0,
          "coarse_grained_average": 121.0
        }
      },