{
  "calculate": {
    "groups": {
      "factual-qa_QA": {
        "BLEU": {
          "max": 0.016318053340632296,
          "median": 0.016318053340632296,
          "fine_grained_average": 0.016318053340632296,
          "coarse_grained_average": 0.016318053340632296
        },
        "F1": {
          "max": 0.10334980556663034,
          "median": 0.10334980556663034,
          "fine_grained_average": 0.10334980556663034,
          "coarse_grained_average": 0.10334980556663034
        },
        "ROUGE-1": {
          "max": 0.10257465099392991,
          "median": 0.10257465099392991,
          "fine_grained_average": 0.10257465099392991,
          "coarse_grained_average": 0.10257465099392991
        },
        "ROUGE-2": {
          "max": 0.01728111826617239,
          "median": 0.01728111826617239,
          "fine_grained_average": 0.01728111826617239,
          "coarse_grained_average": 0.01728111826617239
        },
        "ROUGE-L": {
          "max": 0.09330904979486888,
          "median": 0.09330904979486888,
          "fine_grained_average": 0.09330904979486888,
          "coarse_grained_average": 0.09330904979486888
        },
        "ACC-prefix": {
          "max": 0.0064516129032258064,
          "median": 0.0064516129032258064,
          "fine_grained_average": 0.0064516129032258064,
          "coarse_grained_average": 0.0064516129032258064
        },
        "ACC-in": {
          "max": 0.0064516129032258064,
          "median": 0.0064516129032258064,
          "fine_grained_average": 0.0064516129032258064,
          "coarse_grained_average": 0.0064516129032258064
        },
        "length": {
          "max": 155,
          "median": 155.0,
          "fine_grained_average": 155.0,
          "coarse_grained_average": 155.0
        }
      },
      "inference_QA": {
        "BLEU": {
          "max": 0.037282271444658045,
          "median": 0.037282271444658045,
          "fine_grained_average": 0.037282271444658045,
          "coarse_grained_average": 0.037282271444658045
        },
        "F1": {
          "max": 0.1776785714285714,
          "median": 0.1776785714285714,
          "fine_grained_average": 0.1776785714285714,
          "coarse_grained_average": 0.1776785714285714
        },
        "ROUGE-1": {
          "max": 0.18571428446369048,
          "median": 0.18571428446369048,
          "fine_grained_average": 0.18571428446369048,
          "coarse_grained_average": 0.18571428446369048
        },
        "ROUGE-2": {
          "max": 0.0,
          "median": 0.0,
          "fine_grained_average": 0.0,
          "coarse_grained_average": 0.0
        },
        "ROUGE-L": {
          "max": 0.18571428446369048,
          "median": 0.18571428446369048,
          "fine_grained_average": 0.18571428446369048,
          "coarse_grained_average": 0.18571428446369048
        },
        "ACC-prefix": {
          "max": 0.25892857142857145,
          "median": 0.25892857142857145,
          "fine_grained_average": 0.25892857142857145,
          "coarse_grained_average": 0.25892857142857145
        },
        "ACC-in": {
          "max": 0.3125,
          "median": 0.3125,
          "fine_grained_average": 0.3125,
          "coarse_grained_average": 0.3125
        },
        "length": {
          "max": 112,
          "median": 112.0,
          "fine_grained_average": 112.0,
          "coarse_grained_average": 112.0
        }
      },
      "math_QA": {
        "BLEU": {
          "max": 0.022105288123152374,
          "median": 0.022105288123152374,
          "fine_grained_average": 0.022105288123152374,
          "coarse_grained_average": 0.022105288123152374
        },
        "F1": {
          "max": 0.10766351738435487,
          "median": 0.10766351738435487,
          "fine_grained_average": 0.10766351738435487,
          "coarse_grained_average": 0.10766351738435487
        },
        "ROUGE-1": {
          "max": 0.08992466975296089,
          "median": 0.08992466975296089,
          "fine_grained_average": 0.08992466975296089,
          "coarse_grained_average": 0.08992466975296089
        },
        "ROUGE-2": {
          "max": 0.01232665631040762,
          "median": 0.01232665631040762,
          "fine_grained_average": 0.01232665631040762,
          "coarse_grained_average": 0.01232665631040762
        },
        "ROUGE-L": {
          "max": 0.08450406289948663,
          "median": 0.08450406289948663,
          "fine_grained_average": 0.08450406289948663,
          "coarse_grained_average": 0.08450406289948663
        },
        "ACC-prefix": {
          "max": 0.01694915254237288,
          "median": 0.01694915254237288,
          "fine_grained_average": 0.01694915254237288,
          "coarse_grained_average": 0.01694915254237288
        },
        "ACC-in": {
          "max": 0.06779661016949153,
          "median": 0.06779661016949153,
          "fine_grained_average": 0.06779661016949153,
          "coarse_grained_average": 0.06779661016949153
        },
        "length": {
          "max": 59,
          "median": 59.0,
          "fine_grained_average": 59.0,
          "coarse_grained_average": 59.0
        }
      },
      "reading-comprehension_QA": {
        "BLEU": {
          "max": 0.2201006538256469,
          "median": 0.2201006538256469,
          "fine_grained_average": 0.2201006538256469,
          "coarse_grained_average": 0.2201006538256469
        },
        "F1": {
          "max": 0.5516107377897606,
          "median": 0.5516107377897606,
          "fine_grained_average": 0.5516107377897606,
          "coarse_grained_average": 0.5516107377897606
        },
        "ROUGE-1": {
          "max": 0.556991279541998,
          "median": 0.556991279541998,
          "fine_grained_average": 0.556991279541998,
          "coarse_grained_average": 0.556991279541998
        },
        "ROUGE-2": {
          "max": 0.3122428837551255,
          "median": 0.3122428837551255,
          "fine_grained_average": 0.3122428837551255,
          "coarse_grained_average": 0.3122428837551255
        },
        "ROUGE-L": {
          "max": 0.5509664445986414,
          "median": 0.5509664445986414,
          "fine_grained_average": 0.5509664445986414,
          "coarse_grained_average": 0.5509664445986414
        },
        "ACC-prefix": {
          "max": 0.5733333333333334,
          "median": 0.5733333333333334,
          "fine_grained_average": 0.5733333333333334,
          "coarse_grained_average": 0.5733333333333334
        },
        "ACC-in": {
          "max": 0.74,
          "median": 0.74,
          "fine_grained_average": 0.74,
          "coarse_grained_average": 0.74
        },
        "length": {
          "max": 150,
          "median": 150.0,
          "fine_grained_average": 150.0,
          "coarse_grained_average": 150.0
        }
      },
      "real-world_QA": {
        "BLEU": {
          "max": 0.053580633278746875,
          "median": 0.053580633278746875,
          "fine_grained_average": 0.053580633278746875,
          "coarse_grained_average": 0.053580633278746875
        },
        "F1": {
          "max": 0.2152241918665276,
          "median": 0.2152241918665276,
          "fine_grained_average": 0.2152241918665276,
          "coarse_grained_average": 0.2152241918665276
        },
        "ROUGE-1": {
          "max": 0.21522419042934604,
          "median": 0.21522419042934604,
          "fine_grained_average": 0.21522419042934604,
          "coarse_grained_average": 0.21522419042934604
        },
        "ROUGE-2": {
          "max": 0.05839416018686132,
          "median": 0.05839416018686132,
          "fine_grained_average": 0.05839416018686132,
          "coarse_grained_average": 0.05839416018686132
        },
        "ROUGE-L": {
          "max": 0.21522419042934604,
          "median": 0.21522419042934604,
          "fine_grained_average": 0.21522419042934604,
          "coarse_grained_average": 0.21522419042934604
        },