{
  "BLEU": 0.016384202194005878,
  "F1": 0.09184265010351968,
  "ROUGE-1": 0.0,
  "ROUGE-2": 0.0,
  "ROUGE-L": 0.0,
  "ACC": 0.21739130434782608,
  "length": 115
}