{
  "BLEU": 0.03505682228417623,
  "F1": 0.18282828282828284,
  "ROUGE-1": 0.0,
  "ROUGE-2": 0.0,
  "ROUGE-L": 0.0,
  "ACC": 0.23703703703703705,
  "length": 135
}