{
  "BLEU": 0.00829698072300201,
  "F1": 0.04859441352298495,
  "ROUGE-1": 0.0,
  "ROUGE-2": 0.0,
  "ROUGE-L": 0.0,
  "ACC": 0.0880952380952381,
  "length": 420
}