{
  "BLEU": 0.03368168820763529,
  "F1": 0.1778539642176006,
  "ROUGE-1": 0.0,
  "ROUGE-2": 0.0,
  "ROUGE-L": 0.0,
  "ACC": 0.256198347107438,
  "length": 121
}