{
  "BLEU": 0.023279267956283527,
  "F1": 0.1233013363448146,
  "ROUGE-1": 0.0,
  "ROUGE-2": 0.0,
  "ROUGE-L": 0.0,
  "ACC": 0.2,
  "length": 115
}