{
  "BLEU": 0.02198422425891557,
  "F1": 0.11866138433106625,
  "ROUGE-1": 0.0,
  "ROUGE-2": 0.0,
  "ROUGE-L": 0.0,
  "ACC": 0.16778523489932887,
  "length": 149
}