{
  "BLEU": 0.006158139011645283,
  "F1": 0.03237163255356029,
  "ROUGE-1": 0.0,
  "ROUGE-2": 0.0,
  "ROUGE-L": 0.0,
  "ACC": 0.05581395348837209,
  "length": 645
}