{
  "BLEU": 0.006763926822704185,
  "F1": 0.03604172910412826,
  "ROUGE-1": 0.0,
  "ROUGE-2": 0.0,
  "ROUGE-L": 0.0,
  "ACC": 0.0784313725490196,
  "length": 153
}