{
  "BLEU": 0.00619649873848048,
  "F1": 0.08253968253968254,
  "ROUGE-1": 0.08253968161950115,
  "ROUGE-2": 0.03065134055225261,
  "ROUGE-L": 0.06031745939727892,
  "ACC-prefix": 0.0,
  "ACC-in": 0.0,
  "length": 9
}