{
  "BLEU": 0.012016091755320885,
  "F1": 0.09194308704326348,
  "ROUGE-1": 0.09194308633622114,
  "ROUGE-2": 0.0277555362412273,
  "ROUGE-L": 0.07770245761771488,
  "ACC-prefix": 0.012048192771084338,
  "ACC-in": 0.024096385542168676,
  "length": 83
}