{
  "BLEU": 0.00453776205799601,
  "F1": 0.028378370174234814,
  "ROUGE-1": 0.0,
  "ROUGE-2": 0.0,
  "ROUGE-L": 0.0,
  "ACC": 0.09922480620155039,
  "length": 645
}