{
  "BLEU": 0.006849850466797205,
  "F1": 0.04228191143102678,
  "ROUGE-1": 0.0,
  "ROUGE-2": 0.0,
  "ROUGE-L": 0.0,
  "ACC": 0.1895424836601307,
  "length": 153
}