{
  "BLEU": 0.010637459798700327,
  "F1": 0.062206094559035745,
  "ROUGE-1": 0.0,
  "ROUGE-2": 0.0,
  "ROUGE-L": 0.0,
  "ACC": 0.16993464052287582,
  "length": 153
}