{
  "BLEU": 0.010720305472479418,
  "F1": 0.06550883399953798,
  "ROUGE-1": 0.0,
  "ROUGE-2": 0.0,
  "ROUGE-L": 0.0,
  "ACC": 0.19689922480620156,
  "length": 645
}