{
  "BLEU": 0.008105109879470856,
  "F1": 0.04974565812365764,
  "ROUGE-1": 0.0,
  "ROUGE-2": 0.0,
  "ROUGE-L": 0.0,
  "ACC": 0.06190476190476191,
  "length": 420
}