{
  "BLEU": 0.011289565307996678,
  "F1": 0.0606060606060606,
  "ROUGE-1": 0.0,
  "ROUGE-2": 0.0,
  "ROUGE-L": 0.0,
  "ACC": 0.10743801652892562,
  "length": 121
}