{
  "BLEU": 0.011022318306723615,
  "F1": 0.059124320869287296,
  "ROUGE-1": 0.0,
  "ROUGE-2": 0.0,
  "ROUGE-L": 0.0,
  "ACC": 0.12080536912751678,
  "length": 149
}