{
  "BLEU": 0.005738130368440724,
  "F1": 0.029565217391304348,
  "ROUGE-1": 0.0,
  "ROUGE-2": 0.0,
  "ROUGE-L": 0.0,
  "ACC": 0.26956521739130435,
  "length": 115
}