{
  "BLEU": 0.019758660111543584,
  "F1": 0.1111111111111111,
  "ROUGE-1": 0.0,
  "ROUGE-2": 0.0,
  "ROUGE-L": 0.0,
  "ACC": 0.17777777777777778,
  "length": 135
}