{
  "BLEU": 0.016933796830384488,
  "F1": 0.08530020703933748,
  "ROUGE-1": 0.0,
  "ROUGE-2": 0.0,
  "ROUGE-L": 0.0,
  "ACC": 0.12173913043478261,
  "length": 115
}