{
  "calculate": {
    "groups": {
      "commonsense-qa_MUL": {
        "BLEU": {
          "max": 0.05170694052243074,
          "median": 0.05170694052243074,
          "fine_grained_average": 0.05170694052243074,
          "coarse_grained_average": 0.05170694052243074
        },
        "F1": {
          "max": 0.2934598081656905,
          "median": 0.2934598081656905,
          "fine_grained_average": 0.2934598081656905,
          "coarse_grained_average": 0.2934598081656905
        },
        "ROUGE-1": {
          "max": 0.0,
          "median": 0.0,
          "fine_grained_average": 0.0,
          "coarse_grained_average": 0.0
        },
        "ROUGE-2": {
          "max": 0.0,
          "median": 0.0,
          "fine_grained_average": 0.0,
          "coarse_grained_average": 0.0
        },
        "ROUGE-L": {
          "max": 0.0,
          "median": 0.0,
          "fine_grained_average": 0.0,
          "coarse_grained_average": 0.0
        },
        "ACC": {
          "max": 0.3006535947712418,
          "median": 0.3006535947712418,
          "fine_grained_average": 0.3006535947712418,
          "coarse_grained_average": 0.3006535947712418
        },
        "length": {
          "max": 153,
          "median": 153.0,
          "fine_grained_average": 153.0,
          "coarse_grained_average": 153.0
        }
      },
      "logic_MUL": {
        "BLEU": {
          "max": 0.03509436388701717,
          "median": 0.03509436388701717,
          "fine_grained_average": 0.03509436388701717,
          "coarse_grained_average": 0.03509436388701717
        },
        "F1": {
          "max": 0.20065194012076706,
          "median": 0.20065194012076706,
          "fine_grained_average": 0.20065194012076706,
          "coarse_grained_average": 0.20065194012076706
        },
        "ROUGE-1": {
          "max": 0.0,
          "median": 0.0,
          "fine_grained_average": 0.0,
          "coarse_grained_average": 0.0
        },
        "ROUGE-2": {
          "max": 0.0,
          "median": 0.0,
          "fine_grained_average": 0.0,
          "coarse_grained_average": 0.0
        },
        "ROUGE-L": {
          "max": 0.0,
          "median": 0.0,
          "fine_grained_average": 0.0,
          "coarse_grained_average": 0.0
        },
        "ACC": {
          "max": 0.20754716981132076,
          "median": 0.20754716981132076,
          "fine_grained_average": 0.20754716981132076,
          "coarse_grained_average": 0.20754716981132076
        },
        "length": {
          "max": 424,
          "median": 424.0,
          "fine_grained_average": 424.0,
          "coarse_grained_average": 424.0
        }
      },
      "math_MUL": {
        "BLEU": {
          "max": 0.013767149734257996,
          "median": 0.013767149734257996,
          "fine_grained_average": 0.013767149734257996,
          "coarse_grained_average": 0.013767149734257996
        },
        "F1": {
          "max": 0.08296270777037339,
          "median": 0.08296270777037339,
          "fine_grained_average": 0.08296270777037339,
          "coarse_grained_average": 0.08296270777037339
        },
        "ROUGE-1": {
          "max": 0.0,
          "median": 0.0,
          "fine_grained_average": 0.0,
          "coarse_grained_average": 0.0
        },
        "ROUGE-2": {
          "max": 0.0,
          "median": 0.0,
          "fine_grained_average": 0.0,
          "coarse_grained_average": 0.0
        },
        "ROUGE-L": {
          "max": 0.0,
          "median": 0.0,
          "fine_grained_average": 0.0,
          "coarse_grained_average": 0.0
        },
        "ACC": {
          "max": 0.13157894736842105,
          "median": 0.13157894736842105,
          "fine_grained_average": 0.13157894736842105,
          "coarse_grained_average": 0.13157894736842105
        },
        "length": {
          "max": 114,
          "median": 114.0,
          "fine_grained_average": 114.0,
          "coarse_grained_average": 114.0
        }
      },
      "reading-comprehension_MUL": {
        "BLEU": {
          "max": 0.03823713357146876,
          "median": 0.03823713357146876,
          "fine_grained_average": 0.03823713357146876,
          "coarse_grained_average": 0.03823713357146876
        },
        "F1": {
          "max": 0.2174789965121786,
          "median": 0.2174789965121786,
          "fine_grained_average": 0.2174789965121786,
          "coarse_grained_average": 0.2174789965121786
        },
        "ROUGE-1": {
          "max": 0.0,
          "median": 0.0,
          "fine_grained_average": 0.0,
          "coarse_grained_average": 0.0
        },
        "ROUGE-2": {
          "max": 0.0,
          "median": 0.0,
          "fine_grained_average": 0.0,
          "coarse_grained_average": 0.0
        },
        "ROUGE-L": {
          "max": 0.0,
          "median": 0.0,
          "fine_grained_average": 0.0,
          "coarse_grained_average": 0.0
        },
        "ACC": {
          "max": 0.3053435114503817,
          "median": 0.3053435114503817,
          "fine_grained_average": 0.3053435114503817,
          "coarse_grained_average": 0.3053435114503817
        },
        "length": {
          "max": 131,
          "median": 131.0,
          "fine_grained_average": 131.0,
          "coarse_grained_average": 131.0
        }
      },
      "real-world_MUL": {
        "BLEU": {
          "max": 0.018937628786498694,
          "median": 0.018937628786498694,
          "fine_grained_average": 0.018937628786498694,
          "coarse_grained_average": 0.018937628786498694
        },
        "F1": {
          "max": 0.10084803312629398,
          "median": 0.10084803312629398,
          "fine_grained_average": 0.10084803312629398,
          "coarse_grained_average": 0.10084803312629398
        },
        "ROUGE-1": {
          "max": 0.0,
          "median": 0.0,
          "fine_grained_average": 0.0,
          "coarse_grained_average": 0.0
        },
        "ROUGE-2": {
          "max": 0.0,
          "median": 0.0,
          "fine_grained_average": 0.0,
          "coarse_grained_average": 0.0
        },
        "ROUGE-L": {
          "max": 0.0,
          "median": 0.0,
          "fine_grained_average": 0.0,
          "coarse_grained_average": 0.0
        },
        "ACC": {
          "max": 0.312,
          "median": 0.312,
          "fine_grained_average": 0.312,
          "coarse_grained_average": 0.312
        },
        "length": {
          "max": 125,
          "median": 125.0,
          "fine_grained_average": 125.0,
          "coarse_grained_average": 125.0
        }
      },
      "science-qa_MUL": {
        "BLEU": {
          "max": 0.03660814545881773,
          "median": 0.03660814545881773,
          "fine_grained_average": 0.03660814545881773,
          "coarse_grained_average": 0.03660814545881773
        },
        "F1": {
          "max": 0.2114593395585131,
          "median": 0.2114593395585131,
          "fine_grained_average": 0.2114593395585131,
          "coarse_grained_average": 0.2114593395585131
        },
        "ROUGE-1": {
          "max": 0.0,
          "median": 0.0,
          "fine_grained_average": 0.0,
          "coarse_grained_average": 0.0
        },
        "ROUGE-2": {
          "max": 0.0,
          "median": 0.0,
          "fine_grained_average": 0.0,
          "coarse_grained_average": 0.0
        },
        "ROUGE-L": {
          "max": 0.0,
          "median": 0.0,
          "fine_grained_average": 0.0,
          "coarse_grained_average": 0.0
        },
        "ACC": {
          "max": 0.2231404958677686,
          "median": 0.2231404958677686,
          "fine_grained_average": 0.2231404958677686,
          "coarse_grained_average": 0.2231404958677686
        },
        "length": {
          "max": 121,
          "median": 121.0,
          "fine_grained_average": 121.0,
          "coarse_grained_average": 121.0
        }
      },