{
  "BLEU": 0.06978128253098687,
  "F1": 0.2609337042634775,
  "ROUGE-1": 0.2641794874480796,
  "ROUGE-2": 0.09475140196202543,
  "ROUGE-L": 0.23817863585807633,
  "ACC-prefix": 0.07027027027027027,
  "ACC-in": 0.07567567567567568,
  "length": 185
}